******* Using Python version: 3.12.3
Time taken for wheel: 0.12
The /dev/input/event0 is the path and shanwan Android GamePad is the name of the device.

Webcam opened
Time taken for cam: 1.44
The devices are connected

The event throttle: 0.00392156862745098
----------------------------------------------------------
[sterr,brake,accel] Logical time: 3492.05 
[sterr,brake,accel] Physical time: 3492.37 
[sterr,brake,accel] LAG: 0.31 
----------------------------------------------------------
[DRIVER STATE] accel=0.0 brake=0.00392156862745098
----------------------------------------------------------
[DRIVER REACTION 1] Logical time: 3492.05 
[DRIVER REACTION 1] Physical time: 3493.13 
[DRIVER REACTION 1] LAG: 1.08 
----------------------------------------------------------
The event throttle: 0.0
The event throttle: 0.00392156862745098
----------------------------------------------------------
[sterr,brake,accel] Logical time: 3515.87 
[sterr,brake,accel] Physical time: 3516.12 
[sterr,brake,accel] LAG: 0.25 
----------------------------------------------------------
[DRIVER STATE] accel=0.0 brake=0.00392156862745098
----------------------------------------------------------
[DRIVER REACTION 1] Logical time: 3515.87 
[DRIVER REACTION 1] Physical time: 3516.69 
[DRIVER REACTION 1] LAG: 0.82 
----------------------------------------------------------
The event throttle: 0.0
----------------------------------------------------------
[sterr,brake,accel] Logical time: 3620.07 
[sterr,brake,accel] Physical time: 3620.38 
[sterr,brake,accel] LAG: 0.31 
----------------------------------------------------------
[DRIVER STATE] accel=0.0 brake=0.0
----------------------------------------------------------
[DRIVER REACTION 1] Logical time: 3620.07 
[DRIVER REACTION 1] Physical time: 3621.20 
[DRIVER REACTION 1] LAG: 1.14 
----------------------------------------------------------
The event throttle: 0.00784313725490196
----------------------------------------------------------
[sterr,brake,accel] Logical time: 3796.12 
[sterr,brake,accel] Physical time: 3796.44 
[sterr,brake,accel] LAG: 0.32 
----------------------------------------------------------
[DRIVER STATE] accel=0.0 brake=0.00784313725490196
----------------------------------------------------------
[DRIVER REACTION 1] Logical time: 3796.12 
[DRIVER REACTION 1] Physical time: 3797.28 
[DRIVER REACTION 1] LAG: 1.16 
----------------------------------------------------------
The event throttle: 0.011764705882352941
The event throttle: 0.023529411764705882
----------------------------------------------------------
[sterr,brake,accel] Logical time: 3819.86 
[sterr,brake,accel] Physical time: 3820.13 
[sterr,brake,accel] LAG: 0.27 
----------------------------------------------------------
[DRIVER STATE] accel=0.0 brake=0.023529411764705882
----------------------------------------------------------
[DRIVER REACTION 1] Logical time: 3819.86 
[DRIVER REACTION 1] Physical time: 3820.75 
[DRIVER REACTION 1] LAG: 0.89 
----------------------------------------------------------
The event throttle: 0.03137254901960784
The event throttle: 0.050980392156862744
The event throttle: 0.07450980392156863
----------------------------------------------------------
[sterr,brake,accel] Logical time: 3843.74 
[sterr,brake,accel] Physical time: 3844.00 
[sterr,brake,accel] LAG: 0.26 
----------------------------------------------------------
[DRIVER STATE] accel=0.0 brake=0.07450980392156863
----------------------------------------------------------
[DRIVER REACTION 1] Logical time: 3843.74 
[DRIVER REACTION 1] Physical time: 3844.56 
[DRIVER REACTION 1] LAG: 0.81 
----------------------------------------------------------
The event throttle: 0.08627450980392157
The event throttle: 0.11764705882352941
The event throttle: 0.1411764705882353
----------------------------------------------------------
[sterr,brake,accel] Logical time: 3867.84 
[sterr,brake,accel] Physical time: 3868.10 
[sterr,brake,accel] LAG: 0.26 
----------------------------------------------------------
[DRIVER STATE] accel=0.0 brake=0.1411764705882353
----------------------------------------------------------
[DRIVER REACTION 1] Logical time: 3867.84 
[DRIVER REACTION 1] Physical time: 3868.71 
[DRIVER REACTION 1] LAG: 0.87 
----------------------------------------------------------
The event throttle: 0.17647058823529413
The event throttle: 0.2196078431372549
The event throttle: 0.23921568627450981
----------------------------------------------------------
[sterr,brake,accel] Logical time: 3891.73 
[sterr,brake,accel] Physical time: 3891.95 
[sterr,brake,accel] LAG: 0.22 
----------------------------------------------------------
[DRIVER STATE] accel=0.0 brake=0.23921568627450981
----------------------------------------------------------
[DRIVER REACTION 1] Logical time: 3891.73 
[DRIVER REACTION 1] Physical time: 3892.44 
[DRIVER REACTION 1] LAG: 0.71 
----------------------------------------------------------
The event throttle: 0.2784313725490196
The event throttle: 0.29411764705882354
The event throttle: 0.3411764705882353
----------------------------------------------------------
[sterr,brake,accel] Logical time: 3915.71 
[sterr,brake,accel] Physical time: 3915.97 
[sterr,brake,accel] LAG: 0.26 
----------------------------------------------------------
[DRIVER STATE] accel=0.0 brake=0.3411764705882353
----------------------------------------------------------
[DRIVER REACTION 1] Logical time: 3915.71 
[DRIVER REACTION 1] Physical time: 3916.59 
[DRIVER REACTION 1] LAG: 0.88 
----------------------------------------------------------
The event throttle: 0.3843137254901961
The event throttle: 0.403921568627451
The event throttle: 0.43529411764705883
----------------------------------------------------------
[sterr,brake,accel] Logical time: 3939.90 
[sterr,brake,accel] Physical time: 3940.12 
[sterr,brake,accel] LAG: 0.22 
----------------------------------------------------------
[DRIVER STATE] accel=0.0 brake=0.43529411764705883
----------------------------------------------------------
[DRIVER REACTION 1] Logical time: 3939.90 
[DRIVER REACTION 1] Physical time: 3940.64 
[DRIVER REACTION 1] LAG: 0.74 
----------------------------------------------------------
The event throttle: 0.4549019607843137
The event throttle: 0.4823529411764706
The event throttle: 0.5019607843137255
----------------------------------------------------------
[sterr,brake,accel] Logical time: 3963.84 
[sterr,brake,accel] Physical time: 3964.07 
[sterr,brake,accel] LAG: 0.23 
----------------------------------------------------------
[DRIVER STATE] accel=0.0 brake=0.5019607843137255
----------------------------------------------------------
[DRIVER REACTION 1] Logical time: 3963.84 
[DRIVER REACTION 1] Physical time: 3964.59 
[DRIVER REACTION 1] LAG: 0.75 
----------------------------------------------------------
The event throttle: 0.5098039215686274
The event throttle: 0.5254901960784314
The event throttle: 0.5294117647058824
----------------------------------------------------------
[sterr,brake,accel] Logical time: 3987.85 
[sterr,brake,accel] Physical time: 3988.07 
[sterr,brake,accel] LAG: 0.23 
----------------------------------------------------------
[DRIVER STATE] accel=0.0 brake=0.5294117647058824
----------------------------------------------------------
[DRIVER REACTION 1] Logical time: 3987.85 
[DRIVER REACTION 1] Physical time: 3988.60 
[DRIVER REACTION 1] LAG: 0.75 
----------------------------------------------------------
The event throttle: 0.5333333333333333
[DEVICE READER CAM read] Physical time: 4007.71 
[DEVICE READER CAM read] LAG: 7.71 
----------------------------------------------------------
[DEVICE READER CAM TIMER] Logical time: 4000.00 
[DEVICE READER CAM TIMER] Physical time: 4007.95 
[DEVICE READER CAM TIMER] LAG: 7.95 
----------------------------------------------------------
----------------------------------------------------------
[DRIVER] Logical time: 4000.00 
[DRIVER] Physical time: 4008.48 
[DRIVER] LAG: 8.48 
----------------------------------------------------------
The event throttle: 0.5294117647058824
----------------------------------------------------------
[sterr,brake,accel] Logical time: 4027.96 
[sterr,brake,accel] Physical time: 4028.24 
[sterr,brake,accel] LAG: 0.27 
----------------------------------------------------------
[DRIVER STATE] accel=0.0 brake=0.5294117647058824
----------------------------------------------------------
[DRIVER REACTION 1] Logical time: 4027.96 
[DRIVER REACTION 1] Physical time: 4028.98 
[DRIVER REACTION 1] LAG: 1.01 
----------------------------------------------------------
The event throttle: 0.5215686274509804
The event throttle: 0.5019607843137255
The event throttle: 0.49411764705882355
----------------------------------------------------------
[sterr,brake,accel] Logical time: 4051.85 
[sterr,brake,accel] Physical time: 4052.11 
[sterr,brake,accel] LAG: 0.26 
----------------------------------------------------------
[DRIVER STATE] accel=0.0 brake=0.49411764705882355
----------------------------------------------------------
[DRIVER REACTION 1] Logical time: 4051.85 
[DRIVER REACTION 1] Physical time: 4052.73 
[DRIVER REACTION 1] LAG: 0.88 
----------------------------------------------------------
The event throttle: 0.4627450980392157
The event throttle: 0.4470588235294118
The event throttle: 0.41568627450980394
----------------------------------------------------------
[sterr,brake,accel] Logical time: 4075.82 
[sterr,brake,accel] Physical time: 4076.07 
[sterr,brake,accel] LAG: 0.25 
----------------------------------------------------------
[DRIVER STATE] accel=0.0 brake=0.41568627450980394
----------------------------------------------------------
[DRIVER REACTION 1] Logical time: 4075.82 
[DRIVER REACTION 1] Physical time: 4076.64 
[DRIVER REACTION 1] LAG: 0.82 
----------------------------------------------------------
The event throttle: 0.3803921568627451
The event throttle: 0.3568627450980392
The event throttle: 0.3215686274509804
----------------------------------------------------------
[sterr,brake,accel] Logical time: 4099.83 
[sterr,brake,accel] Physical time: 4100.06 
[sterr,brake,accel] LAG: 0.23 
----------------------------------------------------------
[DRIVER STATE] accel=0.0 brake=0.3215686274509804
----------------------------------------------------------
[DRIVER REACTION 1] Logical time: 4099.83 
[DRIVER REACTION 1] Physical time: 4100.57 
[DRIVER REACTION 1] LAG: 0.74 
----------------------------------------------------------
----------------------------------------------------------
[DRIVER] Logical time: 4100.00 
[DRIVER] Physical time: 4101.04 
[DRIVER] LAG: 1.04 
----------------------------------------------------------
The event throttle: 0.30196078431372547
The event throttle: 0.27450980392156865
The event throttle: 0.23921568627450981
----------------------------------------------------------
[sterr,brake,accel] Logical time: 4123.76 
[sterr,brake,accel] Physical time: 4124.00 
[sterr,brake,accel] LAG: 0.24 
----------------------------------------------------------
[DRIVER STATE] accel=0.0 brake=0.23921568627450981
----------------------------------------------------------
[DRIVER REACTION 1] Logical time: 4123.76 
[DRIVER REACTION 1] Physical time: 4124.50 
[DRIVER REACTION 1] LAG: 0.74 
----------------------------------------------------------
The event throttle: 0.2235294117647059
The event throttle: 0.18823529411764706
The event throttle: 0.17254901960784313
----------------------------------------------------------
[sterr,brake,accel] Logical time: 4147.84 
[sterr,brake,accel] Physical time: 4148.09 
[sterr,brake,accel] LAG: 0.25 
----------------------------------------------------------
[DRIVER STATE] accel=0.0 brake=0.17254901960784313
----------------------------------------------------------
[DRIVER REACTION 1] Logical time: 4147.84 
[DRIVER REACTION 1] Physical time: 4148.67 
[DRIVER REACTION 1] LAG: 0.83 
----------------------------------------------------------
The event throttle: 0.1411764705882353
The event throttle: 0.10980392156862745
The event throttle: 0.09803921568627451
----------------------------------------------------------
[sterr,brake,accel] Logical time: 4171.85 
[sterr,brake,accel] Physical time: 4172.09 
[sterr,brake,accel] LAG: 0.24 
----------------------------------------------------------
[DRIVER STATE] accel=0.0 brake=0.09803921568627451
----------------------------------------------------------
[DRIVER REACTION 1] Logical time: 4171.85 
[DRIVER REACTION 1] Physical time: 4172.57 
[DRIVER REACTION 1] LAG: 0.73 
----------------------------------------------------------
The event throttle: 0.07450980392156863
The event throttle: 0.06274509803921569
The event throttle: 0.043137254901960784
----------------------------------------------------------
[sterr,brake,accel] Logical time: 4195.82 
[sterr,brake,accel] Physical time: 4196.06 
[sterr,brake,accel] LAG: 0.24 
----------------------------------------------------------
[DRIVER STATE] accel=0.0 brake=0.043137254901960784
----------------------------------------------------------
[DRIVER REACTION 1] Logical time: 4195.82 
[DRIVER REACTION 1] Physical time: 4196.60 
[DRIVER REACTION 1] LAG: 0.78 
----------------------------------------------------------
The event throttle: 0.03529411764705882
[DEVICE READER CAM read] Physical time: 4208.29 
[DEVICE READER CAM read] LAG: 8.29 
----------------------------------------------------------
[DEVICE READER CAM TIMER] Logical time: 4200.00 
[DEVICE READER CAM TIMER] Physical time: 4208.46 
[DEVICE READER CAM TIMER] LAG: 8.46 
----------------------------------------------------------
----------------------------------------------------------
[DRIVER] Logical time: 4200.00 
[DRIVER] Physical time: 4208.88 
[DRIVER] LAG: 8.88 
----------------------------------------------------------
The event throttle: 0.03137254901960784
----------------------------------------------------------
[sterr,brake,accel] Logical time: 4219.87 
[sterr,brake,accel] Physical time: 4220.05 
[sterr,brake,accel] LAG: 0.19 
----------------------------------------------------------
[DRIVER STATE] accel=0.0 brake=0.03137254901960784
----------------------------------------------------------
[DRIVER REACTION 1] Logical time: 4219.87 
[DRIVER REACTION 1] Physical time: 4220.50 
[DRIVER REACTION 1] LAG: 0.63 
----------------------------------------------------------
The event throttle: 0.023529411764705882
The event throttle: 0.0196078431372549
----------------------------------------------------------
[sterr,brake,accel] Logical time: 4252.09 
[sterr,brake,accel] Physical time: 4252.37 
[sterr,brake,accel] LAG: 0.27 
----------------------------------------------------------
[DRIVER STATE] accel=0.0 brake=0.0196078431372549
----------------------------------------------------------
[DRIVER REACTION 1] Logical time: 4252.09 
[DRIVER REACTION 1] Physical time: 4253.06 
[DRIVER REACTION 1] LAG: 0.97 
----------------------------------------------------------
The event throttle: 0.01568627450980392
----------------------------------------------------------
[sterr,brake,accel] Logical time: 4275.97 
[sterr,brake,accel] Physical time: 4276.22 
[sterr,brake,accel] LAG: 0.25 
----------------------------------------------------------
[DRIVER STATE] accel=0.0 brake=0.01568627450980392
----------------------------------------------------------
[DRIVER REACTION 1] Logical time: 4275.97 
[DRIVER REACTION 1] Physical time: 4276.83 
[DRIVER REACTION 1] LAG: 0.86 
----------------------------------------------------------
----------------------------------------------------------
[DRIVER] Logical time: 4300.00 
[DRIVER] Physical time: 4300.33 
[DRIVER] LAG: 0.33 
----------------------------------------------------------
The event throttle: 0.0196078431372549
----------------------------------------------------------
[sterr,brake,accel] Logical time: 4380.11 
[sterr,brake,accel] Physical time: 4380.45 
[sterr,brake,accel] LAG: 0.35 
----------------------------------------------------------
[DRIVER STATE] accel=0.0 brake=0.0196078431372549
----------------------------------------------------------
[DRIVER REACTION 1] Logical time: 4380.11 
[DRIVER REACTION 1] Physical time: 4381.34 
[DRIVER REACTION 1] LAG: 1.24 
----------------------------------------------------------
The event throttle: 0.03137254901960784
The event throttle: 0.047058823529411764
[DEVICE READER CAM read] Physical time: 4404.30 
[DEVICE READER CAM read] LAG: 4.30 
----------------------------------------------------------
[DEVICE READER CAM TIMER] Logical time: 4400.00 
[DEVICE READER CAM TIMER] Physical time: 4404.47 
[DEVICE READER CAM TIMER] LAG: 4.47 
----------------------------------------------------------
----------------------------------------------------------
[DRIVER] Logical time: 4400.00 
[DRIVER] Physical time: 4405.05 
[DRIVER] LAG: 5.05 
----------------------------------------------------------
----------------------------------------------------------
[sterr,brake,accel] Logical time: 4404.20 
[sterr,brake,accel] Physical time: 4406.45 
[sterr,brake,accel] LAG: 2.26 
----------------------------------------------------------
[DRIVER STATE] accel=0.0 brake=0.047058823529411764
----------------------------------------------------------
[DRIVER REACTION 1] Logical time: 4404.20 
[DRIVER REACTION 1] Physical time: 4407.03 
[DRIVER REACTION 1] LAG: 2.83 
----------------------------------------------------------
The event throttle: 0.054901960784313725
The event throttle: 0.08235294117647059
The event throttle: 0.09803921568627451
----------------------------------------------------------
[sterr,brake,accel] Logical time: 4427.91 
[sterr,brake,accel] Physical time: 4428.12 
[sterr,brake,accel] LAG: 0.21 
----------------------------------------------------------
[DRIVER STATE] accel=0.0 brake=0.09803921568627451
----------------------------------------------------------
[DRIVER REACTION 1] Logical time: 4427.91 
[DRIVER REACTION 1] Physical time: 4428.57 
[DRIVER REACTION 1] LAG: 0.65 
----------------------------------------------------------
The event throttle: 0.12941176470588237
The event throttle: 0.1607843137254902
The event throttle: 0.1803921568627451
----------------------------------------------------------
[sterr,brake,accel] Logical time: 4451.87 
[sterr,brake,accel] Physical time: 4452.14 
[sterr,brake,accel] LAG: 0.27 
----------------------------------------------------------
[DRIVER STATE] accel=0.0 brake=0.1803921568627451
----------------------------------------------------------
[DRIVER REACTION 1] Logical time: 4451.87 
[DRIVER REACTION 1] Physical time: 4452.83 
[DRIVER REACTION 1] LAG: 0.96 
----------------------------------------------------------
The event throttle: 0.2196078431372549
The event throttle: 0.23137254901960785
The event throttle: 0.27058823529411763
----------------------------------------------------------
[sterr,brake,accel] Logical time: 4475.89 
[sterr,brake,accel] Physical time: 4476.16 
[sterr,brake,accel] LAG: 0.27 
----------------------------------------------------------
[DRIVER STATE] accel=0.0 brake=0.27058823529411763
----------------------------------------------------------
[DRIVER REACTION 1] Logical time: 4475.89 
[DRIVER REACTION 1] Physical time: 4476.84 
[DRIVER REACTION 1] LAG: 0.95 
----------------------------------------------------------
The event throttle: 0.2980392156862745
The event throttle: 0.3176470588235294
The event throttle: 0.35294117647058826
----------------------------------------------------------
[sterr,brake,accel] Logical time: 4499.87 
[sterr,brake,accel] Physical time: 4500.15 
[sterr,brake,accel] LAG: 0.27 
----------------------------------------------------------
[DRIVER STATE] accel=0.0 brake=0.35294117647058826
----------------------------------------------------------
[DRIVER REACTION 1] Logical time: 4499.87 
[DRIVER REACTION 1] Physical time: 4500.86 
[DRIVER REACTION 1] LAG: 0.99 
----------------------------------------------------------
----------------------------------------------------------
[DRIVER] Logical time: 4500.00 
[DRIVER] Physical time: 4501.34 
[DRIVER] LAG: 1.34 
----------------------------------------------------------
The event throttle: 0.37254901960784315
The event throttle: 0.403921568627451
The event throttle: 0.43137254901960786
----------------------------------------------------------
[sterr,brake,accel] Logical time: 4523.91 
[sterr,brake,accel] Physical time: 4524.17 
[sterr,brake,accel] LAG: 0.26 
----------------------------------------------------------
[DRIVER STATE] accel=0.0 brake=0.43137254901960786
----------------------------------------------------------
[DRIVER REACTION 1] Logical time: 4523.91 
[DRIVER REACTION 1] Physical time: 4524.87 
[DRIVER REACTION 1] LAG: 0.96 
----------------------------------------------------------
The event throttle: 0.4470588235294118
The event throttle: 0.47843137254901963
The event throttle: 0.48627450980392156
----------------------------------------------------------
[sterr,brake,accel] Logical time: 4547.89 
[sterr,brake,accel] Physical time: 4548.10 
[sterr,brake,accel] LAG: 0.21 
----------------------------------------------------------
[DRIVER STATE] accel=0.0 brake=0.48627450980392156
----------------------------------------------------------
[DRIVER REACTION 1] Logical time: 4547.89 
[DRIVER REACTION 1] Physical time: 4548.52 
[DRIVER REACTION 1] LAG: 0.62 
----------------------------------------------------------
The event throttle: 0.5058823529411764
The event throttle: 0.5215686274509804
The event throttle: 0.5254901960784314
----------------------------------------------------------
[sterr,brake,accel] Logical time: 4571.84 
[sterr,brake,accel] Physical time: 4571.99 
[sterr,brake,accel] LAG: 0.15 
----------------------------------------------------------
[DRIVER STATE] accel=0.0 brake=0.5254901960784314
----------------------------------------------------------
[DRIVER REACTION 1] Logical time: 4571.84 
[DRIVER REACTION 1] Physical time: 4572.31 
[DRIVER REACTION 1] LAG: 0.46 
----------------------------------------------------------
The event throttle: 0.5372549019607843
The event throttle: 0.5411764705882353
The event throttle: 0.5490196078431373
----------------------------------------------------------
[sterr,brake,accel] Logical time: 4595.89 
[sterr,brake,accel] Physical time: 4596.15 
[sterr,brake,accel] LAG: 0.27 
----------------------------------------------------------
[DRIVER STATE] accel=0.0 brake=0.5490196078431373
----------------------------------------------------------
[DRIVER REACTION 1] Logical time: 4595.89 
[DRIVER REACTION 1] Physical time: 4596.74 
[DRIVER REACTION 1] LAG: 0.86 
----------------------------------------------------------
[DEVICE READER CAM read] Physical time: 4603.96 
[DEVICE READER CAM read] LAG: 3.96 
----------------------------------------------------------
[DEVICE READER CAM TIMER] Logical time: 4600.00 
[DEVICE READER CAM TIMER] Physical time: 4604.15 
[DEVICE READER CAM TIMER] LAG: 4.15 
----------------------------------------------------------
----------------------------------------------------------
[DRIVER] Logical time: 4600.00 
[DRIVER] Physical time: 4604.63 
[DRIVER] LAG: 4.63 
----------------------------------------------------------
The event throttle: 0.5450980392156862
The event throttle: 0.5490196078431373
----------------------------------------------------------
[sterr,brake,accel] Logical time: 4619.84 
[sterr,brake,accel] Physical time: 4620.02 
[sterr,brake,accel] LAG: 0.18 
----------------------------------------------------------
[DRIVER STATE] accel=0.0 brake=0.5490196078431373
----------------------------------------------------------
[DRIVER REACTION 1] Logical time: 4619.84 
[DRIVER REACTION 1] Physical time: 4620.47 
[DRIVER REACTION 1] LAG: 0.63 
----------------------------------------------------------
The event throttle: 0.5450980392156862
The event throttle: 0.5490196078431373
----------------------------------------------------------
[sterr,brake,accel] Logical time: 4643.94 
[sterr,brake,accel] Physical time: 4644.20 
[sterr,brake,accel] LAG: 0.26 
----------------------------------------------------------
[DRIVER STATE] accel=0.0 brake=0.5490196078431373
----------------------------------------------------------
[DRIVER REACTION 1] Logical time: 4643.94 
[DRIVER REACTION 1] Physical time: 4644.91 
[DRIVER REACTION 1] LAG: 0.97 
----------------------------------------------------------
The event throttle: 0.5450980392156862
The event throttle: 0.5372549019607843
The event throttle: 0.5254901960784314
----------------------------------------------------------
[sterr,brake,accel] Logical time: 4667.92 
[sterr,brake,accel] Physical time: 4668.19 
[sterr,brake,accel] LAG: 0.28 
----------------------------------------------------------
[DRIVER STATE] accel=0.0 brake=0.5254901960784314
----------------------------------------------------------
[DRIVER REACTION 1] Logical time: 4667.92 
[DRIVER REACTION 1] Physical time: 4668.89 
[DRIVER REACTION 1] LAG: 0.98 
----------------------------------------------------------
The event throttle: 0.5098039215686274
The event throttle: 0.49411764705882355
The event throttle: 0.48627450980392156
----------------------------------------------------------
[sterr,brake,accel] Logical time: 4691.94 
[sterr,brake,accel] Physical time: 4692.24 
[sterr,brake,accel] LAG: 0.29 
----------------------------------------------------------
[DRIVER STATE] accel=0.0 brake=0.48627450980392156
----------------------------------------------------------
[DRIVER REACTION 1] Logical time: 4691.94 
[DRIVER REACTION 1] Physical time: 4692.94 
[DRIVER REACTION 1] LAG: 1.00 
----------------------------------------------------------
The event throttle: 0.4588235294117647
----------------------------------------------------------
[DRIVER] Logical time: 4700.00 
[DRIVER] Physical time: 4700.31 
[DRIVER] LAG: 0.31 
----------------------------------------------------------
The event throttle: 0.4470588235294118
The event throttle: 0.41568627450980394
----------------------------------------------------------
[sterr,brake,accel] Logical time: 4715.90 
[sterr,brake,accel] Physical time: 4716.14 
[sterr,brake,accel] LAG: 0.24 
----------------------------------------------------------
[DRIVER STATE] accel=0.0 brake=0.41568627450980394
----------------------------------------------------------
[DRIVER REACTION 1] Logical time: 4715.90 
[DRIVER REACTION 1] Physical time: 4716.67 
[DRIVER REACTION 1] LAG: 0.77 
----------------------------------------------------------
The event throttle: 0.38823529411764707
The event throttle: 0.37254901960784315
The event throttle: 0.3411764705882353
----------------------------------------------------------
[sterr,brake,accel] Logical time: 4739.99 
[sterr,brake,accel] Physical time: 4740.27 
[sterr,brake,accel] LAG: 0.28 
----------------------------------------------------------
[DRIVER STATE] accel=0.0 brake=0.3411764705882353
----------------------------------------------------------
[DRIVER REACTION 1] Logical time: 4739.99 
[DRIVER REACTION 1] Physical time: 4740.96 
[DRIVER REACTION 1] LAG: 0.97 
----------------------------------------------------------
The event throttle: 0.3254901960784314
The event throttle: 0.2901960784313726
The event throttle: 0.26666666666666666
----------------------------------------------------------
[sterr,brake,accel] Logical time: 4763.91 
[sterr,brake,accel] Physical time: 4764.16 
[sterr,brake,accel] LAG: 0.26 
----------------------------------------------------------
[DRIVER STATE] accel=0.0 brake=0.26666666666666666
----------------------------------------------------------
[DRIVER REACTION 1] Logical time: 4763.91 
[DRIVER REACTION 1] Physical time: 4764.88 
[DRIVER REACTION 1] LAG: 0.97 
----------------------------------------------------------
The event throttle: 0.25098039215686274
The event throttle: 0.2196078431372549
The event throttle: 0.20392156862745098
----------------------------------------------------------
[sterr,brake,accel] Logical time: 4787.91 
[sterr,brake,accel] Physical time: 4788.13 
[sterr,brake,accel] LAG: 0.23 
----------------------------------------------------------
[DRIVER STATE] accel=0.0 brake=0.20392156862745098
----------------------------------------------------------
[DRIVER REACTION 1] Logical time: 4787.91 
[DRIVER REACTION 1] Physical time: 4788.63 
[DRIVER REACTION 1] LAG: 0.72 
----------------------------------------------------------
The event throttle: 0.1803921568627451
The event throttle: 0.1568627450980392
[DEVICE READER CAM read] Physical time: 4808.02 
[DEVICE READER CAM read] LAG: 8.02 
----------------------------------------------------------
[DEVICE READER CAM TIMER] Logical time: 4800.00 
[DEVICE READER CAM TIMER] Physical time: 4808.24 
[DEVICE READER CAM TIMER] LAG: 8.24 
----------------------------------------------------------
The event throttle: 0.14901960784313725
The event throttle: 0.12941176470588237
The event throttle: 0.12549019607843137
The event throttle: 0.11372549019607843
The event throttle: 0.10980392156862745
Faces: 0
Saved debug (no face)
----------------------------------------------------------
[FACE DETECTOR] Logical time: 4800.00 
[FACE DETECTOR] Physical time: 4887.74 
[FACE DETECTOR] LAG: 87.74 
----------------------------------------------------------
[DRIVER STATE] accel=0.0 brake=0.0
----------------------------------------------------------
[DRIVER REACTION 1] Logical time: 4800.00 
[DRIVER REACTION 1] Physical time: 4888.11 
[DRIVER REACTION 1] LAG: 88.11 
----------------------------------------------------------
----------------------------------------------------------
[DRIVER] Logical time: 4800.00 
[DRIVER] Physical time: 4888.29 
[DRIVER] LAG: 88.29 
----------------------------------------------------------
----------------------------------------------------------
[sterr,brake,accel] Logical time: 4812.16 
[sterr,brake,accel] Physical time: 4888.95 
[sterr,brake,accel] LAG: 76.79 
----------------------------------------------------------
[DRIVER STATE] accel=0.0 brake=0.14901960784313725
----------------------------------------------------------
[DRIVER REACTION 1] Logical time: 4812.16 
[DRIVER REACTION 1] Physical time: 4889.25 
[DRIVER REACTION 1] LAG: 77.09 
----------------------------------------------------------
----------------------------------------------------------
[sterr,brake,accel] Logical time: 4835.89 
[sterr,brake,accel] Physical time: 4889.40 
[sterr,brake,accel] LAG: 53.52 
----------------------------------------------------------
[DRIVER STATE] accel=0.0 brake=0.11372549019607843
----------------------------------------------------------
[DRIVER REACTION 1] Logical time: 4835.89 
[DRIVER REACTION 1] Physical time: 4889.62 
[DRIVER REACTION 1] LAG: 53.73 
----------------------------------------------------------
The event throttle: 0.11372549019607843
----------------------------------------------------------
[sterr,brake,accel] Logical time: 4891.88 
[sterr,brake,accel] Physical time: 4892.00 
[sterr,brake,accel] LAG: 0.12 
----------------------------------------------------------
[DRIVER STATE] accel=0.0 brake=0.11372549019607843
----------------------------------------------------------
[DRIVER REACTION 1] Logical time: 4891.88 
[DRIVER REACTION 1] Physical time: 4892.29 
[DRIVER REACTION 1] LAG: 0.41 
----------------------------------------------------------
The event throttle: 0.12549019607843137
----------------------------------------------------------
[DRIVER] Logical time: 4900.00 
[DRIVER] Physical time: 4900.22 
[DRIVER] LAG: 0.22 
----------------------------------------------------------
The event throttle: 0.13333333333333333
The event throttle: 0.15294117647058825
----------------------------------------------------------
[sterr,brake,accel] Logical time: 4915.93 
[sterr,brake,accel] Physical time: 4916.18 
[sterr,brake,accel] LAG: 0.26 
----------------------------------------------------------
[DRIVER STATE] accel=0.0 brake=0.15294117647058825
----------------------------------------------------------
[DRIVER REACTION 1] Logical time: 4915.93 
[DRIVER REACTION 1] Physical time: 4916.81 
[DRIVER REACTION 1] LAG: 0.88 
----------------------------------------------------------
The event throttle: 0.16862745098039217
The event throttle: 0.1803921568627451
The event throttle: 0.2
----------------------------------------------------------
[sterr,brake,accel] Logical time: 4939.96 
[sterr,brake,accel] Physical time: 4940.21 
[sterr,brake,accel] LAG: 0.25 
----------------------------------------------------------
[DRIVER STATE] accel=0.0 brake=0.2
----------------------------------------------------------
[DRIVER REACTION 1] Logical time: 4939.96 
[DRIVER REACTION 1] Physical time: 4940.83 
[DRIVER REACTION 1] LAG: 0.87 
----------------------------------------------------------
The event throttle: 0.21176470588235294
The event throttle: 0.23529411764705882
The event throttle: 0.25882352941176473
----------------------------------------------------------
[sterr,brake,accel] Logical time: 4963.93 
[sterr,brake,accel] Physical time: 4964.19 
[sterr,brake,accel] LAG: 0.26 
----------------------------------------------------------
[DRIVER STATE] accel=0.0 brake=0.25882352941176473
----------------------------------------------------------
[DRIVER REACTION 1] Logical time: 4963.93 
[DRIVER REACTION 1] Physical time: 4964.90 
[DRIVER REACTION 1] LAG: 0.97 
----------------------------------------------------------
The event throttle: 0.26666666666666666
The event throttle: 0.28627450980392155
The event throttle: 0.2901960784313726
----------------------------------------------------------
[sterr,brake,accel] Logical time: 4987.98 
[sterr,brake,accel] Physical time: 4988.22 
[sterr,brake,accel] LAG: 0.24 
----------------------------------------------------------
[DRIVER STATE] accel=0.0 brake=0.2901960784313726
----------------------------------------------------------
[DRIVER REACTION 1] Logical time: 4987.98 
[DRIVER REACTION 1] Physical time: 4988.81 
[DRIVER REACTION 1] LAG: 0.83 
----------------------------------------------------------
The event throttle: 0.30980392156862746
The event throttle: 0.3333333333333333
[DEVICE READER CAM read] Physical time: 5004.50 
[DEVICE READER CAM read] LAG: 4.50 
----------------------------------------------------------
[DEVICE READER CAM TIMER] Logical time: 5000.00 
[DEVICE READER CAM TIMER] Physical time: 5004.67 
[DEVICE READER CAM TIMER] LAG: 4.67 
----------------------------------------------------------
----------------------------------------------------------
[DRIVER] Logical time: 5000.00 
[DRIVER] Physical time: 5005.22 
[DRIVER] LAG: 5.22 
----------------------------------------------------------
The event throttle: 0.34509803921568627
----------------------------------------------------------
[sterr,brake,accel] Logical time: 5012.09 
[sterr,brake,accel] Physical time: 5012.33 
[sterr,brake,accel] LAG: 0.24 
----------------------------------------------------------
[DRIVER STATE] accel=0.0 brake=0.34509803921568627
----------------------------------------------------------
[DRIVER REACTION 1] Logical time: 5012.09 
[DRIVER REACTION 1] Physical time: 5012.99 
[DRIVER REACTION 1] LAG: 0.90 
----------------------------------------------------------
The event throttle: 0.3607843137254902
The event throttle: 0.3686274509803922
The event throttle: 0.38823529411764707
----------------------------------------------------------
[sterr,brake,accel] Logical time: 5035.89 
[sterr,brake,accel] Physical time: 5036.11 
[sterr,brake,accel] LAG: 0.22 
----------------------------------------------------------
[DRIVER STATE] accel=0.0 brake=0.38823529411764707
----------------------------------------------------------
[DRIVER REACTION 1] Logical time: 5035.89 
[DRIVER REACTION 1] Physical time: 5036.60 
[DRIVER REACTION 1] LAG: 0.71 
----------------------------------------------------------
The event throttle: 0.403921568627451
The event throttle: 0.41568627450980394
The event throttle: 0.43529411764705883
----------------------------------------------------------
[sterr,brake,accel] Logical time: 5059.90 
[sterr,brake,accel] Physical time: 5060.14 
[sterr,brake,accel] LAG: 0.23 
----------------------------------------------------------
[DRIVER STATE] accel=0.0 brake=0.43529411764705883
----------------------------------------------------------
[DRIVER REACTION 1] Logical time: 5059.90 
[DRIVER REACTION 1] Physical time: 5060.65 
[DRIVER REACTION 1] LAG: 0.75 
----------------------------------------------------------
The event throttle: 0.44313725490196076
The event throttle: 0.4627450980392157
The event throttle: 0.48627450980392156
----------------------------------------------------------
[sterr,brake,accel] Logical time: 5083.95 
[sterr,brake,accel] Physical time: 5084.26 
[sterr,brake,accel] LAG: 0.31 
----------------------------------------------------------
[DRIVER STATE] accel=0.0 brake=0.48627450980392156
----------------------------------------------------------
[DRIVER REACTION 1] Logical time: 5083.95 
[DRIVER REACTION 1] Physical time: 5084.94 
[DRIVER REACTION 1] LAG: 0.99 
----------------------------------------------------------
The event throttle: 0.49411764705882355
The event throttle: 0.5137254901960784
----------------------------------------------------------
[DRIVER] Logical time: 5100.00 
[DRIVER] Physical time: 5100.33 
[DRIVER] LAG: 0.33 
----------------------------------------------------------
The event throttle: 0.5215686274509804
----------------------------------------------------------
[sterr,brake,accel] Logical time: 5108.00 
[sterr,brake,accel] Physical time: 5108.28 
[sterr,brake,accel] LAG: 0.27 
----------------------------------------------------------
[DRIVER STATE] accel=0.0 brake=0.5215686274509804
----------------------------------------------------------
[DRIVER REACTION 1] Logical time: 5108.00 
[DRIVER REACTION 1] Physical time: 5108.84 
[DRIVER REACTION 1] LAG: 0.84 
----------------------------------------------------------
The event throttle: 0.5411764705882353
The event throttle: 0.5529411764705883
The event throttle: 0.5607843137254902
----------------------------------------------------------
[sterr,brake,accel] Logical time: 5131.95 
[sterr,brake,accel] Physical time: 5132.23 
[sterr,brake,accel] LAG: 0.28 
----------------------------------------------------------
[DRIVER STATE] accel=0.0 brake=0.5607843137254902
----------------------------------------------------------
[DRIVER REACTION 1] Logical time: 5131.95 
[DRIVER REACTION 1] Physical time: 5132.93 
[DRIVER REACTION 1] LAG: 0.98 
----------------------------------------------------------
The event throttle: 0.5764705882352941
The event throttle: 0.5803921568627451
The event throttle: 0.5882352941176471
----------------------------------------------------------
[sterr,brake,accel] Logical time: 5156.04 
[sterr,brake,accel] Physical time: 5156.38 
[sterr,brake,accel] LAG: 0.35 
----------------------------------------------------------
[DRIVER STATE] accel=0.0 brake=0.5882352941176471
----------------------------------------------------------
[DRIVER REACTION 1] Logical time: 5156.04 
[DRIVER REACTION 1] Physical time: 5157.10 
[DRIVER REACTION 1] LAG: 1.07 
----------------------------------------------------------
The event throttle: 0.592156862745098
The event throttle: 0.5882352941176471
----------------------------------------------------------
[sterr,brake,accel] Logical time: 5179.92 
[sterr,brake,accel] Physical time: 5180.19 
[sterr,brake,accel] LAG: 0.26 
----------------------------------------------------------
[DRIVER STATE] accel=0.0 brake=0.5882352941176471
----------------------------------------------------------
[DRIVER REACTION 1] Logical time: 5179.92 
[DRIVER REACTION 1] Physical time: 5180.85 
[DRIVER REACTION 1] LAG: 0.93 
----------------------------------------------------------
[DEVICE READER CAM read] Physical time: 5207.91 
[DEVICE READER CAM read] LAG: 7.91 
----------------------------------------------------------
[DEVICE READER CAM TIMER] Logical time: 5200.00 
[DEVICE READER CAM TIMER] Physical time: 5208.11 
[DEVICE READER CAM TIMER] LAG: 8.11 
----------------------------------------------------------
----------------------------------------------------------
[DRIVER] Logical time: 5200.00 
[DRIVER] Physical time: 5208.56 
[DRIVER] LAG: 8.56 
----------------------------------------------------------
The event throttle: 0.5803921568627451
----------------------------------------------------------
[sterr,brake,accel] Logical time: 5219.92 
[sterr,brake,accel] Physical time: 5219.99 
[sterr,brake,accel] LAG: 0.08 
----------------------------------------------------------
[DRIVER STATE] accel=0.0 brake=0.5803921568627451
----------------------------------------------------------
[DRIVER REACTION 1] Logical time: 5219.92 
[DRIVER REACTION 1] Physical time: 5220.15 
[DRIVER REACTION 1] LAG: 0.23 
----------------------------------------------------------
The event throttle: 0.5725490196078431
The event throttle: 0.5568627450980392
The event throttle: 0.5372549019607843
----------------------------------------------------------
[sterr,brake,accel] Logical time: 5243.95 
[sterr,brake,accel] Physical time: 5244.11 
[sterr,brake,accel] LAG: 0.16 
----------------------------------------------------------
[DRIVER STATE] accel=0.0 brake=0.5372549019607843
----------------------------------------------------------
[DRIVER REACTION 1] Logical time: 5243.95 
[DRIVER REACTION 1] Physical time: 5244.40 
[DRIVER REACTION 1] LAG: 0.45 
----------------------------------------------------------
The event throttle: 0.5215686274509804
The event throttle: 0.4980392156862745
The event throttle: 0.48627450980392156
----------------------------------------------------------
[sterr,brake,accel] Logical time: 5267.95 
[sterr,brake,accel] Physical time: 5268.15 
[sterr,brake,accel] LAG: 0.20 
----------------------------------------------------------
[DRIVER STATE] accel=0.0 brake=0.48627450980392156
----------------------------------------------------------
[DRIVER REACTION 1] Logical time: 5267.95 
[DRIVER REACTION 1] Physical time: 5268.43 
[DRIVER REACTION 1] LAG: 0.48 
----------------------------------------------------------
The event throttle: 0.45098039215686275
The event throttle: 0.4235294117647059
The event throttle: 0.40784313725490196
----------------------------------------------------------
[sterr,brake,accel] Logical time: 5291.96 
[sterr,brake,accel] Physical time: 5292.15 
[sterr,brake,accel] LAG: 0.19 
----------------------------------------------------------
[DRIVER STATE] accel=0.0 brake=0.40784313725490196
----------------------------------------------------------
[DRIVER REACTION 1] Logical time: 5291.96 
[DRIVER REACTION 1] Physical time: 5292.42 
[DRIVER REACTION 1] LAG: 0.46 
----------------------------------------------------------
The event throttle: 0.3803921568627451
----------------------------------------------------------
[DRIVER] Logical time: 5300.00 
[DRIVER] Physical time: 5300.21 
[DRIVER] LAG: 0.21 
----------------------------------------------------------
The event throttle: 0.3607843137254902
The event throttle: 0.32941176470588235
----------------------------------------------------------
[sterr,brake,accel] Logical time: 5315.92 
[sterr,brake,accel] Physical time: 5316.15 
[sterr,brake,accel] LAG: 0.23 
----------------------------------------------------------
[DRIVER STATE] accel=0.0 brake=0.32941176470588235
----------------------------------------------------------
[DRIVER REACTION 1] Logical time: 5315.92 
[DRIVER REACTION 1] Physical time: 5316.62 
[DRIVER REACTION 1] LAG: 0.70 
----------------------------------------------------------
The event throttle: 0.2980392156862745
The event throttle: 0.2901960784313726
The event throttle: 0.27450980392156865
----------------------------------------------------------
[sterr,brake,accel] Logical time: 5340.02 
[sterr,brake,accel] Physical time: 5340.28 
[sterr,brake,accel] LAG: 0.26 
----------------------------------------------------------
[DRIVER STATE] accel=0.0 brake=0.27450980392156865
----------------------------------------------------------
[DRIVER REACTION 1] Logical time: 5340.02 
[DRIVER REACTION 1] Physical time: 5340.89 
[DRIVER REACTION 1] LAG: 0.87 
----------------------------------------------------------
The event throttle: 0.2627450980392157
The event throttle: 0.24313725490196078
The event throttle: 0.22745098039215686
----------------------------------------------------------
[sterr,brake,accel] Logical time: 5363.97 
[sterr,brake,accel] Physical time: 5364.20 
[sterr,brake,accel] LAG: 0.23 
----------------------------------------------------------
[DRIVER STATE] accel=0.0 brake=0.22745098039215686
----------------------------------------------------------
[DRIVER REACTION 1] Logical time: 5363.97 
[DRIVER REACTION 1] Physical time: 5364.70 
[DRIVER REACTION 1] LAG: 0.73 
----------------------------------------------------------
The event throttle: 0.2196078431372549
The event throttle: 0.20392156862745098
The event throttle: 0.2
----------------------------------------------------------
[sterr,brake,accel] Logical time: 5387.97 
[sterr,brake,accel] Physical time: 5388.23 
[sterr,brake,accel] LAG: 0.26 
----------------------------------------------------------
[DRIVER STATE] accel=0.0 brake=0.2
----------------------------------------------------------
[DRIVER REACTION 1] Logical time: 5387.97 
[DRIVER REACTION 1] Physical time: 5388.90 
[DRIVER REACTION 1] LAG: 0.94 
----------------------------------------------------------
The event throttle: 0.19215686274509805
The event throttle: 0.18823529411764706
[DEVICE READER CAM read] Physical time: 5404.28 
[DEVICE READER CAM read] LAG: 4.28 
----------------------------------------------------------
[DEVICE READER CAM TIMER] Logical time: 5400.00 
[DEVICE READER CAM TIMER] Physical time: 5404.44 
[DEVICE READER CAM TIMER] LAG: 4.44 
----------------------------------------------------------
----------------------------------------------------------
[DRIVER] Logical time: 5400.00 
[DRIVER] Physical time: 5404.98 
[DRIVER] LAG: 4.98 
----------------------------------------------------------
The event throttle: 0.1843137254901961
----------------------------------------------------------
[sterr,brake,accel] Logical time: 5428.12 
[sterr,brake,accel] Physical time: 5428.28 
[sterr,brake,accel] LAG: 0.16 
----------------------------------------------------------
[DRIVER STATE] accel=0.0 brake=0.1843137254901961
----------------------------------------------------------
[DRIVER REACTION 1] Logical time: 5428.12 
[DRIVER REACTION 1] Physical time: 5428.59 
[DRIVER REACTION 1] LAG: 0.46 
----------------------------------------------------------
The event throttle: 0.18823529411764706
The event throttle: 0.19607843137254902
----------------------------------------------------------
[sterr,brake,accel] Logical time: 5476.13 
[sterr,brake,accel] Physical time: 5476.30 
[sterr,brake,accel] LAG: 0.17 
----------------------------------------------------------
[DRIVER STATE] accel=0.0 brake=0.19607843137254902
----------------------------------------------------------
[DRIVER REACTION 1] Logical time: 5476.13 
[DRIVER REACTION 1] Physical time: 5476.61 
[DRIVER REACTION 1] LAG: 0.48 
----------------------------------------------------------
The event throttle: 0.20784313725490197
The event throttle: 0.2196078431372549
The event throttle: 0.23921568627450981
----------------------------------------------------------
[sterr,brake,accel] Logical time: 5499.97 
[sterr,brake,accel] Physical time: 5500.11 
[sterr,brake,accel] LAG: 0.14 
----------------------------------------------------------
[DRIVER STATE] accel=0.0 brake=0.23921568627450981
----------------------------------------------------------
[DRIVER REACTION 1] Logical time: 5499.97 
[DRIVER REACTION 1] Physical time: 5500.36 
[DRIVER REACTION 1] LAG: 0.40 
----------------------------------------------------------
----------------------------------------------------------
[DRIVER] Logical time: 5500.00 
[DRIVER] Physical time: 5500.51 
[DRIVER] LAG: 0.51 
----------------------------------------------------------
The event throttle: 0.25098039215686274
The event throttle: 0.27450980392156865
The event throttle: 0.2901960784313726
----------------------------------------------------------
[sterr,brake,accel] Logical time: 5523.99 
[sterr,brake,accel] Physical time: 5524.24 
[sterr,brake,accel] LAG: 0.25 
----------------------------------------------------------
[DRIVER STATE] accel=0.0 brake=0.2901960784313726
----------------------------------------------------------
[DRIVER REACTION 1] Logical time: 5523.99 
[DRIVER REACTION 1] Physical time: 5524.88 
[DRIVER REACTION 1] LAG: 0.89 
----------------------------------------------------------
The event throttle: 0.30196078431372547
The event throttle: 0.3333333333333333
The event throttle: 0.34901960784313724
----------------------------------------------------------
[sterr,brake,accel] Logical time: 5547.98 
[sterr,brake,accel] Physical time: 5548.24 
[sterr,brake,accel] LAG: 0.26 
----------------------------------------------------------
[DRIVER STATE] accel=0.0 brake=0.34901960784313724
----------------------------------------------------------
[DRIVER REACTION 1] Logical time: 5547.98 
[DRIVER REACTION 1] Physical time: 5548.88 
[DRIVER REACTION 1] LAG: 0.90 
----------------------------------------------------------
The event throttle: 0.3803921568627451
The event throttle: 0.403921568627451
The event throttle: 0.4196078431372549
----------------------------------------------------------
[sterr,brake,accel] Logical time: 5572.06 
[sterr,brake,accel] Physical time: 5572.33 
[sterr,brake,accel] LAG: 0.27 
----------------------------------------------------------
[DRIVER STATE] accel=0.0 brake=0.4196078431372549
----------------------------------------------------------
[DRIVER REACTION 1] Logical time: 5572.06 
[DRIVER REACTION 1] Physical time: 5572.99 
[DRIVER REACTION 1] LAG: 0.93 
----------------------------------------------------------
The event throttle: 0.4470588235294118
The event throttle: 0.4627450980392157
The event throttle: 0.49019607843137253
----------------------------------------------------------
[sterr,brake,accel] Logical time: 5595.92 
[sterr,brake,accel] Physical time: 5596.12 
[sterr,brake,accel] LAG: 0.20 
----------------------------------------------------------
[DRIVER STATE] accel=0.0 brake=0.49019607843137253
----------------------------------------------------------
[DRIVER REACTION 1] Logical time: 5595.92 
[DRIVER REACTION 1] Physical time: 5596.56 
[DRIVER REACTION 1] LAG: 0.64 
----------------------------------------------------------
The event throttle: 0.5098039215686274
[DEVICE READER CAM read] Physical time: 5605.18 
[DEVICE READER CAM read] LAG: 5.18 
----------------------------------------------------------
[DEVICE READER CAM TIMER] Logical time: 5600.00 
[DEVICE READER CAM TIMER] Physical time: 5605.43 
[DEVICE READER CAM TIMER] LAG: 5.43 
----------------------------------------------------------
----------------------------------------------------------
[DRIVER] Logical time: 5600.00 
[DRIVER] Physical time: 5606.20 
[DRIVER] LAG: 6.20 
----------------------------------------------------------
The event throttle: 0.5215686274509804
The event throttle: 0.5411764705882353
----------------------------------------------------------
[sterr,brake,accel] Logical time: 5619.97 
[sterr,brake,accel] Physical time: 5620.19 
[sterr,brake,accel] LAG: 0.22 
----------------------------------------------------------
[DRIVER STATE] accel=0.0 brake=0.5411764705882353
----------------------------------------------------------
[DRIVER REACTION 1] Logical time: 5619.97 
[DRIVER REACTION 1] Physical time: 5620.71 
[DRIVER REACTION 1] LAG: 0.74 
----------------------------------------------------------
The event throttle: 0.5529411764705883
The event throttle: 0.5607843137254902
The event throttle: 0.5725490196078431
----------------------------------------------------------
[sterr,brake,accel] Logical time: 5644.06 
[sterr,brake,accel] Physical time: 5644.33 
[sterr,brake,accel] LAG: 0.27 
----------------------------------------------------------
[DRIVER STATE] accel=0.0 brake=0.5725490196078431
----------------------------------------------------------
[DRIVER REACTION 1] Logical time: 5644.06 
[DRIVER REACTION 1] Physical time: 5645.01 
[DRIVER REACTION 1] LAG: 0.96 
----------------------------------------------------------
The event throttle: 0.5764705882352941
The event throttle: 0.5843137254901961
The event throttle: 0.5882352941176471
----------------------------------------------------------
[sterr,brake,accel] Logical time: 5676.08 
[sterr,brake,accel] Physical time: 5676.38 
[sterr,brake,accel] LAG: 0.31 
----------------------------------------------------------
[DRIVER STATE] accel=0.0 brake=0.5882352941176471
----------------------------------------------------------
[DRIVER REACTION 1] Logical time: 5676.08 
[DRIVER REACTION 1] Physical time: 5677.11 
[DRIVER REACTION 1] LAG: 1.03 
----------------------------------------------------------
The event throttle: 0.5843137254901961
----------------------------------------------------------
[DRIVER] Logical time: 5700.00 
[DRIVER] Physical time: 5700.30 
[DRIVER] LAG: 0.30 
----------------------------------------------------------
----------------------------------------------------------
[sterr,brake,accel] Logical time: 5700.08 
[sterr,brake,accel] Physical time: 5701.90 
[sterr,brake,accel] LAG: 1.82 
----------------------------------------------------------
[DRIVER STATE] accel=0.0 brake=0.5843137254901961
----------------------------------------------------------
[DRIVER REACTION 1] Logical time: 5700.08 
[DRIVER REACTION 1] Physical time: 5702.53 
[DRIVER REACTION 1] LAG: 2.45 
----------------------------------------------------------
The event throttle: 0.5882352941176471
The event throttle: 0.5843137254901961
The event throttle: 0.5803921568627451
----------------------------------------------------------
[sterr,brake,accel] Logical time: 5724.02 
[sterr,brake,accel] Physical time: 5724.24 
[sterr,brake,accel] LAG: 0.22 
----------------------------------------------------------
[DRIVER STATE] accel=0.0 brake=0.5803921568627451
----------------------------------------------------------
[DRIVER REACTION 1] Logical time: 5724.02 
[DRIVER REACTION 1] Physical time: 5724.89 
[DRIVER REACTION 1] LAG: 0.87 
----------------------------------------------------------
The event throttle: 0.5764705882352941
The event throttle: 0.5647058823529412
The event throttle: 0.5568627450980392
----------------------------------------------------------
[sterr,brake,accel] Logical time: 5748.03 
[sterr,brake,accel] Physical time: 5748.32 
[sterr,brake,accel] LAG: 0.29 
----------------------------------------------------------
[DRIVER STATE] accel=0.0 brake=0.5568627450980392
----------------------------------------------------------
[DRIVER REACTION 1] Logical time: 5748.03 
[DRIVER REACTION 1] Physical time: 5749.04 
[DRIVER REACTION 1] LAG: 1.00 
----------------------------------------------------------
The event throttle: 0.5411764705882353
The event throttle: 0.5176470588235295
The event throttle: 0.5058823529411764
----------------------------------------------------------
[sterr,brake,accel] Logical time: 5771.98 
[sterr,brake,accel] Physical time: 5772.23 
[sterr,brake,accel] LAG: 0.25 
----------------------------------------------------------
[DRIVER STATE] accel=0.0 brake=0.5058823529411764
----------------------------------------------------------
[DRIVER REACTION 1] Logical time: 5771.98 
[DRIVER REACTION 1] Physical time: 5772.87 
[DRIVER REACTION 1] LAG: 0.89 
----------------------------------------------------------
The event throttle: 0.48627450980392156
The event throttle: 0.4745098039215686
The event throttle: 0.4470588235294118
----------------------------------------------------------
[sterr,brake,accel] Logical time: 5796.00 
[sterr,brake,accel] Physical time: 5796.23 
[sterr,brake,accel] LAG: 0.24 
----------------------------------------------------------
[DRIVER STATE] accel=0.0 brake=0.4470588235294118
----------------------------------------------------------
[DRIVER REACTION 1] Logical time: 5796.00 
[DRIVER REACTION 1] Physical time: 5796.84 
[DRIVER REACTION 1] LAG: 0.84 
----------------------------------------------------------
[DEVICE READER CAM read] Physical time: 5804.66 
[DEVICE READER CAM read] LAG: 4.66 
----------------------------------------------------------
[DEVICE READER CAM TIMER] Logical time: 5800.00 
[DEVICE READER CAM TIMER] Physical time: 5804.94 
[DEVICE READER CAM TIMER] LAG: 4.94 
----------------------------------------------------------
The event throttle: 0.41568627450980394
The event throttle: 0.3686274509803922
The event throttle: 0.35294117647058826
The event throttle: 0.3215686274509804
Faces: 0
The event throttle: 0.2901960784313726
The event throttle: 0.2784313725490196
The event throttle: 0.24313725490196078
The event throttle: 0.2235294117647059
Saved debug (no face)
----------------------------------------------------------
[FACE DETECTOR] Logical time: 5800.00 
[FACE DETECTOR] Physical time: 5875.11 
[FACE DETECTOR] LAG: 75.11 
----------------------------------------------------------
[DRIVER STATE] accel=0.0 brake=0.0
----------------------------------------------------------
[DRIVER REACTION 1] Logical time: 5800.00 
[DRIVER REACTION 1] Physical time: 5875.53 
[DRIVER REACTION 1] LAG: 75.53 
----------------------------------------------------------
----------------------------------------------------------
[DRIVER] Logical time: 5800.00 
The event throttle: 0.1843137254901961
[DRIVER] Physical time: 5875.75 
[DRIVER] LAG: 75.75 
----------------------------------------------------------
----------------------------------------------------------
[sterr,brake,accel] Logical time: 5820.09 
[sterr,brake,accel] Physical time: 5876.57 
[sterr,brake,accel] LAG: 56.49 
----------------------------------------------------------
[DRIVER STATE] accel=0.0 brake=0.3686274509803922
----------------------------------------------------------
[DRIVER REACTION 1] Logical time: 5820.09 
[DRIVER REACTION 1] Physical time: 5876.71 
[DRIVER REACTION 1] LAG: 56.62 
----------------------------------------------------------
----------------------------------------------------------
[sterr,brake,accel] Logical time: 5844.04 
[sterr,brake,accel] Physical time: 5876.85 
[sterr,brake,accel] LAG: 32.82 
----------------------------------------------------------
[DRIVER STATE] accel=0.0 brake=0.2901960784313726
----------------------------------------------------------
[DRIVER REACTION 1] Logical time: 5844.04 
[DRIVER REACTION 1] Physical time: 5876.96 
[DRIVER REACTION 1] LAG: 32.92 
----------------------------------------------------------
----------------------------------------------------------
[sterr,brake,accel] Logical time: 5867.97 
[sterr,brake,accel] Physical time: 5877.06 
[sterr,brake,accel] LAG: 9.09 
----------------------------------------------------------
[DRIVER STATE] accel=0.0 brake=0.2235294117647059
----------------------------------------------------------
[DRIVER REACTION 1] Logical time: 5867.97 
[DRIVER REACTION 1] Physical time: 5877.15 
[DRIVER REACTION 1] LAG: 9.18 
----------------------------------------------------------
The event throttle: 0.14901960784313725
The event throttle: 0.12941176470588237
----------------------------------------------------------
[sterr,brake,accel] Logical time: 5892.10 
[sterr,brake,accel] Physical time: 5892.27 
[sterr,brake,accel] LAG: 0.17 
----------------------------------------------------------
[DRIVER STATE] accel=0.0 brake=0.12941176470588237
----------------------------------------------------------
[DRIVER REACTION 1] Logical time: 5892.10 
[DRIVER REACTION 1] Physical time: 5892.59 
[DRIVER REACTION 1] LAG: 0.49 
----------------------------------------------------------
The event throttle: 0.08627450980392157
----------------------------------------------------------
[DRIVER] Logical time: 5900.00 
[DRIVER] Physical time: 5900.21 
[DRIVER] LAG: 0.21 
----------------------------------------------------------
The event throttle: 0.07058823529411765
The event throttle: 0.0392156862745098
----------------------------------------------------------
[sterr,brake,accel] Logical time: 5916.05 
[sterr,brake,accel] Physical time: 5916.30 
[sterr,brake,accel] LAG: 0.25 
----------------------------------------------------------
[DRIVER STATE] accel=0.0 brake=0.0392156862745098
----------------------------------------------------------
[DRIVER REACTION 1] Logical time: 5916.05 
[DRIVER REACTION 1] Physical time: 5916.99 
[DRIVER REACTION 1] LAG: 0.94 
----------------------------------------------------------
The event throttle: 0.03137254901960784
The event throttle: 0.023529411764705882
The event throttle: 0.0196078431372549
----------------------------------------------------------
[sterr,brake,accel] Logical time: 5956.14 
[sterr,brake,accel] Physical time: 5956.42 
[sterr,brake,accel] LAG: 0.28 
----------------------------------------------------------
[DRIVER STATE] accel=0.0 brake=0.0196078431372549
----------------------------------------------------------
[DRIVER REACTION 1] Logical time: 5956.14 
[DRIVER REACTION 1] Physical time: 5957.12 
[DRIVER REACTION 1] LAG: 0.98 
----------------------------------------------------------
The event throttle: 0.01568627450980392
The event throttle: 0.0196078431372549
----------------------------------------------------------
[sterr,brake,accel] Logical time: 5980.27 
[sterr,brake,accel] Physical time: 5980.54 
[sterr,brake,accel] LAG: 0.27 
----------------------------------------------------------
[DRIVER STATE] accel=0.0 brake=0.0196078431372549
----------------------------------------------------------
[DRIVER REACTION 1] Logical time: 5980.27 
[DRIVER REACTION 1] Physical time: 5981.23 
[DRIVER REACTION 1] LAG: 0.96 
----------------------------------------------------------
The event throttle: 0.01568627450980392
The event throttle: 0.0196078431372549
The event throttle: 0.01568627450980392
[DEVICE READER CAM read] Physical time: 6004.31 
[DEVICE READER CAM read] LAG: 4.31 
----------------------------------------------------------
[DEVICE READER CAM TIMER] Logical time: 6000.00 
[DEVICE READER CAM TIMER] Physical time: 6004.46 
[DEVICE READER CAM TIMER] LAG: 4.46 
----------------------------------------------------------
----------------------------------------------------------
[DRIVER] Logical time: 6000.00 
[DRIVER] Physical time: 6005.04 
[DRIVER] LAG: 5.04 
----------------------------------------------------------
----------------------------------------------------------
[sterr,brake,accel] Logical time: 6004.19 
[sterr,brake,accel] Physical time: 6006.67 
[sterr,brake,accel] LAG: 2.48 
----------------------------------------------------------
[DRIVER STATE] accel=0.0 brake=0.01568627450980392
----------------------------------------------------------
[DRIVER REACTION 1] Logical time: 6004.19 
[DRIVER REACTION 1] Physical time: 6007.30 
[DRIVER REACTION 1] LAG: 3.12 
----------------------------------------------------------
The event throttle: 0.0196078431372549
The event throttle: 0.023529411764705882
The event throttle: 0.03137254901960784
----------------------------------------------------------
[sterr,brake,accel] Logical time: 6028.05 
[sterr,brake,accel] Physical time: 6028.24 
[sterr,brake,accel] LAG: 0.19 
----------------------------------------------------------
[DRIVER STATE] accel=0.0 brake=0.03137254901960784
----------------------------------------------------------
[DRIVER REACTION 1] Logical time: 6028.05 
[DRIVER REACTION 1] Physical time: 6028.69 
[DRIVER REACTION 1] LAG: 0.64 
----------------------------------------------------------
The event throttle: 0.047058823529411764
The event throttle: 0.07450980392156863
The event throttle: 0.08627450980392157
----------------------------------------------------------
[sterr,brake,accel] Logical time: 6052.07 
[sterr,brake,accel] Physical time: 6052.32 
[sterr,brake,accel] LAG: 0.25 
----------------------------------------------------------
[DRIVER STATE] accel=0.0 brake=0.08627450980392157
----------------------------------------------------------
[DRIVER REACTION 1] Logical time: 6052.07 
[DRIVER REACTION 1] Physical time: 6052.98 
[DRIVER REACTION 1] LAG: 0.91 
----------------------------------------------------------
The event throttle: 0.11764705882352941
The event throttle: 0.13725490196078433
The event throttle: 0.17254901960784313
----------------------------------------------------------
[sterr,brake,accel] Logical time: 6076.02 
[sterr,brake,accel] Physical time: 6076.28 
[sterr,brake,accel] LAG: 0.25 
----------------------------------------------------------
[DRIVER STATE] accel=0.0 brake=0.17254901960784313
----------------------------------------------------------
[DRIVER REACTION 1] Logical time: 6076.02 
[DRIVER REACTION 1] Physical time: 6076.89 
[DRIVER REACTION 1] LAG: 0.87 
----------------------------------------------------------
The event throttle: 0.20784313725490197
The event throttle: 0.22745098039215686
The event throttle: 0.26666666666666666
----------------------------------------------------------
[DRIVER] Logical time: 6100.00 
[DRIVER] Physical time: 6100.43 
[DRIVER] LAG: 0.43 
----------------------------------------------------------
----------------------------------------------------------
[sterr,brake,accel] Logical time: 6100.21 
[sterr,brake,accel] Physical time: 6101.58 
[sterr,brake,accel] LAG: 1.37 
----------------------------------------------------------
[DRIVER STATE] accel=0.0 brake=0.26666666666666666
----------------------------------------------------------
[DRIVER REACTION 1] Logical time: 6100.21 
[DRIVER REACTION 1] Physical time: 6101.95 
[DRIVER REACTION 1] LAG: 1.75 
----------------------------------------------------------
The event throttle: 0.2823529411764706
The event throttle: 0.3215686274509804
The event throttle: 0.36470588235294116
----------------------------------------------------------
[sterr,brake,accel] Logical time: 6124.05 
[sterr,brake,accel] Physical time: 6124.15 
[sterr,brake,accel] LAG: 0.10 
----------------------------------------------------------
[DRIVER STATE] accel=0.0 brake=0.36470588235294116
----------------------------------------------------------
[DRIVER REACTION 1] Logical time: 6124.05 
[DRIVER REACTION 1] Physical time: 6124.32 
[DRIVER REACTION 1] LAG: 0.27 
----------------------------------------------------------
The event throttle: 0.3843137254901961
The event throttle: 0.4235294117647059
The event throttle: 0.44313725490196076
----------------------------------------------------------
[sterr,brake,accel] Logical time: 6148.08 
[sterr,brake,accel] Physical time: 6148.25 
[sterr,brake,accel] LAG: 0.17 
----------------------------------------------------------
[DRIVER STATE] accel=0.0 brake=0.44313725490196076
----------------------------------------------------------
[DRIVER REACTION 1] Logical time: 6148.08 
[DRIVER REACTION 1] Physical time: 6148.56 
[DRIVER REACTION 1] LAG: 0.48 
----------------------------------------------------------
The event throttle: 0.48627450980392156
The event throttle: 0.5215686274509804
The event throttle: 0.5411764705882353
----------------------------------------------------------
[sterr,brake,accel] Logical time: 6172.02 
[sterr,brake,accel] Physical time: 6172.20 
[sterr,brake,accel] LAG: 0.18 
----------------------------------------------------------
[DRIVER STATE] accel=0.0 brake=0.5411764705882353
----------------------------------------------------------
[DRIVER REACTION 1] Logical time: 6172.02 
[DRIVER REACTION 1] Physical time: 6172.49 
[DRIVER REACTION 1] LAG: 0.46 
----------------------------------------------------------
The event throttle: 0.5764705882352941
The event throttle: 0.592156862745098
The event throttle: 0.6235294117647059
----------------------------------------------------------
[sterr,brake,accel] Logical time: 6196.11 
[sterr,brake,accel] Physical time: 6196.25 
[sterr,brake,accel] LAG: 0.14 
----------------------------------------------------------
[DRIVER STATE] accel=0.0 brake=0.6235294117647059
----------------------------------------------------------
[DRIVER REACTION 1] Logical time: 6196.11 
[DRIVER REACTION 1] Physical time: 6196.50 
[DRIVER REACTION 1] LAG: 0.39 
----------------------------------------------------------
The event throttle: 0.6549019607843137
[DEVICE READER CAM read] Physical time: 6208.24 
[DEVICE READER CAM read] LAG: 8.24 
----------------------------------------------------------
[DEVICE READER CAM TIMER] Logical time: 6200.00 
[DEVICE READER CAM TIMER] Physical time: 6208.47 
[DEVICE READER CAM TIMER] LAG: 8.47 
----------------------------------------------------------
----------------------------------------------------------
[DRIVER] Logical time: 6200.00 
[DRIVER] Physical time: 6208.68 
[DRIVER] LAG: 8.68 
----------------------------------------------------------
The event throttle: 0.6666666666666666
The event throttle: 0.6941176470588235
----------------------------------------------------------
[sterr,brake,accel] Logical time: 6220.01 
[sterr,brake,accel] Physical time: 6220.17 
[sterr,brake,accel] LAG: 0.16 
----------------------------------------------------------
[DRIVER STATE] accel=0.0 brake=0.6941176470588235
----------------------------------------------------------
[DRIVER REACTION 1] Logical time: 6220.01 
[DRIVER REACTION 1] Physical time: 6220.56 
[DRIVER REACTION 1] LAG: 0.55 
----------------------------------------------------------
The event throttle: 0.7019607843137254
The event throttle: 0.7215686274509804
The event throttle: 0.7372549019607844
----------------------------------------------------------
[sterr,brake,accel] Logical time: 6244.10 
[sterr,brake,accel] Physical time: 6244.38 
[sterr,brake,accel] LAG: 0.28 
----------------------------------------------------------
[DRIVER STATE] accel=0.0 brake=0.7372549019607844
----------------------------------------------------------
[DRIVER REACTION 1] Logical time: 6244.10 
[DRIVER REACTION 1] Physical time: 6245.11 
[DRIVER REACTION 1] LAG: 1.01 
----------------------------------------------------------
The event throttle: 0.7411764705882353
The event throttle: 0.7490196078431373
The event throttle: 0.7529411764705882
----------------------------------------------------------
[sterr,brake,accel] Logical time: 6268.06 
[sterr,brake,accel] Physical time: 6268.30 
[sterr,brake,accel] LAG: 0.24 
----------------------------------------------------------
[DRIVER STATE] accel=0.0 brake=0.7529411764705882
----------------------------------------------------------
[DRIVER REACTION 1] Logical time: 6268.06 
[DRIVER REACTION 1] Physical time: 6268.91 
[DRIVER REACTION 1] LAG: 0.85 
----------------------------------------------------------
----------------------------------------------------------
[DRIVER] Logical time: 6300.00 
[DRIVER] Physical time: 6300.35 
[DRIVER] LAG: 0.35 
----------------------------------------------------------
The event throttle: 0.7450980392156863
----------------------------------------------------------
[sterr,brake,accel] Logical time: 6324.25 
[sterr,brake,accel] Physical time: 6324.49 
[sterr,brake,accel] LAG: 0.25 
----------------------------------------------------------
[DRIVER STATE] accel=0.0 brake=0.7450980392156863
----------------------------------------------------------
[DRIVER REACTION 1] Logical time: 6324.25 
[DRIVER REACTION 1] Physical time: 6325.16 
[DRIVER REACTION 1] LAG: 0.91 
----------------------------------------------------------
The event throttle: 0.7372549019607844
The event throttle: 0.7215686274509804
The event throttle: 0.7098039215686275
----------------------------------------------------------
[sterr,brake,accel] Logical time: 6348.07 
[sterr,brake,accel] Physical time: 6348.32 
[sterr,brake,accel] LAG: 0.25 
----------------------------------------------------------
[DRIVER STATE] accel=0.0 brake=0.7098039215686275
----------------------------------------------------------
[DRIVER REACTION 1] Logical time: 6348.07 
[DRIVER REACTION 1] Physical time: 6348.91 
[DRIVER REACTION 1] LAG: 0.84 
----------------------------------------------------------
The event throttle: 0.6862745098039216
The event throttle: 0.6588235294117647
The event throttle: 0.6431372549019608
----------------------------------------------------------
[sterr,brake,accel] Logical time: 6372.09 
[sterr,brake,accel] Physical time: 6372.36 
[sterr,brake,accel] LAG: 0.27 
----------------------------------------------------------
[DRIVER STATE] accel=0.0 brake=0.6431372549019608
----------------------------------------------------------
[DRIVER REACTION 1] Logical time: 6372.09 
[DRIVER REACTION 1] Physical time: 6373.04 
[DRIVER REACTION 1] LAG: 0.95 
----------------------------------------------------------
The event throttle: 0.6078431372549019
The event throttle: 0.592156862745098
The event throttle: 0.5529411764705883
----------------------------------------------------------
[sterr,brake,accel] Logical time: 6396.08 
[sterr,brake,accel] Physical time: 6396.34 
[sterr,brake,accel] LAG: 0.26 
----------------------------------------------------------
[DRIVER STATE] accel=0.0 brake=0.5529411764705883
----------------------------------------------------------
[DRIVER REACTION 1] Logical time: 6396.08 
[DRIVER REACTION 1] Physical time: 6397.03 
[DRIVER REACTION 1] LAG: 0.95 
----------------------------------------------------------
[DEVICE READER CAM read] Physical time: 6404.02 
[DEVICE READER CAM read] LAG: 4.02 
The event throttle: 0.5137254901960784
----------------------------------------------------------
[DEVICE READER CAM TIMER] Logical time: 6400.00 
[DEVICE READER CAM TIMER] Physical time: 6404.48 
[DEVICE READER CAM TIMER] LAG: 4.48 
----------------------------------------------------------
----------------------------------------------------------
[DRIVER] Logical time: 6400.00 
[DRIVER] Physical time: 6405.07 
[DRIVER] LAG: 5.07 
----------------------------------------------------------
The event throttle: 0.4980392156862745
The event throttle: 0.4549019607843137
----------------------------------------------------------
[sterr,brake,accel] Logical time: 6420.10 
[sterr,brake,accel] Physical time: 6420.37 
[sterr,brake,accel] LAG: 0.27 
----------------------------------------------------------
[DRIVER STATE] accel=0.0 brake=0.4549019607843137
----------------------------------------------------------
[DRIVER REACTION 1] Logical time: 6420.10 
[DRIVER REACTION 1] Physical time: 6421.09 
[DRIVER REACTION 1] LAG: 0.99 
----------------------------------------------------------
The event throttle: 0.43529411764705883
The event throttle: 0.396078431372549
The event throttle: 0.35294117647058826
----------------------------------------------------------
[sterr,brake,accel] Logical time: 6444.08 
[sterr,brake,accel] Physical time: 6444.32 
[sterr,brake,accel] LAG: 0.24 
----------------------------------------------------------
[DRIVER STATE] accel=0.0 brake=0.35294117647058826
----------------------------------------------------------
[DRIVER REACTION 1] Logical time: 6444.08 
[DRIVER REACTION 1] Physical time: 6444.95 
[DRIVER REACTION 1] LAG: 0.87 
----------------------------------------------------------
The event throttle: 0.33725490196078434
The event throttle: 0.2980392156862745
The event throttle: 0.28627450980392155
----------------------------------------------------------
[sterr,brake,accel] Logical time: 6468.12 
[sterr,brake,accel] Physical time: 6468.40 
[sterr,brake,accel] LAG: 0.28 
----------------------------------------------------------
[DRIVER STATE] accel=0.0 brake=0.28627450980392155
----------------------------------------------------------
[DRIVER REACTION 1] Logical time: 6468.12 
[DRIVER REACTION 1] Physical time: 6469.13 
[DRIVER REACTION 1] LAG: 1.00 
----------------------------------------------------------
The event throttle: 0.25882352941176473
The event throttle: 0.23137254901960785
The event throttle: 0.2196078431372549
----------------------------------------------------------
[sterr,brake,accel] Logical time: 6492.12 
[sterr,brake,accel] Physical time: 6492.40 
[sterr,brake,accel] LAG: 0.28 
----------------------------------------------------------
[DRIVER STATE] accel=0.0 brake=0.2196078431372549
----------------------------------------------------------
[DRIVER REACTION 1] Logical time: 6492.12 
[DRIVER REACTION 1] Physical time: 6493.07 
[DRIVER REACTION 1] LAG: 0.95 
----------------------------------------------------------
The event throttle: 0.19215686274509805
----------------------------------------------------------
[DRIVER] Logical time: 6500.00 
[DRIVER] Physical time: 6500.39 
[DRIVER] LAG: 0.39 
----------------------------------------------------------
The event throttle: 0.1843137254901961
The event throttle: 0.16862745098039217
----------------------------------------------------------
[sterr,brake,accel] Logical time: 6516.09 
[sterr,brake,accel] Physical time: 6516.32 
[sterr,brake,accel] LAG: 0.23 
----------------------------------------------------------
[DRIVER STATE] accel=0.0 brake=0.16862745098039217
----------------------------------------------------------
[DRIVER REACTION 1] Logical time: 6516.09 
[DRIVER REACTION 1] Physical time: 6516.91 
[DRIVER REACTION 1] LAG: 0.83 
----------------------------------------------------------
The event throttle: 0.16470588235294117
The event throttle: 0.1607843137254902
The event throttle: 0.1568627450980392
----------------------------------------------------------
[sterr,brake,accel] Logical time: 6540.19 
[sterr,brake,accel] Physical time: 6540.47 
[sterr,brake,accel] LAG: 0.28 
----------------------------------------------------------
[DRIVER STATE] accel=0.0 brake=0.1568627450980392
----------------------------------------------------------
[DRIVER REACTION 1] Logical time: 6540.19 
[DRIVER REACTION 1] Physical time: 6541.18 
[DRIVER REACTION 1] LAG: 0.99 
----------------------------------------------------------
The event throttle: 0.1607843137254902
The event throttle: 0.16470588235294117
----------------------------------------------------------
[sterr,brake,accel] Logical time: 6596.25 
[sterr,brake,accel] Physical time: 6596.54 
[sterr,brake,accel] LAG: 0.28 
----------------------------------------------------------
[DRIVER STATE] accel=0.0 brake=0.16470588235294117
----------------------------------------------------------
[DRIVER REACTION 1] Logical time: 6596.25 
[DRIVER REACTION 1] Physical time: 6597.30 
[DRIVER REACTION 1] LAG: 1.04 
----------------------------------------------------------
The event throttle: 0.17647058823529413
[DEVICE READER CAM read] Physical time: 6604.66 
[DEVICE READER CAM read] LAG: 4.66 
----------------------------------------------------------
[DEVICE READER CAM TIMER] Logical time: 6600.00 
[DEVICE READER CAM TIMER] Physical time: 6604.88 
[DEVICE READER CAM TIMER] LAG: 4.88 
----------------------------------------------------------
----------------------------------------------------------
[DRIVER] Logical time: 6600.00 
[DRIVER] Physical time: 6605.35 
[DRIVER] LAG: 5.35 
----------------------------------------------------------
The event throttle: 0.1803921568627451
The event throttle: 0.19607843137254902
----------------------------------------------------------
[sterr,brake,accel] Logical time: 6620.04 
[sterr,brake,accel] Physical time: 6620.21 
[sterr,brake,accel] LAG: 0.17 
----------------------------------------------------------
[DRIVER STATE] accel=0.0 brake=0.19607843137254902
----------------------------------------------------------
[DRIVER REACTION 1] Logical time: 6620.04 
[DRIVER REACTION 1] Physical time: 6620.60 
[DRIVER REACTION 1] LAG: 0.56 
----------------------------------------------------------
The event throttle: 0.20392156862745098
The event throttle: 0.2196078431372549
The event throttle: 0.23921568627450981
----------------------------------------------------------
[sterr,brake,accel] Logical time: 6644.16 
[sterr,brake,accel] Physical time: 6644.48 
[sterr,brake,accel] LAG: 0.32 
----------------------------------------------------------
[DRIVER STATE] accel=0.0 brake=0.23921568627450981
----------------------------------------------------------
[DRIVER REACTION 1] Logical time: 6644.16 
[DRIVER REACTION 1] Physical time: 6645.24 
[DRIVER REACTION 1] LAG: 1.09 
----------------------------------------------------------
The event throttle: 0.24705882352941178
The event throttle: 0.26666666666666666
The event throttle: 0.27450980392156865
----------------------------------------------------------
[sterr,brake,accel] Logical time: 6668.16 
[sterr,brake,accel] Physical time: 6668.42 
[sterr,brake,accel] LAG: 0.26 
----------------------------------------------------------
[DRIVER STATE] accel=0.0 brake=0.27450980392156865
----------------------------------------------------------
[DRIVER REACTION 1] Logical time: 6668.16 
[DRIVER REACTION 1] Physical time: 6669.07 
[DRIVER REACTION 1] LAG: 0.91 
----------------------------------------------------------
The event throttle: 0.2901960784313726
The event throttle: 0.3058823529411765
The event throttle: 0.3176470588235294
----------------------------------------------------------
[sterr,brake,accel] Logical time: 6692.14 
[sterr,brake,accel] Physical time: 6692.42 
[sterr,brake,accel] LAG: 0.28 
----------------------------------------------------------
[DRIVER STATE] accel=0.0 brake=0.3176470588235294
----------------------------------------------------------
[DRIVER REACTION 1] Logical time: 6692.14 
[DRIVER REACTION 1] Physical time: 6693.11 
[DRIVER REACTION 1] LAG: 0.97 
----------------------------------------------------------
The event throttle: 0.33725490196078434
----------------------------------------------------------
[DRIVER] Logical time: 6700.00 
[DRIVER] Physical time: 6700.46 
[DRIVER] LAG: 0.46 
----------------------------------------------------------
The event throttle: 0.34509803921568627
The event throttle: 0.3607843137254902
----------------------------------------------------------
[sterr,brake,accel] Logical time: 6716.14 
[sterr,brake,accel] Physical time: 6716.37 
[sterr,brake,accel] LAG: 0.23 
----------------------------------------------------------
[DRIVER STATE] accel=0.0 brake=0.3607843137254902
----------------------------------------------------------
[DRIVER REACTION 1] Logical time: 6716.14 
[DRIVER REACTION 1] Physical time: 6717.00 
[DRIVER REACTION 1] LAG: 0.86 
----------------------------------------------------------
The event throttle: 0.3764705882352941
The event throttle: 0.3843137254901961
The event throttle: 0.39215686274509803
----------------------------------------------------------
[sterr,brake,accel] Logical time: 6740.22 
[sterr,brake,accel] Physical time: 6740.50 
[sterr,brake,accel] LAG: 0.29 
----------------------------------------------------------
[DRIVER STATE] accel=0.0 brake=0.39215686274509803
----------------------------------------------------------
[DRIVER REACTION 1] Logical time: 6740.22 
[DRIVER REACTION 1] Physical time: 6741.19 
[DRIVER REACTION 1] LAG: 0.97 
----------------------------------------------------------
The event throttle: 0.4
The event throttle: 0.403921568627451
The event throttle: 0.4117647058823529
----------------------------------------------------------
[sterr,brake,accel] Logical time: 6764.09 
[sterr,brake,accel] Physical time: 6764.31 
[sterr,brake,accel] LAG: 0.23 
----------------------------------------------------------
[DRIVER STATE] accel=0.0 brake=0.4117647058823529
----------------------------------------------------------
[DRIVER REACTION 1] Logical time: 6764.09 
[DRIVER REACTION 1] Physical time: 6765.03 
[DRIVER REACTION 1] LAG: 0.94 
----------------------------------------------------------
[DEVICE READER CAM read] Physical time: 6808.74 
[DEVICE READER CAM read] LAG: 8.74 
----------------------------------------------------------
[DEVICE READER CAM TIMER] Logical time: 6800.00 
[DEVICE READER CAM TIMER] Physical time: 6809.02 
[DEVICE READER CAM TIMER] LAG: 9.02 
----------------------------------------------------------
The event throttle: 0.40784313725490196
Faces: 0
The event throttle: 0.4
The event throttle: 0.39215686274509803
The event throttle: 0.3843137254901961
The event throttle: 0.37254901960784315
The event throttle: 0.35294117647058826
Saved debug (no face)
The event throttle: 0.3333333333333333
----------------------------------------------------------
[FACE DETECTOR] Logical time: 6800.00 
[FACE DETECTOR] Physical time: 6884.43 
[FACE DETECTOR] LAG: 84.43 
----------------------------------------------------------
[DRIVER STATE] accel=0.0 brake=0.0
----------------------------------------------------------
[DRIVER REACTION 1] Logical time: 6800.00 
[DRIVER REACTION 1] Physical time: 6885.22 
[DRIVER REACTION 1] LAG: 85.22 
----------------------------------------------------------
----------------------------------------------------------
[DRIVER] Logical time: 6800.00 
[DRIVER] Physical time: 6885.35 
[DRIVER] LAG: 85.35 
----------------------------------------------------------
----------------------------------------------------------
[sterr,brake,accel] Logical time: 6836.19 
[sterr,brake,accel] Physical time: 6885.98 
[sterr,brake,accel] LAG: 49.80 
----------------------------------------------------------
[DRIVER STATE] accel=0.0 brake=0.40784313725490196
----------------------------------------------------------
[DRIVER REACTION 1] Logical time: 6836.19 
[DRIVER REACTION 1] Physical time: 6886.27 
[DRIVER REACTION 1] LAG: 50.08 
----------------------------------------------------------
----------------------------------------------------------
[sterr,brake,accel] Logical time: 6860.13 
[sterr,brake,accel] Physical time: 6886.41 
[sterr,brake,accel] LAG: 26.28 
----------------------------------------------------------
[DRIVER STATE] accel=0.0 brake=0.3843137254901961
----------------------------------------------------------
[DRIVER REACTION 1] Logical time: 6860.13 
[DRIVER REACTION 1] Physical time: 6886.63 
[DRIVER REACTION 1] LAG: 26.51 
----------------------------------------------------------
----------------------------------------------------------
[sterr,brake,accel] Logical time: 6884.15 
[sterr,brake,accel] Physical time: 6886.81 
[sterr,brake,accel] LAG: 2.66 
----------------------------------------------------------
[DRIVER STATE] accel=0.0 brake=0.3333333333333333
----------------------------------------------------------
[DRIVER REACTION 1] Logical time: 6884.15 
[DRIVER REACTION 1] Physical time: 6887.08 
[DRIVER REACTION 1] LAG: 2.94 
----------------------------------------------------------
The event throttle: 0.3254901960784314
The event throttle: 0.2980392156862745
----------------------------------------------------------
[DRIVER] Logical time: 6900.00 
[DRIVER] Physical time: 6900.25 
[DRIVER] LAG: 0.25 
----------------------------------------------------------
The event throttle: 0.2901960784313726
----------------------------------------------------------
[sterr,brake,accel] Logical time: 6908.25 
[sterr,brake,accel] Physical time: 6908.51 
[sterr,brake,accel] LAG: 0.26 
----------------------------------------------------------
[DRIVER STATE] accel=0.0 brake=0.2901960784313726
----------------------------------------------------------
[DRIVER REACTION 1] Logical time: 6908.25 
[DRIVER REACTION 1] Physical time: 6909.16 
[DRIVER REACTION 1] LAG: 0.90 
----------------------------------------------------------
The event throttle: 0.27058823529411763
The event throttle: 0.24313725490196078
The event throttle: 0.23137254901960785
----------------------------------------------------------
[sterr,brake,accel] Logical time: 6932.17 
[sterr,brake,accel] Physical time: 6932.44 
[sterr,brake,accel] LAG: 0.28 
----------------------------------------------------------
[DRIVER STATE] accel=0.0 brake=0.23137254901960785
----------------------------------------------------------
[DRIVER REACTION 1] Logical time: 6932.17 
[DRIVER REACTION 1] Physical time: 6933.14 
[DRIVER REACTION 1] LAG: 0.97 
----------------------------------------------------------
The event throttle: 0.2
The event throttle: 0.19215686274509805
The event throttle: 0.16862745098039217
----------------------------------------------------------
[sterr,brake,accel] Logical time: 6956.14 
[sterr,brake,accel] Physical time: 6956.42 
[sterr,brake,accel] LAG: 0.28 
----------------------------------------------------------
[DRIVER STATE] accel=0.0 brake=0.16862745098039217
----------------------------------------------------------
[DRIVER REACTION 1] Logical time: 6956.14 
[DRIVER REACTION 1] Physical time: 6957.02 
[DRIVER REACTION 1] LAG: 0.88 
----------------------------------------------------------
The event throttle: 0.1450980392156863
The event throttle: 0.13725490196078433
The event throttle: 0.11764705882352941
----------------------------------------------------------
[sterr,brake,accel] Logical time: 6980.19 
[sterr,brake,accel] Physical time: 6980.49 
[sterr,brake,accel] LAG: 0.31 
----------------------------------------------------------
[DRIVER STATE] accel=0.0 brake=0.11764705882352941
----------------------------------------------------------
[DRIVER REACTION 1] Logical time: 6980.19 
[DRIVER REACTION 1] Physical time: 6981.25 
[DRIVER REACTION 1] LAG: 1.06 
----------------------------------------------------------
The event throttle: 0.10980392156862745
The event throttle: 0.09803921568627451
[DEVICE READER CAM read] Physical time: 7004.05 
[DEVICE READER CAM read] LAG: 4.05 
The event throttle: 0.09411764705882353
----------------------------------------------------------
[DEVICE READER CAM TIMER] Logical time: 7000.00 
[DEVICE READER CAM TIMER] Physical time: 7004.96 
[DEVICE READER CAM TIMER] LAG: 4.96 
----------------------------------------------------------
----------------------------------------------------------
[DRIVER] Logical time: 7000.00 
[DRIVER] Physical time: 7005.65 
[DRIVER] LAG: 5.65 
----------------------------------------------------------
----------------------------------------------------------
[sterr,brake,accel] Logical time: 7004.42 
[sterr,brake,accel] Physical time: 7007.17 
[sterr,brake,accel] LAG: 2.75 
----------------------------------------------------------
[DRIVER STATE] accel=0.0 brake=0.09411764705882353
----------------------------------------------------------
[DRIVER REACTION 1] Logical time: 7004.42 
[DRIVER REACTION 1] Physical time: 7007.41 
[DRIVER REACTION 1] LAG: 2.99 
----------------------------------------------------------
The event throttle: 0.09019607843137255
The event throttle: 0.09411764705882353
----------------------------------------------------------
[sterr,brake,accel] Logical time: 7060.27 
[sterr,brake,accel] Physical time: 7060.43 
[sterr,brake,accel] LAG: 0.15 
----------------------------------------------------------
[DRIVER STATE] accel=0.0 brake=0.09411764705882353
----------------------------------------------------------
[DRIVER REACTION 1] Logical time: 7060.27 
[DRIVER REACTION 1] Physical time: 7060.70 
[DRIVER REACTION 1] LAG: 0.43 
----------------------------------------------------------
The event throttle: 0.10196078431372549
The event throttle: 0.11764705882352941
----------------------------------------------------------
[sterr,brake,accel] Logical time: 7084.18 
[sterr,brake,accel] Physical time: 7084.34 
[sterr,brake,accel] LAG: 0.16 
----------------------------------------------------------
[DRIVER STATE] accel=0.0 brake=0.11764705882352941
----------------------------------------------------------
[DRIVER REACTION 1] Logical time: 7084.18 
[DRIVER REACTION 1] Physical time: 7084.63 
[DRIVER REACTION 1] LAG: 0.45 
----------------------------------------------------------
The event throttle: 0.12941176470588237
The event throttle: 0.1450980392156863
----------------------------------------------------------
[DRIVER] Logical time: 7100.00 
[DRIVER] Physical time: 7100.33 
[DRIVER] LAG: 0.33 
----------------------------------------------------------
The event throttle: 0.15294117647058825
----------------------------------------------------------
[sterr,brake,accel] Logical time: 7108.30 
[sterr,brake,accel] Physical time: 7108.57 
[sterr,brake,accel] LAG: 0.28 
----------------------------------------------------------
[DRIVER STATE] accel=0.0 brake=0.15294117647058825
----------------------------------------------------------
[DRIVER REACTION 1] Logical time: 7108.30 
[DRIVER REACTION 1] Physical time: 7109.31 
[DRIVER REACTION 1] LAG: 1.01 
----------------------------------------------------------
The event throttle: 0.17647058823529413
The event throttle: 0.19215686274509805
The event throttle: 0.20392156862745098
----------------------------------------------------------
[sterr,brake,accel] Logical time: 7132.15 
[sterr,brake,accel] Physical time: 7132.42 
[sterr,brake,accel] LAG: 0.26 
----------------------------------------------------------
[DRIVER STATE] accel=0.0 brake=0.20392156862745098
----------------------------------------------------------
[DRIVER REACTION 1] Logical time: 7132.15 
[DRIVER REACTION 1] Physical time: 7133.07 
[DRIVER REACTION 1] LAG: 0.91 
----------------------------------------------------------
The event throttle: 0.22745098039215686
The event throttle: 0.23529411764705882
The event throttle: 0.25882352941176473
----------------------------------------------------------
[sterr,brake,accel] Logical time: 7156.23 
[sterr,brake,accel] Physical time: 7156.48 
[sterr,brake,accel] LAG: 0.25 
----------------------------------------------------------
[DRIVER STATE] accel=0.0 brake=0.25882352941176473
----------------------------------------------------------
[DRIVER REACTION 1] Logical time: 7156.23 
[DRIVER REACTION 1] Physical time: 7157.15 
[DRIVER REACTION 1] LAG: 0.92 
----------------------------------------------------------
The event throttle: 0.27450980392156865
The event throttle: 0.2823529411764706
The event throttle: 0.2901960784313726
----------------------------------------------------------
[sterr,brake,accel] Logical time: 7180.15 
[sterr,brake,accel] Physical time: 7180.39 
[sterr,brake,accel] LAG: 0.23 
----------------------------------------------------------
[DRIVER STATE] accel=0.0 brake=0.2901960784313726
----------------------------------------------------------
[DRIVER REACTION 1] Logical time: 7180.15 
[DRIVER REACTION 1] Physical time: 7180.99 
[DRIVER REACTION 1] LAG: 0.84 
----------------------------------------------------------
The event throttle: 0.2980392156862745
The event throttle: 0.3137254901960784
[DEVICE READER CAM read] Physical time: 7204.04 
The event throttle: 0.3254901960784314
[DEVICE READER CAM read] LAG: 4.04 
----------------------------------------------------------
[DEVICE READER CAM TIMER] Logical time: 7200.00 
[DEVICE READER CAM TIMER] Physical time: 7204.52 
[DEVICE READER CAM TIMER] LAG: 4.52 
----------------------------------------------------------
----------------------------------------------------------
[DRIVER] Logical time: 7200.00 
[DRIVER] Physical time: 7205.08 
[DRIVER] LAG: 5.08 
----------------------------------------------------------
----------------------------------------------------------
[sterr,brake,accel] Logical time: 7204.32 
[sterr,brake,accel] Physical time: 7206.55 
[sterr,brake,accel] LAG: 2.24 
----------------------------------------------------------
[DRIVER STATE] accel=0.0 brake=0.3254901960784314
----------------------------------------------------------
[DRIVER REACTION 1] Logical time: 7204.32 
[DRIVER REACTION 1] Physical time: 7206.87 
[DRIVER REACTION 1] LAG: 2.56 
----------------------------------------------------------
The event throttle: 0.3333333333333333
The event throttle: 0.34509803921568627
The event throttle: 0.34901960784313724
----------------------------------------------------------
[sterr,brake,accel] Logical time: 7228.16 
[sterr,brake,accel] Physical time: 7228.26 
[sterr,brake,accel] LAG: 0.10 
----------------------------------------------------------
[DRIVER STATE] accel=0.0 brake=0.34901960784313724
----------------------------------------------------------
[DRIVER REACTION 1] Logical time: 7228.16 
[DRIVER REACTION 1] Physical time: 7228.46 
[DRIVER REACTION 1] LAG: 0.30 
----------------------------------------------------------
The event throttle: 0.35294117647058826
The event throttle: 0.3568627450980392
----------------------------------------------------------
[DRIVER] Logical time: 7300.00 
[DRIVER] Physical time: 7300.24 
[DRIVER] LAG: 0.24 
----------------------------------------------------------
The event throttle: 0.34901960784313724
----------------------------------------------------------
[sterr,brake,accel] Logical time: 7316.35 
[sterr,brake,accel] Physical time: 7316.60 
[sterr,brake,accel] LAG: 0.25 
----------------------------------------------------------
[DRIVER STATE] accel=0.0 brake=0.34901960784313724
----------------------------------------------------------
[DRIVER REACTION 1] Logical time: 7316.35 
[DRIVER REACTION 1] Physical time: 7317.25 
[DRIVER REACTION 1] LAG: 0.90 
----------------------------------------------------------
The event throttle: 0.34509803921568627
The event throttle: 0.33725490196078434
The event throttle: 0.3215686274509804
----------------------------------------------------------
[sterr,brake,accel] Logical time: 7340.23 
[sterr,brake,accel] Physical time: 7340.49 
[sterr,brake,accel] LAG: 0.26 
----------------------------------------------------------
[DRIVER STATE] accel=0.0 brake=0.3215686274509804
----------------------------------------------------------
[DRIVER REACTION 1] Logical time: 7340.23 
[DRIVER REACTION 1] Physical time: 7341.10 
[DRIVER REACTION 1] LAG: 0.87 
----------------------------------------------------------
The event throttle: 0.30980392156862746
The event throttle: 0.29411764705882354
The event throttle: 0.2784313725490196
----------------------------------------------------------
[sterr,brake,accel] Logical time: 7364.33 
[sterr,brake,accel] Physical time: 7364.57 
[sterr,brake,accel] LAG: 0.24 
----------------------------------------------------------
[DRIVER STATE] accel=0.0 brake=0.2784313725490196
----------------------------------------------------------
[DRIVER REACTION 1] Logical time: 7364.33 
[DRIVER REACTION 1] Physical time: 7365.15 
[DRIVER REACTION 1] LAG: 0.82 
----------------------------------------------------------
The event throttle: 0.27058823529411763
The event throttle: 0.24313725490196078
The event throttle: 0.22745098039215686
----------------------------------------------------------
[sterr,brake,accel] Logical time: 7388.19 
[sterr,brake,accel] Physical time: 7388.43 
[sterr,brake,accel] LAG: 0.24 
----------------------------------------------------------
[DRIVER STATE] accel=0.0 brake=0.22745098039215686
----------------------------------------------------------
[DRIVER REACTION 1] Logical time: 7388.19 
[DRIVER REACTION 1] Physical time: 7389.03 
[DRIVER REACTION 1] LAG: 0.85 
----------------------------------------------------------
The event throttle: 0.2
The event throttle: 0.16862745098039217
[DEVICE READER CAM read] Physical time: 7405.31 
[DEVICE READER CAM read] LAG: 5.31 
----------------------------------------------------------
[DEVICE READER CAM TIMER] Logical time: 7400.00 
[DEVICE READER CAM TIMER] Physical time: 7405.51 
[DEVICE READER CAM TIMER] LAG: 5.51 
----------------------------------------------------------
----------------------------------------------------------
[DRIVER] Logical time: 7400.00 
[DRIVER] Physical time: 7406.03 
[DRIVER] LAG: 6.03 
----------------------------------------------------------
The event throttle: 0.15294117647058825
----------------------------------------------------------
[sterr,brake,accel] Logical time: 7412.38 
[sterr,brake,accel] Physical time: 7412.59 
[sterr,brake,accel] LAG: 0.22 
----------------------------------------------------------
[DRIVER STATE] accel=0.0 brake=0.15294117647058825
----------------------------------------------------------
[DRIVER REACTION 1] Logical time: 7412.38 
[DRIVER REACTION 1] Physical time: 7413.16 
[DRIVER REACTION 1] LAG: 0.78 
----------------------------------------------------------
The event throttle: 0.11764705882352941
The event throttle: 0.10196078431372549
The event throttle: 0.07450980392156863
----------------------------------------------------------
[sterr,brake,accel] Logical time: 7436.18 
[sterr,brake,accel] Physical time: 7436.43 
[sterr,brake,accel] LAG: 0.24 
----------------------------------------------------------
[DRIVER STATE] accel=0.0 brake=0.07450980392156863
----------------------------------------------------------
[DRIVER REACTION 1] Logical time: 7436.18 
[DRIVER REACTION 1] Physical time: 7437.05 
[DRIVER REACTION 1] LAG: 0.87 
----------------------------------------------------------
The event throttle: 0.047058823529411764
The event throttle: 0.0392156862745098
The event throttle: 0.03137254901960784
----------------------------------------------------------
[sterr,brake,accel] Logical time: 7460.23 
[sterr,brake,accel] Physical time: 7460.53 
[sterr,brake,accel] LAG: 0.30 
----------------------------------------------------------
[DRIVER STATE] accel=0.0 brake=0.03137254901960784
----------------------------------------------------------
[DRIVER REACTION 1] Logical time: 7460.23 
[DRIVER REACTION 1] Physical time: 7461.66 
[DRIVER REACTION 1] LAG: 1.43 
----------------------------------------------------------
The event throttle: 0.027450980392156862
----------------------------------------------------------
[sterr,brake,accel] Logical time: 7492.38 
[sterr,brake,accel] Physical time: 7492.66 
[sterr,brake,accel] LAG: 0.29 
----------------------------------------------------------
[DRIVER STATE] accel=0.0 brake=0.027450980392156862
----------------------------------------------------------
[DRIVER REACTION 1] Logical time: 7492.38 
[DRIVER REACTION 1] Physical time: 7493.33 
[DRIVER REACTION 1] LAG: 0.96 
----------------------------------------------------------
----------------------------------------------------------
[DRIVER] Logical time: 7500.00 
[DRIVER] Physical time: 7500.40 
[DRIVER] LAG: 0.40 
----------------------------------------------------------
The event throttle: 0.03137254901960784
The event throttle: 0.027450980392156862
----------------------------------------------------------
[sterr,brake,accel] Logical time: 7524.28 
[sterr,brake,accel] Physical time: 7524.54 
[sterr,brake,accel] LAG: 0.25 
----------------------------------------------------------
[DRIVER STATE] accel=0.0 brake=0.027450980392156862
----------------------------------------------------------
[DRIVER REACTION 1] Logical time: 7524.28 
[DRIVER REACTION 1] Physical time: 7525.19 
[DRIVER REACTION 1] LAG: 0.90 
----------------------------------------------------------
The event throttle: 0.0392156862745098
The event throttle: 0.047058823529411764
----------------------------------------------------------
[sterr,brake,accel] Logical time: 7548.23 
[sterr,brake,accel] Physical time: 7548.52 
[sterr,brake,accel] LAG: 0.29 
----------------------------------------------------------
[DRIVER STATE] accel=0.0 brake=0.047058823529411764
----------------------------------------------------------
[DRIVER REACTION 1] Logical time: 7548.23 
[DRIVER REACTION 1] Physical time: 7549.22 
[DRIVER REACTION 1] LAG: 0.98 
----------------------------------------------------------
The event throttle: 0.06274509803921569
The event throttle: 0.09019607843137255
The event throttle: 0.10196078431372549
----------------------------------------------------------
[sterr,brake,accel] Logical time: 7572.24 
[sterr,brake,accel] Physical time: 7572.50 
[sterr,brake,accel] LAG: 0.26 
----------------------------------------------------------
[DRIVER STATE] accel=0.0 brake=0.10196078431372549
----------------------------------------------------------
[DRIVER REACTION 1] Logical time: 7572.24 
[DRIVER REACTION 1] Physical time: 7573.19 
[DRIVER REACTION 1] LAG: 0.95 
----------------------------------------------------------
The event throttle: 0.12941176470588237
The event throttle: 0.14901960784313725
The event throttle: 0.17647058823529413
----------------------------------------------------------
[sterr,brake,accel] Logical time: 7596.22 
[sterr,brake,accel] Physical time: 7596.46 
[sterr,brake,accel] LAG: 0.25 
----------------------------------------------------------
[DRIVER STATE] accel=0.0 brake=0.17647058823529413
----------------------------------------------------------
[DRIVER REACTION 1] Logical time: 7596.22 
[DRIVER REACTION 1] Physical time: 7597.08 
[DRIVER REACTION 1] LAG: 0.87 
----------------------------------------------------------
The event throttle: 0.20784313725490197
[DEVICE READER CAM read] Physical time: 7608.19 
[DEVICE READER CAM read] LAG: 8.19 
----------------------------------------------------------
[DEVICE READER CAM TIMER] Logical time: 7600.00 
[DEVICE READER CAM TIMER] Physical time: 7608.36 
[DEVICE READER CAM TIMER] LAG: 8.36 
----------------------------------------------------------
----------------------------------------------------------
[DRIVER] Logical time: 7600.00 
[DRIVER] Physical time: 7608.71 
[DRIVER] LAG: 8.71 
----------------------------------------------------------
The event throttle: 0.22745098039215686
The event throttle: 0.2627450980392157
----------------------------------------------------------
[sterr,brake,accel] Logical time: 7620.19 
[sterr,brake,accel] Physical time: 7620.33 
[sterr,brake,accel] LAG: 0.14 
----------------------------------------------------------
[DRIVER STATE] accel=0.0 brake=0.2627450980392157
----------------------------------------------------------
[DRIVER REACTION 1] Logical time: 7620.19 
[DRIVER REACTION 1] Physical time: 7620.54 
[DRIVER REACTION 1] LAG: 0.35 
----------------------------------------------------------
The event throttle: 0.2784313725490196
The event throttle: 0.30196078431372547
The event throttle: 0.3333333333333333
----------------------------------------------------------
[sterr,brake,accel] Logical time: 7644.23 
[sterr,brake,accel] Physical time: 7644.39 
[sterr,brake,accel] LAG: 0.16 
----------------------------------------------------------
[DRIVER STATE] accel=0.0 brake=0.3333333333333333
----------------------------------------------------------
[DRIVER REACTION 1] Logical time: 7644.23 
[DRIVER REACTION 1] Physical time: 7644.68 
[DRIVER REACTION 1] LAG: 0.45 
----------------------------------------------------------
The event throttle: 0.34901960784313724
The event throttle: 0.3803921568627451
The event throttle: 0.38823529411764707
----------------------------------------------------------
[sterr,brake,accel] Logical time: 7668.24 
[sterr,brake,accel] Physical time: 7668.37 
[sterr,brake,accel] LAG: 0.13 
----------------------------------------------------------
[DRIVER STATE] accel=0.0 brake=0.38823529411764707
----------------------------------------------------------
[DRIVER REACTION 1] Logical time: 7668.24 
[DRIVER REACTION 1] Physical time: 7668.62 
[DRIVER REACTION 1] LAG: 0.38 
----------------------------------------------------------
The event throttle: 0.41568627450980394
The event throttle: 0.43137254901960786
The event throttle: 0.44313725490196076
----------------------------------------------------------
[sterr,brake,accel] Logical time: 7692.24 
[sterr,brake,accel] Physical time: 7692.38 
[sterr,brake,accel] LAG: 0.14 
----------------------------------------------------------
[DRIVER STATE] accel=0.0 brake=0.44313725490196076
----------------------------------------------------------
[DRIVER REACTION 1] Logical time: 7692.24 
[DRIVER REACTION 1] Physical time: 7692.70 
[DRIVER REACTION 1] LAG: 0.47 
----------------------------------------------------------
----------------------------------------------------------
[DRIVER] Logical time: 7700.00 
[DRIVER] Physical time: 7700.22 
The event throttle: 0.4549019607843137
[DRIVER] LAG: 0.22 
----------------------------------------------------------
The event throttle: 0.4588235294117647
The event throttle: 0.4666666666666667
----------------------------------------------------------
[sterr,brake,accel] Logical time: 7716.25 
[sterr,brake,accel] Physical time: 7716.47 
[sterr,brake,accel] LAG: 0.22 
----------------------------------------------------------
[DRIVER STATE] accel=0.0 brake=0.4666666666666667
----------------------------------------------------------
[DRIVER REACTION 1] Logical time: 7716.25 
[DRIVER REACTION 1] Physical time: 7717.13 
[DRIVER REACTION 1] LAG: 0.87 
----------------------------------------------------------
The event throttle: 0.47058823529411764
----------------------------------------------------------
[sterr,brake,accel] Logical time: 7756.46 
[sterr,brake,accel] Physical time: 7756.85 
[sterr,brake,accel] LAG: 0.39 
----------------------------------------------------------
[DRIVER STATE] accel=0.0 brake=0.47058823529411764
----------------------------------------------------------
[DRIVER REACTION 1] Logical time: 7756.46 
[DRIVER REACTION 1] Physical time: 7757.58 
[DRIVER REACTION 1] LAG: 1.12 
----------------------------------------------------------
The event throttle: 0.4588235294117647
The event throttle: 0.45098039215686275
The event throttle: 0.43137254901960786
----------------------------------------------------------
[sterr,brake,accel] Logical time: 7780.28 
[sterr,brake,accel] Physical time: 7780.53 
[sterr,brake,accel] LAG: 0.25 
----------------------------------------------------------
[DRIVER STATE] accel=0.0 brake=0.43137254901960786
----------------------------------------------------------
[DRIVER REACTION 1] Logical time: 7780.28 
[DRIVER REACTION 1] Physical time: 7781.21 
[DRIVER REACTION 1] LAG: 0.93 
----------------------------------------------------------
The event throttle: 0.4196078431372549
The event throttle: 0.396078431372549
The event throttle: 0.3607843137254902
[DEVICE READER CAM read] Physical time: 7804.75 
[DEVICE READER CAM read] LAG: 4.75 
----------------------------------------------------------
[DEVICE READER CAM TIMER] Logical time: 7800.00 
[DEVICE READER CAM TIMER] Physical time: 7804.99 
[DEVICE READER CAM TIMER] LAG: 4.99 
----------------------------------------------------------
The event throttle: 0.34509803921568627
The event throttle: 0.2980392156862745
The event throttle: 0.28627450980392155
The event throttle: 0.23921568627450981
Faces: 0
The event throttle: 0.1843137254901961
The event throttle: 0.1568627450980392
The event throttle: 0.07058823529411765
The event throttle: 0.023529411764705882
Saved debug (no face)
----------------------------------------------------------
[FACE DETECTOR] Logical time: 7800.00 
[FACE DETECTOR] Physical time: 7879.43 
[FACE DETECTOR] LAG: 79.43 
----------------------------------------------------------
[DRIVER STATE] accel=0.0 brake=0.0
----------------------------------------------------------
[DRIVER REACTION 1] Logical time: 7800.00 
[DRIVER REACTION 1] Physical time: 7879.79 
[DRIVER REACTION 1] LAG: 79.79 
----------------------------------------------------------
----------------------------------------------------------
[DRIVER] Logical time: 7800.00 
[DRIVER] Physical time: 7879.97 
[DRIVER] LAG: 79.97 
----------------------------------------------------------
----------------------------------------------------------
[sterr,brake,accel] Logical time: 7804.55 
[sterr,brake,accel] Physical time: 7880.86 
[sterr,brake,accel] LAG: 76.31 
----------------------------------------------------------
[DRIVER STATE] accel=0.0 brake=0.3607843137254902
----------------------------------------------------------
[DRIVER REACTION 1] Logical time: 7804.55 
[DRIVER REACTION 1] Physical time: 7881.18 
[DRIVER REACTION 1] LAG: 76.63 
----------------------------------------------------------
----------------------------------------------------------
[sterr,brake,accel] Logical time: 7828.24 
[sterr,brake,accel] Physical time: 7881.39 
[sterr,brake,accel] LAG: 53.15 
----------------------------------------------------------
[DRIVER STATE] accel=0.0 brake=0.28627450980392155
----------------------------------------------------------
[DRIVER REACTION 1] Logical time: 7828.24 
[DRIVER REACTION 1] Physical time: 7881.74 
[DRIVER REACTION 1] LAG: 53.50 
----------------------------------------------------------
----------------------------------------------------------
[sterr,brake,accel] Logical time: 7860.29 
[sterr,brake,accel] Physical time: 7882.04 
[sterr,brake,accel] LAG: 21.75 
----------------------------------------------------------
[DRIVER STATE] accel=0.0 brake=0.1568627450980392
----------------------------------------------------------
[DRIVER REACTION 1] Logical time: 7860.29 
[DRIVER REACTION 1] Physical time: 7882.29 
[DRIVER REACTION 1] LAG: 22.00 
----------------------------------------------------------
The event throttle: 0.00392156862745098
----------------------------------------------------------
[sterr,brake,accel] Logical time: 7884.25 
[sterr,brake,accel] Physical time: 7884.37 
[sterr,brake,accel] LAG: 0.13 
----------------------------------------------------------
[DRIVER STATE] accel=0.0 brake=0.00392156862745098
----------------------------------------------------------
[DRIVER REACTION 1] Logical time: 7884.25 
[DRIVER REACTION 1] Physical time: 7884.65 
[DRIVER REACTION 1] LAG: 0.40 
----------------------------------------------------------
The event throttle: 0.0
----------------------------------------------------------
[DRIVER] Logical time: 7900.00 
[DRIVER] Physical time: 7900.28 
[DRIVER] LAG: 0.28 
----------------------------------------------------------
[DEVICE READER CAM read] Physical time: 8004.75 
[DEVICE READER CAM read] LAG: 4.75 
----------------------------------------------------------
[DEVICE READER CAM TIMER] Logical time: 8000.00 
[DEVICE READER CAM TIMER] Physical time: 8005.01 
[DEVICE READER CAM TIMER] LAG: 5.01 
----------------------------------------------------------
----------------------------------------------------------
[DRIVER] Logical time: 8000.00 
[DRIVER] Physical time: 8005.61 
[DRIVER] LAG: 5.61 
----------------------------------------------------------
----------------------------------------------------------
[DRIVER] Logical time: 8100.00 
[DRIVER] Physical time: 8100.25 
[DRIVER] LAG: 0.25 
----------------------------------------------------------
[DEVICE READER CAM read] Physical time: 8204.72 
[DEVICE READER CAM read] LAG: 4.72 
----------------------------------------------------------
[DEVICE READER CAM TIMER] Logical time: 8200.00 
[DEVICE READER CAM TIMER] Physical time: 8205.00 
[DEVICE READER CAM TIMER] LAG: 5.00 
----------------------------------------------------------
----------------------------------------------------------
[DRIVER] Logical time: 8200.00 
[DRIVER] Physical time: 8205.60 
[DRIVER] LAG: 5.60 
----------------------------------------------------------
----------------------------------------------------------
[DRIVER] Logical time: 8300.00 
[DRIVER] Physical time: 8300.38 
[DRIVER] LAG: 0.38 
----------------------------------------------------------
[DEVICE READER CAM read] Physical time: 8408.29 
[DEVICE READER CAM read] LAG: 8.29 
----------------------------------------------------------
[DEVICE READER CAM TIMER] Logical time: 8400.00 
[DEVICE READER CAM TIMER] Physical time: 8408.53 
[DEVICE READER CAM TIMER] LAG: 8.53 
----------------------------------------------------------
----------------------------------------------------------
[DRIVER] Logical time: 8400.00 
[DRIVER] Physical time: 8409.32 
[DRIVER] LAG: 9.32 
----------------------------------------------------------
----------------------------------------------------------
[DRIVER] Logical time: 8500.00 
[DRIVER] Physical time: 8500.43 
[DRIVER] LAG: 0.43 
----------------------------------------------------------
[DEVICE READER CAM read] Physical time: 8603.95 
[DEVICE READER CAM read] LAG: 3.95 
----------------------------------------------------------
[DEVICE READER CAM TIMER] Logical time: 8600.00 
[DEVICE READER CAM TIMER] Physical time: 8604.16 
[DEVICE READER CAM TIMER] LAG: 4.16 
----------------------------------------------------------
----------------------------------------------------------
[DRIVER] Logical time: 8600.00 
[DRIVER] Physical time: 8604.33 
[DRIVER] LAG: 4.33 
----------------------------------------------------------
The event throttle: 0.00392156862745098
----------------------------------------------------------
[sterr,brake,accel] Logical time: 8684.63 
[sterr,brake,accel] Physical time: 8685.02 
[sterr,brake,accel] LAG: 0.38 
----------------------------------------------------------
[DRIVER STATE] accel=0.0 brake=0.00392156862745098
----------------------------------------------------------
[DRIVER REACTION 1] Logical time: 8684.63 
[DRIVER REACTION 1] Physical time: 8685.83 
[DRIVER REACTION 1] LAG: 1.19 
----------------------------------------------------------
The event throttle: 0.00784313725490196
----------------------------------------------------------
[DRIVER] Logical time: 8700.00 
[DRIVER] Physical time: 8700.27 
The event throttle: 0.011764705882352941
[DRIVER] LAG: 0.27 
----------------------------------------------------------
The event throttle: 0.01568627450980392
----------------------------------------------------------
[sterr,brake,accel] Logical time: 8708.47 
[sterr,brake,accel] Physical time: 8708.73 
[sterr,brake,accel] LAG: 0.26 
----------------------------------------------------------
[DRIVER STATE] accel=0.0 brake=0.01568627450980392
----------------------------------------------------------
[DRIVER REACTION 1] Logical time: 8708.47 
[DRIVER REACTION 1] Physical time: 8709.35 
[DRIVER REACTION 1] LAG: 0.87 
----------------------------------------------------------
The event throttle: 0.027450980392156862
The event throttle: 0.047058823529411764
The event throttle: 0.06274509803921569
----------------------------------------------------------
[sterr,brake,accel] Logical time: 8732.54 
[sterr,brake,accel] Physical time: 8732.87 
[sterr,brake,accel] LAG: 0.33 
----------------------------------------------------------
[DRIVER STATE] accel=0.0 brake=0.06274509803921569
----------------------------------------------------------
[DRIVER REACTION 1] Logical time: 8732.54 
[DRIVER REACTION 1] Physical time: 8733.60 
[DRIVER REACTION 1] LAG: 1.06 
----------------------------------------------------------
The event throttle: 0.09411764705882353
The event throttle: 0.11372549019607843
The event throttle: 0.16862745098039217
----------------------------------------------------------
[sterr,brake,accel] Logical time: 8756.43 
[sterr,brake,accel] Physical time: 8756.83 
[sterr,brake,accel] LAG: 0.40 
----------------------------------------------------------
[DRIVER STATE] accel=0.0 brake=0.16862745098039217
----------------------------------------------------------
[DRIVER REACTION 1] Logical time: 8756.43 
[DRIVER REACTION 1] Physical time: 8757.51 
[DRIVER REACTION 1] LAG: 1.08 
----------------------------------------------------------
The event throttle: 0.23137254901960785
The event throttle: 0.27058823529411763
The event throttle: 0.35294117647058826
----------------------------------------------------------
[sterr,brake,accel] Logical time: 8780.38 
[sterr,brake,accel] Physical time: 8780.65 
[sterr,brake,accel] LAG: 0.27 
----------------------------------------------------------
[DRIVER STATE] accel=0.0 brake=0.35294117647058826
----------------------------------------------------------
[DRIVER REACTION 1] Logical time: 8780.38 
[DRIVER REACTION 1] Physical time: 8781.30 
[DRIVER REACTION 1] LAG: 0.91 
----------------------------------------------------------
The event throttle: 0.4117647058823529
The event throttle: 0.5411764705882353
The event throttle: 0.6941176470588235
[DEVICE READER CAM read] Physical time: 8805.03 
[DEVICE READER CAM read] LAG: 5.03 
----------------------------------------------------------
[DEVICE READER CAM TIMER] Logical time: 8800.00 
[DEVICE READER CAM TIMER] Physical time: 8805.21 
[DEVICE READER CAM TIMER] LAG: 5.21 
----------------------------------------------------------
The event throttle: 0.7803921568627451
The event throttle: 0.9882352941176471
The event throttle: 1.0
Faces: 0
Saved debug (no face)
----------------------------------------------------------
[FACE DETECTOR] Logical time: 8800.00 
[FACE DETECTOR] Physical time: 8877.45 
[FACE DETECTOR] LAG: 77.45 
----------------------------------------------------------
[DRIVER STATE] accel=0.0 brake=0.0
----------------------------------------------------------
[DRIVER REACTION 1] Logical time: 8800.00 
[DRIVER REACTION 1] Physical time: 8877.80 
[DRIVER REACTION 1] LAG: 77.80 
----------------------------------------------------------
----------------------------------------------------------
[DRIVER] Logical time: 8800.00 
[DRIVER] Physical time: 8877.99 
[DRIVER] LAG: 77.99 
----------------------------------------------------------
----------------------------------------------------------
[sterr,brake,accel] Logical time: 8804.88 
[sterr,brake,accel] Physical time: 8878.55 
[sterr,brake,accel] LAG: 73.66 
----------------------------------------------------------
[DRIVER STATE] accel=0.0 brake=0.6941176470588235
----------------------------------------------------------
[DRIVER REACTION 1] Logical time: 8804.88 
[DRIVER REACTION 1] Physical time: 8878.86 
[DRIVER REACTION 1] LAG: 73.97 
----------------------------------------------------------
----------------------------------------------------------
[sterr,brake,accel] Logical time: 8828.35 
[sterr,brake,accel] Physical time: 8879.01 
[sterr,brake,accel] LAG: 50.67 
----------------------------------------------------------
[DRIVER STATE] accel=0.0 brake=1.0
----------------------------------------------------------
[DRIVER REACTION 1] Logical time: 8828.35 
[DRIVER REACTION 1] Physical time: 8879.25 
[DRIVER REACTION 1] LAG: 50.90 
----------------------------------------------------------
----------------------------------------------------------
[DRIVER] Logical time: 8900.00 
[DRIVER] Physical time: 8900.32 
[DRIVER] LAG: 0.32 
----------------------------------------------------------
[DEVICE READER CAM read] Physical time: 9004.49 
[DEVICE READER CAM read] LAG: 4.49 
----------------------------------------------------------
[DEVICE READER CAM TIMER] Logical time: 9000.00 
[DEVICE READER CAM TIMER] Physical time: 9004.72 
[DEVICE READER CAM TIMER] LAG: 4.72 
----------------------------------------------------------
----------------------------------------------------------
[DRIVER] Logical time: 9000.00 
[DRIVER] Physical time: 9005.04 
[DRIVER] LAG: 5.04 
----------------------------------------------------------
----------------------------------------------------------
[DRIVER] Logical time: 9100.00 
[DRIVER] Physical time: 9100.43 
[DRIVER] LAG: 0.43 
----------------------------------------------------------
[DEVICE READER CAM read] Physical time: 9208.25 
[DEVICE READER CAM read] LAG: 8.25 
----------------------------------------------------------
[DEVICE READER CAM TIMER] Logical time: 9200.00 
[DEVICE READER CAM TIMER] Physical time: 9208.50 
[DEVICE READER CAM TIMER] LAG: 8.50 
----------------------------------------------------------
----------------------------------------------------------
[DRIVER] Logical time: 9200.00 
[DRIVER] Physical time: 9208.71 
[DRIVER] LAG: 8.71 
----------------------------------------------------------
----------------------------------------------------------
[DRIVER] Logical time: 9300.00 
[DRIVER] Physical time: 9300.38 
[DRIVER] LAG: 0.38 
----------------------------------------------------------
[DEVICE READER CAM read] Physical time: 9404.64 
[DEVICE READER CAM read] LAG: 4.64 
----------------------------------------------------------
[DEVICE READER CAM TIMER] Logical time: 9400.00 
[DEVICE READER CAM TIMER] Physical time: 9404.98 
[DEVICE READER CAM TIMER] LAG: 4.98 
----------------------------------------------------------
----------------------------------------------------------
[DRIVER] Logical time: 9400.00 
[DRIVER] Physical time: 9405.22 
[DRIVER] LAG: 5.22 
----------------------------------------------------------
----------------------------------------------------------
[DRIVER] Logical time: 9500.00 
[DRIVER] Physical time: 9500.43 
[DRIVER] LAG: 0.43 
----------------------------------------------------------
[DEVICE READER CAM read] Physical time: 9604.94 
[DEVICE READER CAM read] LAG: 4.94 
----------------------------------------------------------
[DEVICE READER CAM TIMER] Logical time: 9600.00 
[DEVICE READER CAM TIMER] Physical time: 9606.13 
[DEVICE READER CAM TIMER] LAG: 6.13 
----------------------------------------------------------
----------------------------------------------------------
[DRIVER] Logical time: 9600.00 
[DRIVER] Physical time: 9606.84 
[DRIVER] LAG: 6.84 
----------------------------------------------------------
----------------------------------------------------------
[DRIVER] Logical time: 9700.00 
[DRIVER] Physical time: 9700.38 
[DRIVER] LAG: 0.38 
----------------------------------------------------------
[DEVICE READER CAM read] Physical time: 9805.19 
[DEVICE READER CAM read] LAG: 5.19 
----------------------------------------------------------
[DEVICE READER CAM TIMER] Logical time: 9800.00 
[DEVICE READER CAM TIMER] Physical time: 9805.42 
[DEVICE READER CAM TIMER] LAG: 5.42 
----------------------------------------------------------
Faces: 0
Saved debug (no face)
----------------------------------------------------------
[FACE DETECTOR] Logical time: 9800.00 
[FACE DETECTOR] Physical time: 9877.83 
[FACE DETECTOR] LAG: 77.83 
----------------------------------------------------------
[DRIVER STATE] accel=0.0 brake=0.0
----------------------------------------------------------
[DRIVER REACTION 1] Logical time: 9800.00 
[DRIVER REACTION 1] Physical time: 9878.18 
[DRIVER REACTION 1] LAG: 78.18 
----------------------------------------------------------
----------------------------------------------------------
[DRIVER] Logical time: 9800.00 
[DRIVER] Physical time: 9878.37 
[DRIVER] LAG: 78.37 
----------------------------------------------------------
----------------------------------------------------------
[DRIVER] Logical time: 9900.00 
[DRIVER] Physical time: 9900.26 
[DRIVER] LAG: 0.26 
----------------------------------------------------------
[DEVICE READER CAM read] Physical time: 10004.55 
[DEVICE READER CAM read] LAG: 4.55 
----------------------------------------------------------
[DEVICE READER CAM TIMER] Logical time: 10000.00 
[DEVICE READER CAM TIMER] Physical time: 10004.81 
[DEVICE READER CAM TIMER] LAG: 4.81 
----------------------------------------------------------
----------------------------------------------------------
[DRIVER] Logical time: 10000.00 
[DRIVER] Physical time: 10005.41 
[DRIVER] LAG: 5.41 
----------------------------------------------------------
----------------------------------------------------------
[DRIVER] Logical time: 10100.00 
[DRIVER] Physical time: 10100.32 
[DRIVER] LAG: 0.32 
----------------------------------------------------------
The event throttle: 0.9333333333333333
----------------------------------------------------------
[sterr,brake,accel] Logical time: 10164.65 
[sterr,brake,accel] Physical time: 10164.90 
[sterr,brake,accel] LAG: 0.25 
----------------------------------------------------------
[DRIVER STATE] accel=0.0 brake=0.9333333333333333
----------------------------------------------------------
[DRIVER REACTION 1] Logical time: 10164.65 
[DRIVER REACTION 1] Physical time: 10165.38 
[DRIVER REACTION 1] LAG: 0.73 
----------------------------------------------------------
The event throttle: 0.8784313725490196
The event throttle: 0.7333333333333333
The event throttle: 0.5803921568627451
----------------------------------------------------------
[sterr,brake,accel] Logical time: 10188.58 
[sterr,brake,accel] Physical time: 10188.88 
[sterr,brake,accel] LAG: 0.30 
----------------------------------------------------------
[DRIVER STATE] accel=0.0 brake=0.5803921568627451
----------------------------------------------------------
[DRIVER REACTION 1] Logical time: 10188.58 
[DRIVER REACTION 1] Physical time: 10189.50 
[DRIVER REACTION 1] LAG: 0.91 
----------------------------------------------------------
The event throttle: 0.5058823529411764
[DEVICE READER CAM read] Physical time: 10204.45 
The event throttle: 0.3411764705882353
[DEVICE READER CAM read] LAG: 4.45 
----------------------------------------------------------
[DEVICE READER CAM TIMER] Logical time: 10200.00 
[DEVICE READER CAM TIMER] Physical time: 10204.91 
[DEVICE READER CAM TIMER] LAG: 4.91 
----------------------------------------------------------
----------------------------------------------------------
[DRIVER] Logical time: 10200.00 
[DRIVER] Physical time: 10205.42 
[DRIVER] LAG: 5.42 
----------------------------------------------------------
The event throttle: 0.2784313725490196
----------------------------------------------------------
[sterr,brake,accel] Logical time: 10212.80 
[sterr,brake,accel] Physical time: 10213.05 
[sterr,brake,accel] LAG: 0.25 
----------------------------------------------------------
[DRIVER STATE] accel=0.0 brake=0.2784313725490196
----------------------------------------------------------
[DRIVER REACTION 1] Logical time: 10212.80 
[DRIVER REACTION 1] Physical time: 10213.62 
[DRIVER REACTION 1] LAG: 0.82 
----------------------------------------------------------
The event throttle: 0.1450980392156863
The event throttle: 0.00784313725490196
The event throttle: 0.0
----------------------------------------------------------
[sterr,brake,accel] Logical time: 10236.74 
[sterr,brake,accel] Physical time: 10237.04 
[sterr,brake,accel] LAG: 0.29 
----------------------------------------------------------
[DRIVER STATE] accel=0.0 brake=0.0
----------------------------------------------------------
[DRIVER REACTION 1] Logical time: 10236.74 
[DRIVER REACTION 1] Physical time: 10237.54 
[DRIVER REACTION 1] LAG: 0.80 
----------------------------------------------------------
----------------------------------------------------------
[DRIVER] Logical time: 10300.00 
[DRIVER] Physical time: 10300.39 
[DRIVER] LAG: 0.39 
----------------------------------------------------------
[DEVICE READER CAM read] Physical time: 10405.39 
[DEVICE READER CAM read] LAG: 5.39 
----------------------------------------------------------
[DEVICE READER CAM TIMER] Logical time: 10400.00 
[DEVICE READER CAM TIMER] Physical time: 10405.65 
[DEVICE READER CAM TIMER] LAG: 5.65 
----------------------------------------------------------
----------------------------------------------------------
[DRIVER] Logical time: 10400.00 
[DRIVER] Physical time: 10406.36 
[DRIVER] LAG: 6.36 
----------------------------------------------------------
----------------------------------------------------------
[DRIVER] Logical time: 10500.00 
[DRIVER] Physical time: 10500.59 
[DRIVER] LAG: 0.59 
----------------------------------------------------------
[DEVICE READER CAM read] Physical time: 10607.88 
[DEVICE READER CAM read] LAG: 7.88 
----------------------------------------------------------
[DEVICE READER CAM TIMER] Logical time: 10600.00 
[DEVICE READER CAM TIMER] Physical time: 10608.13 
[DEVICE READER CAM TIMER] LAG: 8.13 
----------------------------------------------------------
----------------------------------------------------------
[DRIVER] Logical time: 10600.00 
[DRIVER] Physical time: 10608.32 
[DRIVER] LAG: 8.32 
----------------------------------------------------------
----------------------------------------------------------
[DRIVER] Logical time: 10700.00 
[DRIVER] Physical time: 10700.40 
[DRIVER] LAG: 0.40 
----------------------------------------------------------
[DEVICE READER CAM read] Physical time: 10804.92 
[DEVICE READER CAM read] LAG: 4.92 
----------------------------------------------------------
[DEVICE READER CAM TIMER] Logical time: 10800.00 
[DEVICE READER CAM TIMER] Physical time: 10805.16 
[DEVICE READER CAM TIMER] LAG: 5.16 
----------------------------------------------------------
Faces: 0
Saved debug (no face)
----------------------------------------------------------
[FACE DETECTOR] Logical time: 10800.00 
[FACE DETECTOR] Physical time: 10880.79 
[FACE DETECTOR] LAG: 80.79 
----------------------------------------------------------
[DRIVER STATE] accel=0.0 brake=0.0
----------------------------------------------------------
[DRIVER REACTION 1] Logical time: 10800.00 
[DRIVER REACTION 1] Physical time: 10881.12 
[DRIVER REACTION 1] LAG: 81.12 
----------------------------------------------------------
----------------------------------------------------------
[DRIVER] Logical time: 10800.00 
[DRIVER] Physical time: 10881.31 
[DRIVER] LAG: 81.31 
----------------------------------------------------------
----------------------------------------------------------
[DRIVER] Logical time: 10900.00 
[DRIVER] Physical time: 10900.38 
[DRIVER] LAG: 0.38 
----------------------------------------------------------
[DEVICE READER CAM read] Physical time: 11004.48 
[DEVICE READER CAM read] LAG: 4.48 
----------------------------------------------------------
[DEVICE READER CAM TIMER] Logical time: 11000.00 
[DEVICE READER CAM TIMER] Physical time: 11004.71 
[DEVICE READER CAM TIMER] LAG: 4.71 
----------------------------------------------------------
----------------------------------------------------------
[DRIVER] Logical time: 11000.00 
[DRIVER] Physical time: 11005.01 
[DRIVER] LAG: 5.01 
----------------------------------------------------------
----------------------------------------------------------
[DRIVER] Logical time: 11100.00 
[DRIVER] Physical time: 11100.45 
[DRIVER] LAG: 0.45 
----------------------------------------------------------
The event throttle: 0.01568627450980392
----------------------------------------------------------
[sterr,brake,accel] Logical time: 11140.93 
[sterr,brake,accel] Physical time: 11141.10 
[sterr,brake,accel] LAG: 0.17 
----------------------------------------------------------
[DRIVER STATE] accel=0.0 brake=0.01568627450980392
----------------------------------------------------------
[DRIVER REACTION 1] Logical time: 11140.93 
[DRIVER REACTION 1] Physical time: 11141.40 
[DRIVER REACTION 1] LAG: 0.47 
----------------------------------------------------------
The event throttle: 0.06274509803921569
The event throttle: 0.09803921568627451
The event throttle: 0.17647058823529413
----------------------------------------------------------
[sterr,brake,accel] Logical time: 11164.73 
[sterr,brake,accel] Physical time: 11164.93 
[sterr,brake,accel] LAG: 0.20 
----------------------------------------------------------
[DRIVER STATE] accel=0.0 brake=0.17647058823529413
----------------------------------------------------------
[DRIVER REACTION 1] Logical time: 11164.73 
[DRIVER REACTION 1] Physical time: 11165.23 
[DRIVER REACTION 1] LAG: 0.50 
----------------------------------------------------------
The event throttle: 0.21176470588235294
The event throttle: 0.2784313725490196
The event throttle: 0.34509803921568627
----------------------------------------------------------
[sterr,brake,accel] Logical time: 11188.69 
[sterr,brake,accel] Physical time: 11188.86 
[sterr,brake,accel] LAG: 0.17 
----------------------------------------------------------
[DRIVER STATE] accel=0.0 brake=0.34509803921568627
----------------------------------------------------------
[DRIVER REACTION 1] Logical time: 11188.69 
[DRIVER REACTION 1] Physical time: 11189.12 
[DRIVER REACTION 1] LAG: 0.43 
----------------------------------------------------------
The event throttle: 0.3843137254901961
The event throttle: 0.47058823529411764
[DEVICE READER CAM read] Physical time: 11208.16 
[DEVICE READER CAM read] LAG: 8.16 
----------------------------------------------------------
[DEVICE READER CAM TIMER] Logical time: 11200.00 
[DEVICE READER CAM TIMER] Physical time: 11208.39 
[DEVICE READER CAM TIMER] LAG: 8.39 
----------------------------------------------------------
----------------------------------------------------------
[DRIVER] Logical time: 11200.00 
[DRIVER] Physical time: 11208.60 
[DRIVER] LAG: 8.60 
----------------------------------------------------------
The event throttle: 0.5098039215686274
----------------------------------------------------------
[sterr,brake,accel] Logical time: 11212.86 
[sterr,brake,accel] Physical time: 11213.12 
[sterr,brake,accel] LAG: 0.26 
----------------------------------------------------------
[DRIVER STATE] accel=0.0 brake=0.5098039215686274
----------------------------------------------------------
[DRIVER REACTION 1] Logical time: 11212.86 
[DRIVER REACTION 1] Physical time: 11213.75 
[DRIVER REACTION 1] LAG: 0.89 
----------------------------------------------------------
The event throttle: 0.596078431372549
The event throttle: 0.6901960784313725
The event throttle: 0.7411764705882353
----------------------------------------------------------
[sterr,brake,accel] Logical time: 11236.72 
[sterr,brake,accel] Physical time: 11237.02 
[sterr,brake,accel] LAG: 0.31 
----------------------------------------------------------
[DRIVER STATE] accel=0.0 brake=0.7411764705882353
----------------------------------------------------------
[DRIVER REACTION 1] Logical time: 11236.72 
[DRIVER REACTION 1] Physical time: 11237.63 
[DRIVER REACTION 1] LAG: 0.91 
----------------------------------------------------------
The event throttle: 0.8352941176470589
The event throttle: 0.8862745098039215
The event throttle: 0.984313725490196
----------------------------------------------------------
[sterr,brake,accel] Logical time: 11260.69 
[sterr,brake,accel] Physical time: 11260.97 
[sterr,brake,accel] LAG: 0.27 
----------------------------------------------------------
[DRIVER STATE] accel=0.0 brake=0.984313725490196
----------------------------------------------------------
[DRIVER REACTION 1] Logical time: 11260.69 
[DRIVER REACTION 1] Physical time: 11261.53 
[DRIVER REACTION 1] LAG: 0.84 
----------------------------------------------------------
The event throttle: 1.0
----------------------------------------------------------
[DRIVER] Logical time: 11300.00 
[DRIVER] Physical time: 11300.42 
[DRIVER] LAG: 0.42 
----------------------------------------------------------
The event throttle: 0.9921568627450981
----------------------------------------------------------
[sterr,brake,accel] Logical time: 11396.96 
[sterr,brake,accel] Physical time: 11397.28 
[sterr,brake,accel] LAG: 0.32 
----------------------------------------------------------
[DRIVER STATE] accel=0.0 brake=0.9921568627450981
----------------------------------------------------------
[DRIVER REACTION 1] Logical time: 11396.96 
[DRIVER REACTION 1] Physical time: 11398.11 
[DRIVER REACTION 1] LAG: 1.15 
----------------------------------------------------------
The event throttle: 0.9058823529411765
[DEVICE READER CAM read] Physical time: 11405.40 
[DEVICE READER CAM read] LAG: 5.40 
----------------------------------------------------------
[DEVICE READER CAM TIMER] Logical time: 11400.00 
[DEVICE READER CAM TIMER] Physical time: 11406.45 
[DEVICE READER CAM TIMER] LAG: 6.45 
----------------------------------------------------------
----------------------------------------------------------
[DRIVER] Logical time: 11400.00 
[DRIVER] Physical time: 11407.13 
[DRIVER] LAG: 7.13 
----------------------------------------------------------
The event throttle: 0.8549019607843137
The event throttle: 0.7411764705882353
----------------------------------------------------------
[sterr,brake,accel] Logical time: 11420.69 
[sterr,brake,accel] Physical time: 11420.93 
[sterr,brake,accel] LAG: 0.24 
----------------------------------------------------------
[DRIVER STATE] accel=0.0 brake=0.7411764705882353
----------------------------------------------------------
[DRIVER REACTION 1] Logical time: 11420.69 
[DRIVER REACTION 1] Physical time: 11421.36 
[DRIVER REACTION 1] LAG: 0.68 
----------------------------------------------------------
The event throttle: 0.6313725490196078
The event throttle: 0.5725490196078431
The event throttle: 0.47058823529411764
----------------------------------------------------------
[sterr,brake,accel] Logical time: 11444.73 
[sterr,brake,accel] Physical time: 11444.99 
[sterr,brake,accel] LAG: 0.26 
----------------------------------------------------------
[DRIVER STATE] accel=0.0 brake=0.47058823529411764
----------------------------------------------------------
[DRIVER REACTION 1] Logical time: 11444.73 
[DRIVER REACTION 1] Physical time: 11445.58 
[DRIVER REACTION 1] LAG: 0.85 
----------------------------------------------------------
The event throttle: 0.41568627450980394
The event throttle: 0.3137254901960784
The event throttle: 0.22745098039215686
----------------------------------------------------------
[sterr,brake,accel] Logical time: 11468.86 
[sterr,brake,accel] Physical time: 11469.20 
[sterr,brake,accel] LAG: 0.34 
----------------------------------------------------------
[DRIVER STATE] accel=0.0 brake=0.22745098039215686
----------------------------------------------------------
[DRIVER REACTION 1] Logical time: 11468.86 
[DRIVER REACTION 1] Physical time: 11470.02 
[DRIVER REACTION 1] LAG: 1.16 
----------------------------------------------------------
The event throttle: 0.1843137254901961
The event throttle: 0.10980392156862745
The event throttle: 0.0784313725490196
----------------------------------------------------------
[sterr,brake,accel] Logical time: 11492.72 
[sterr,brake,accel] Physical time: 11492.98 
[sterr,brake,accel] LAG: 0.26 
----------------------------------------------------------
[DRIVER STATE] accel=0.0 brake=0.0784313725490196
----------------------------------------------------------
[DRIVER REACTION 1] Logical time: 11492.72 
[DRIVER REACTION 1] Physical time: 11493.54 
[DRIVER REACTION 1] LAG: 0.81 
----------------------------------------------------------
----------------------------------------------------------
[DRIVER] Logical time: 11500.00 
[DRIVER] Physical time: 11500.31 
[DRIVER] LAG: 0.31 
----------------------------------------------------------
The event throttle: 0.027450980392156862
The event throttle: 0.01568627450980392
The event throttle: 0.03137254901960784
----------------------------------------------------------
[sterr,brake,accel] Logical time: 11580.95 
[sterr,brake,accel] Physical time: 11581.24 
[sterr,brake,accel] LAG: 0.29 
----------------------------------------------------------
[DRIVER STATE] accel=0.0 brake=0.03137254901960784
----------------------------------------------------------
[DRIVER REACTION 1] Logical time: 11580.95 
[DRIVER REACTION 1] Physical time: 11581.97 
[DRIVER REACTION 1] LAG: 1.03 
----------------------------------------------------------
The event throttle: 0.06274509803921569
The event throttle: 0.08627450980392157
The event throttle: 0.1450980392156863
[DEVICE READER CAM read] Physical time: 11608.02 
[DEVICE READER CAM read] LAG: 8.02 
----------------------------------------------------------
[DEVICE READER CAM TIMER] Logical time: 11600.00 
[DEVICE READER CAM TIMER] Physical time: 11608.44 
[DEVICE READER CAM TIMER] LAG: 8.44 
----------------------------------------------------------
----------------------------------------------------------
[DRIVER] Logical time: 11600.00 
[DRIVER] Physical time: 11609.09 
[DRIVER] LAG: 9.09 
----------------------------------------------------------
----------------------------------------------------------
[sterr,brake,accel] Logical time: 11605.00 
[sterr,brake,accel] Physical time: 11610.80 
[sterr,brake,accel] LAG: 5.80 
----------------------------------------------------------
[DRIVER STATE] accel=0.0 brake=0.1450980392156863
----------------------------------------------------------
[DRIVER REACTION 1] Logical time: 11605.00 
[DRIVER REACTION 1] Physical time: 11611.46 
[DRIVER REACTION 1] LAG: 6.46 
----------------------------------------------------------
The event throttle: 0.17647058823529413
The event throttle: 0.24705882352941178
The event throttle: 0.3176470588235294
----------------------------------------------------------
[sterr,brake,accel] Logical time: 11628.90 
[sterr,brake,accel] Physical time: 11629.14 
[sterr,brake,accel] LAG: 0.25 
----------------------------------------------------------
[DRIVER STATE] accel=0.0 brake=0.3176470588235294
----------------------------------------------------------
[DRIVER REACTION 1] Logical time: 11628.90 
[DRIVER REACTION 1] Physical time: 11629.72 
[DRIVER REACTION 1] LAG: 0.83 
----------------------------------------------------------
The event throttle: 0.36470588235294116
The event throttle: 0.4549019607843137
The event throttle: 0.5019607843137255
----------------------------------------------------------
[sterr,brake,accel] Logical time: 11652.76 
[sterr,brake,accel] Physical time: 11653.06 
[sterr,brake,accel] LAG: 0.30 
----------------------------------------------------------
[DRIVER STATE] accel=0.0 brake=0.5019607843137255
----------------------------------------------------------
[DRIVER REACTION 1] Logical time: 11652.76 
[DRIVER REACTION 1] Physical time: 11653.67 
[DRIVER REACTION 1] LAG: 0.92 
----------------------------------------------------------
The event throttle: 0.6039215686274509
The event throttle: 0.7098039215686275
The event throttle: 0.7607843137254902
----------------------------------------------------------
[sterr,brake,accel] Logical time: 11676.80 
[sterr,brake,accel] Physical time: 11677.04 
[sterr,brake,accel] LAG: 0.24 
----------------------------------------------------------
[DRIVER STATE] accel=0.0 brake=0.7607843137254902
----------------------------------------------------------
[DRIVER REACTION 1] Logical time: 11676.80 
[DRIVER REACTION 1] Physical time: 11677.59 
[DRIVER REACTION 1] LAG: 0.79 
----------------------------------------------------------
The event throttle: 0.8666666666666667
The event throttle: 0.9176470588235294
----------------------------------------------------------
[DRIVER] Logical time: 11700.00 
[DRIVER] Physical time: 11700.30 
[DRIVER] LAG: 0.30 
----------------------------------------------------------
The event throttle: 1.0
----------------------------------------------------------
[sterr,brake,accel] Logical time: 11701.60 
[sterr,brake,accel] Physical time: 11701.83 
[sterr,brake,accel] LAG: 0.23 
----------------------------------------------------------
[DRIVER STATE] accel=0.0 brake=1.0
----------------------------------------------------------
[DRIVER REACTION 1] Logical time: 11701.60 
[DRIVER REACTION 1] Physical time: 11702.33 
[DRIVER REACTION 1] LAG: 0.73 
----------------------------------------------------------
[DEVICE READER CAM read] Physical time: 11804.49 
[DEVICE READER CAM read] LAG: 4.49 
----------------------------------------------------------
[DEVICE READER CAM TIMER] Logical time: 11800.00 
[DEVICE READER CAM TIMER] Physical time: 11804.73 
[DEVICE READER CAM TIMER] LAG: 4.73 
----------------------------------------------------------
The event throttle: 0.996078431372549
The event throttle: 0.9490196078431372
The event throttle: 0.8862745098039215
The event throttle: 0.8549019607843137
Faces: 0
The event throttle: 0.7843137254901961
The event throttle: 0.7490196078431373
The event throttle: 0.6784313725490196
The event throttle: 0.6
The event throttle: 0.5607843137254902
Saved debug (no face)
----------------------------------------------------------
[FACE DETECTOR] Logical time: 11800.00 
[FACE DETECTOR] Physical time: 11878.87 
[FACE DETECTOR] LAG: 78.87 
----------------------------------------------------------
[DRIVER STATE] accel=0.0 brake=0.0
----------------------------------------------------------
[DRIVER REACTION 1] Logical time: 11800.00 
[DRIVER REACTION 1] Physical time: 11879.58 
[DRIVER REACTION 1] LAG: 79.58 
----------------------------------------------------------
----------------------------------------------------------
[DRIVER] Logical time: 11800.00 
[DRIVER] Physical time: 11879.73 
[DRIVER] LAG: 79.73 
----------------------------------------------------------
----------------------------------------------------------
[sterr,brake,accel] Logical time: 11813.00 
[sterr,brake,accel] Physical time: 11880.44 
[sterr,brake,accel] LAG: 67.44 
----------------------------------------------------------
[DRIVER STATE] accel=0.0 brake=0.996078431372549
----------------------------------------------------------
[DRIVER REACTION 1] Logical time: 11813.00 
[DRIVER REACTION 1] Physical time: 11880.79 
[DRIVER REACTION 1] LAG: 67.78 
----------------------------------------------------------
----------------------------------------------------------
[sterr,brake,accel] Logical time: 11836.81 
[sterr,brake,accel] Physical time: 11881.00 
[sterr,brake,accel] LAG: 44.20 
----------------------------------------------------------
[DRIVER STATE] accel=0.0 brake=0.8549019607843137
----------------------------------------------------------
[DRIVER REACTION 1] Logical time: 11836.81 
[DRIVER REACTION 1] Physical time: 11881.27 
[DRIVER REACTION 1] LAG: 44.46 
----------------------------------------------------------
----------------------------------------------------------
[sterr,brake,accel] Logical time: 11860.78 
[sterr,brake,accel] Physical time: 11881.44 
[sterr,brake,accel] LAG: 20.66 
----------------------------------------------------------
[DRIVER STATE] accel=0.0 brake=0.6784313725490196
----------------------------------------------------------
[DRIVER REACTION 1] Logical time: 11860.78 
[DRIVER REACTION 1] Physical time: 11881.64 
[DRIVER REACTION 1] LAG: 20.86 
----------------------------------------------------------
The event throttle: 0.48627450980392156
----------------------------------------------------------
[sterr,brake,accel] Logical time: 11884.78 
[sterr,brake,accel] Physical time: 11884.91 
[sterr,brake,accel] LAG: 0.13 
----------------------------------------------------------
[DRIVER STATE] accel=0.0 brake=0.48627450980392156
----------------------------------------------------------
[DRIVER REACTION 1] Logical time: 11884.78 
[DRIVER REACTION 1] Physical time: 11885.20 
[DRIVER REACTION 1] LAG: 0.42 
----------------------------------------------------------
The event throttle: 0.4470588235294118
----------------------------------------------------------
[DRIVER] Logical time: 11900.00 
[DRIVER] Physical time: 11900.31 
[DRIVER] LAG: 0.31 
----------------------------------------------------------
The event throttle: 0.3764705882352941
The event throttle: 0.3058823529411765
----------------------------------------------------------
[sterr,brake,accel] Logical time: 11908.85 
[sterr,brake,accel] Physical time: 11909.07 
[sterr,brake,accel] LAG: 0.22 
----------------------------------------------------------
[DRIVER STATE] accel=0.0 brake=0.3058823529411765
----------------------------------------------------------
[DRIVER REACTION 1] Logical time: 11908.85 
[DRIVER REACTION 1] Physical time: 11909.61 
[DRIVER REACTION 1] LAG: 0.77 
----------------------------------------------------------
The event throttle: 0.2823529411764706
The event throttle: 0.23137254901960785
The event throttle: 0.20784313725490197
----------------------------------------------------------
[sterr,brake,accel] Logical time: 11932.87 
[sterr,brake,accel] Physical time: 11933.14 
[sterr,brake,accel] LAG: 0.27 
----------------------------------------------------------
[DRIVER STATE] accel=0.0 brake=0.20784313725490197
----------------------------------------------------------
[DRIVER REACTION 1] Logical time: 11932.87 
[DRIVER REACTION 1] Physical time: 11933.84 
[DRIVER REACTION 1] LAG: 0.97 
----------------------------------------------------------
The event throttle: 0.17254901960784313
The event throttle: 0.14901960784313725
----------------------------------------------------------
[sterr,brake,accel] Logical time: 11956.97 
[sterr,brake,accel] Physical time: 11957.25 
[sterr,brake,accel] LAG: 0.27 
----------------------------------------------------------
[DRIVER STATE] accel=0.0 brake=0.14901960784313725
----------------------------------------------------------
[DRIVER REACTION 1] Logical time: 11956.97 
[DRIVER REACTION 1] Physical time: 11957.91 
[DRIVER REACTION 1] LAG: 0.94 
----------------------------------------------------------
The event throttle: 0.13333333333333333
The event throttle: 0.13725490196078433
----------------------------------------------------------
[sterr,brake,accel] Logical time: 11996.90 
[sterr,brake,accel] Physical time: 11997.16 
[sterr,brake,accel] LAG: 0.26 
----------------------------------------------------------
[DRIVER STATE] accel=0.0 brake=0.13725490196078433
----------------------------------------------------------
[DRIVER REACTION 1] Logical time: 11996.90 
[DRIVER REACTION 1] Physical time: 11997.83 
[DRIVER REACTION 1] LAG: 0.93 
----------------------------------------------------------
[DEVICE READER CAM read] Physical time: 12004.45 
[DEVICE READER CAM read] LAG: 4.45 
----------------------------------------------------------
[DEVICE READER CAM TIMER] Logical time: 12000.00 
[DEVICE READER CAM TIMER] Physical time: 12004.68 
[DEVICE READER CAM TIMER] LAG: 4.68 
The event throttle: 0.16470588235294117
----------------------------------------------------------
----------------------------------------------------------
[DRIVER] Logical time: 12000.00 
[DRIVER] Physical time: 12005.57 
[DRIVER] LAG: 5.57 
----------------------------------------------------------
The event throttle: 0.1803921568627451
The event throttle: 0.2235294117647059
----------------------------------------------------------
[sterr,brake,accel] Logical time: 12020.86 
[sterr,brake,accel] Physical time: 12021.08 
[sterr,brake,accel] LAG: 0.22 
----------------------------------------------------------
[DRIVER STATE] accel=0.0 brake=0.2235294117647059
----------------------------------------------------------
[DRIVER REACTION 1] Logical time: 12020.86 
[DRIVER REACTION 1] Physical time: 12021.59 
[DRIVER REACTION 1] LAG: 0.73 
----------------------------------------------------------
The event throttle: 0.27058823529411763
The event throttle: 0.2901960784313726
The event throttle: 0.34509803921568627
----------------------------------------------------------
[sterr,brake,accel] Logical time: 12044.88 
[sterr,brake,accel] Physical time: 12045.14 
[sterr,brake,accel] LAG: 0.26 
----------------------------------------------------------
[DRIVER STATE] accel=0.0 brake=0.34509803921568627
----------------------------------------------------------
[DRIVER REACTION 1] Logical time: 12044.88 
[DRIVER REACTION 1] Physical time: 12045.74 
[DRIVER REACTION 1] LAG: 0.86 
----------------------------------------------------------
The event throttle: 0.3764705882352941
The event throttle: 0.43529411764705883
The event throttle: 0.4980392156862745
----------------------------------------------------------
[sterr,brake,accel] Logical time: 12068.89 
[sterr,brake,accel] Physical time: 12069.17 
[sterr,brake,accel] LAG: 0.28 
----------------------------------------------------------
[DRIVER STATE] accel=0.0 brake=0.4980392156862745
----------------------------------------------------------
[DRIVER REACTION 1] Logical time: 12068.89 
[DRIVER REACTION 1] Physical time: 12069.88 
[DRIVER REACTION 1] LAG: 0.99 
----------------------------------------------------------
The event throttle: 0.5294117647058824
The event throttle: 0.596078431372549
The event throttle: 0.6235294117647059
----------------------------------------------------------
[sterr,brake,accel] Logical time: 12092.83 
[sterr,brake,accel] Physical time: 12093.06 
[sterr,brake,accel] LAG: 0.23 
----------------------------------------------------------
[DRIVER STATE] accel=0.0 brake=0.6235294117647059
----------------------------------------------------------
[DRIVER REACTION 1] Logical time: 12092.83 
[DRIVER REACTION 1] Physical time: 12093.58 
[DRIVER REACTION 1] LAG: 0.75 
----------------------------------------------------------
----------------------------------------------------------
[DRIVER] Logical time: 12100.00 
[DRIVER] Physical time: 12100.87 
The event throttle: 0.6823529411764706
[DRIVER] LAG: 0.87 
----------------------------------------------------------
The event throttle: 0.7333333333333333
The event throttle: 0.7568627450980392
----------------------------------------------------------
[sterr,brake,accel] Logical time: 12116.84 
[sterr,brake,accel] Physical time: 12117.06 
[sterr,brake,accel] LAG: 0.22 
----------------------------------------------------------
[DRIVER STATE] accel=0.0 brake=0.7568627450980392
----------------------------------------------------------
[DRIVER REACTION 1] Logical time: 12116.84 
[DRIVER REACTION 1] Physical time: 12117.52 
[DRIVER REACTION 1] LAG: 0.67 
----------------------------------------------------------
The event throttle: 0.803921568627451
The event throttle: 0.8235294117647058
The event throttle: 0.8627450980392157
----------------------------------------------------------
[sterr,brake,accel] Logical time: 12140.86 
[sterr,brake,accel] Physical time: 12141.12 
[sterr,brake,accel] LAG: 0.25 
----------------------------------------------------------
[DRIVER STATE] accel=0.0 brake=0.8627450980392157
----------------------------------------------------------
[DRIVER REACTION 1] Logical time: 12140.86 
[DRIVER REACTION 1] Physical time: 12141.67 
[DRIVER REACTION 1] LAG: 0.81 
----------------------------------------------------------
The event throttle: 0.8941176470588236
The event throttle: 0.9098039215686274
The event throttle: 0.9254901960784314
----------------------------------------------------------
[sterr,brake,accel] Logical time: 12164.85 
[sterr,brake,accel] Physical time: 12165.09 
[sterr,brake,accel] LAG: 0.24 
----------------------------------------------------------
[DRIVER STATE] accel=0.0 brake=0.9254901960784314
----------------------------------------------------------
[DRIVER REACTION 1] Logical time: 12164.85 
[DRIVER REACTION 1] Physical time: 12165.66 
[DRIVER REACTION 1] LAG: 0.80 
----------------------------------------------------------
The event throttle: 0.9333333333333333
The event throttle: 0.9372549019607843
The event throttle: 0.9333333333333333
----------------------------------------------------------
[sterr,brake,accel] Logical time: 12196.89 
[sterr,brake,accel] Physical time: 12197.16 
[sterr,brake,accel] LAG: 0.27 
----------------------------------------------------------
[DRIVER STATE] accel=0.0 brake=0.9333333333333333
----------------------------------------------------------
[DRIVER REACTION 1] Logical time: 12196.89 
[DRIVER REACTION 1] Physical time: 12197.84 
[DRIVER REACTION 1] LAG: 0.95 
----------------------------------------------------------
[DEVICE READER CAM read] Physical time: 12204.08 
[DEVICE READER CAM read] LAG: 4.08 
----------------------------------------------------------
[DEVICE READER CAM TIMER] Logical time: 12200.00 
[DEVICE READER CAM TIMER] Physical time: 12204.29 
[DEVICE READER CAM TIMER] LAG: 4.29 
----------------------------------------------------------
----------------------------------------------------------
[DRIVER] Logical time: 12200.00 
[DRIVER] Physical time: 12204.89 
[DRIVER] LAG: 4.89 
----------------------------------------------------------
The event throttle: 0.9294117647058824
The event throttle: 0.9058823529411765
----------------------------------------------------------
[sterr,brake,accel] Logical time: 12220.82 
[sterr,brake,accel] Physical time: 12221.00 
[sterr,brake,accel] LAG: 0.19 
----------------------------------------------------------
[DRIVER STATE] accel=0.0 brake=0.9058823529411765
----------------------------------------------------------
[DRIVER REACTION 1] Logical time: 12220.82 
[DRIVER REACTION 1] Physical time: 12221.44 
[DRIVER REACTION 1] LAG: 0.62 
----------------------------------------------------------
The event throttle: 0.8705882352941177
The event throttle: 0.8470588235294118
The event throttle: 0.792156862745098
----------------------------------------------------------
[sterr,brake,accel] Logical time: 12244.86 
[sterr,brake,accel] Physical time: 12245.10 
[sterr,brake,accel] LAG: 0.24 
----------------------------------------------------------
[DRIVER STATE] accel=0.0 brake=0.792156862745098
----------------------------------------------------------
[DRIVER REACTION 1] Logical time: 12244.86 
[DRIVER REACTION 1] Physical time: 12245.62 
[DRIVER REACTION 1] LAG: 0.76 
----------------------------------------------------------
The event throttle: 0.7607843137254902
The event throttle: 0.7058823529411765
The event throttle: 0.6470588235294118
----------------------------------------------------------
[sterr,brake,accel] Logical time: 12268.91 
[sterr,brake,accel] Physical time: 12269.19 
[sterr,brake,accel] LAG: 0.28 
----------------------------------------------------------
[DRIVER STATE] accel=0.0 brake=0.6470588235294118
----------------------------------------------------------
[DRIVER REACTION 1] Logical time: 12268.91 
[DRIVER REACTION 1] Physical time: 12269.86 
[DRIVER REACTION 1] LAG: 0.95 
----------------------------------------------------------
The event throttle: 0.615686274509804
The event throttle: 0.5529411764705883
The event throttle: 0.5176470588235295
----------------------------------------------------------
[sterr,brake,accel] Logical time: 12292.89 
[sterr,brake,accel] Physical time: 12293.15 
[sterr,brake,accel] LAG: 0.25 
----------------------------------------------------------
[DRIVER STATE] accel=0.0 brake=0.5176470588235295
----------------------------------------------------------
[DRIVER REACTION 1] Logical time: 12292.89 
[DRIVER REACTION 1] Physical time: 12293.70 
[DRIVER REACTION 1] LAG: 0.81 
----------------------------------------------------------
----------------------------------------------------------
[DRIVER] Logical time: 12300.00 
[DRIVER] Physical time: 12300.27 
[DRIVER] LAG: 0.27 
----------------------------------------------------------
The event throttle: 0.45098039215686275
The event throttle: 0.38823529411764707
The event throttle: 0.3607843137254902
----------------------------------------------------------
[sterr,brake,accel] Logical time: 12316.90 
[sterr,brake,accel] Physical time: 12317.07 
[sterr,brake,accel] LAG: 0.17 
----------------------------------------------------------
[DRIVER STATE] accel=0.0 brake=0.3607843137254902
----------------------------------------------------------
[DRIVER REACTION 1] Logical time: 12316.90 
[DRIVER REACTION 1] Physical time: 12317.40 
[DRIVER REACTION 1] LAG: 0.50 
----------------------------------------------------------
The event throttle: 0.3137254901960784
The event throttle: 0.2901960784313726
The event throttle: 0.26666666666666666
----------------------------------------------------------
[sterr,brake,accel] Logical time: 12340.90 
[sterr,brake,accel] Physical time: 12341.06 
[sterr,brake,accel] LAG: 0.16 
----------------------------------------------------------
[DRIVER STATE] accel=0.0 brake=0.26666666666666666
----------------------------------------------------------
[DRIVER REACTION 1] Logical time: 12340.90 
[DRIVER REACTION 1] Physical time: 12341.36 
[DRIVER REACTION 1] LAG: 0.45 
----------------------------------------------------------
The event throttle: 0.24705882352941178
The event throttle: 0.23529411764705882
The event throttle: 0.22745098039215686
----------------------------------------------------------
[sterr,brake,accel] Logical time: 12364.97 
[sterr,brake,accel] Physical time: 12365.13 
[sterr,brake,accel] LAG: 0.16 
----------------------------------------------------------
[DRIVER STATE] accel=0.0 brake=0.22745098039215686
----------------------------------------------------------
[DRIVER REACTION 1] Logical time: 12364.97 
[DRIVER REACTION 1] Physical time: 12365.47 
[DRIVER REACTION 1] LAG: 0.50 
----------------------------------------------------------
The event throttle: 0.2235294117647059
The event throttle: 0.22745098039215686
----------------------------------------------------------
[sterr,brake,accel] Logical time: 12388.95 
[sterr,brake,accel] Physical time: 12389.10 
[sterr,brake,accel] LAG: 0.15 
----------------------------------------------------------
[DRIVER STATE] accel=0.0 brake=0.22745098039215686
----------------------------------------------------------
[DRIVER REACTION 1] Logical time: 12388.95 
[DRIVER REACTION 1] Physical time: 12389.39 
[DRIVER REACTION 1] LAG: 0.44 
----------------------------------------------------------
The event throttle: 0.23137254901960785
[DEVICE READER CAM read] Physical time: 12407.71 
[DEVICE READER CAM read] LAG: 7.71 
----------------------------------------------------------
[DEVICE READER CAM TIMER] Logical time: 12400.00 
[DEVICE READER CAM TIMER] Physical time: 12407.95 
[DEVICE READER CAM TIMER] LAG: 7.95 
----------------------------------------------------------
----------------------------------------------------------
[DRIVER] Logical time: 12400.00 
[DRIVER] Physical time: 12408.16 
[DRIVER] LAG: 8.16 
----------------------------------------------------------
The event throttle: 0.24313725490196078
----------------------------------------------------------
[sterr,brake,accel] Logical time: 12413.11 
[sterr,brake,accel] Physical time: 12413.37 
[sterr,brake,accel] LAG: 0.27 
----------------------------------------------------------
[DRIVER STATE] accel=0.0 brake=0.24313725490196078
----------------------------------------------------------
[DRIVER REACTION 1] Logical time: 12413.11 
[DRIVER REACTION 1] Physical time: 12414.12 
[DRIVER REACTION 1] LAG: 1.01 
----------------------------------------------------------
The event throttle: 0.26666666666666666
The event throttle: 0.2901960784313726
The event throttle: 0.3058823529411765
----------------------------------------------------------
[sterr,brake,accel] Logical time: 12436.84 
[sterr,brake,accel] Physical time: 12437.06 
[sterr,brake,accel] LAG: 0.22 
----------------------------------------------------------
[DRIVER STATE] accel=0.0 brake=0.3058823529411765
----------------------------------------------------------
[DRIVER REACTION 1] Logical time: 12436.84 
[DRIVER REACTION 1] Physical time: 12437.57 
[DRIVER REACTION 1] LAG: 0.73 
----------------------------------------------------------
The event throttle: 0.34509803921568627
The event throttle: 0.3607843137254902
The event throttle: 0.396078431372549
----------------------------------------------------------
[sterr,brake,accel] Logical time: 12460.89 
[sterr,brake,accel] Physical time: 12461.14 
[sterr,brake,accel] LAG: 0.25 
----------------------------------------------------------
[DRIVER STATE] accel=0.0 brake=0.396078431372549
----------------------------------------------------------
[DRIVER REACTION 1] Logical time: 12460.89 
[DRIVER REACTION 1] Physical time: 12461.69 
[DRIVER REACTION 1] LAG: 0.79 
----------------------------------------------------------
The event throttle: 0.43137254901960786
The event throttle: 0.45098039215686275
The event throttle: 0.48627450980392156
----------------------------------------------------------
[sterr,brake,accel] Logical time: 12484.89 
[sterr,brake,accel] Physical time: 12485.14 
[sterr,brake,accel] LAG: 0.25 
----------------------------------------------------------
[DRIVER STATE] accel=0.0 brake=0.48627450980392156
----------------------------------------------------------
[DRIVER REACTION 1] Logical time: 12484.89 
[DRIVER REACTION 1] Physical time: 12485.70 
[DRIVER REACTION 1] LAG: 0.81 
----------------------------------------------------------
The event throttle: 0.5058823529411764
----------------------------------------------------------
[DRIVER] Logical time: 12500.00 
[DRIVER] Physical time: 12500.30 
[DRIVER] LAG: 0.30 
----------------------------------------------------------
The event throttle: 0.5411764705882353
The event throttle: 0.5686274509803921
----------------------------------------------------------
[sterr,brake,accel] Logical time: 12508.92 
[sterr,brake,accel] Physical time: 12509.18 
[sterr,brake,accel] LAG: 0.26 
----------------------------------------------------------
[DRIVER STATE] accel=0.0 brake=0.5686274509803921
----------------------------------------------------------
[DRIVER REACTION 1] Logical time: 12508.92 
[DRIVER REACTION 1] Physical time: 12509.82 
[DRIVER REACTION 1] LAG: 0.90 
----------------------------------------------------------
The event throttle: 0.5843137254901961
The event throttle: 0.6078431372549019
The event throttle: 0.6196078431372549
----------------------------------------------------------
[sterr,brake,accel] Logical time: 12532.93 
[sterr,brake,accel] Physical time: 12533.20 
[sterr,brake,accel] LAG: 0.26 
----------------------------------------------------------
[DRIVER STATE] accel=0.0 brake=0.6196078431372549
----------------------------------------------------------
[DRIVER REACTION 1] Logical time: 12532.93 
[DRIVER REACTION 1] Physical time: 12533.89 
[DRIVER REACTION 1] LAG: 0.96 
----------------------------------------------------------
The event throttle: 0.6352941176470588
The event throttle: 0.6392156862745098
The event throttle: 0.6431372549019608
----------------------------------------------------------
[sterr,brake,accel] Logical time: 12556.95 
[sterr,brake,accel] Physical time: 12557.22 
[sterr,brake,accel] LAG: 0.27 
----------------------------------------------------------
[DRIVER STATE] accel=0.0 brake=0.6431372549019608
----------------------------------------------------------
[DRIVER REACTION 1] Logical time: 12556.95 
[DRIVER REACTION 1] Physical time: 12557.88 
[DRIVER REACTION 1] LAG: 0.93 
----------------------------------------------------------
The event throttle: 0.6392156862745098
----------------------------------------------------------
[sterr,brake,accel] Logical time: 12589.05 
[sterr,brake,accel] Physical time: 12589.36 
[sterr,brake,accel] LAG: 0.31 
----------------------------------------------------------
[DRIVER STATE] accel=0.0 brake=0.6392156862745098
----------------------------------------------------------
[DRIVER REACTION 1] Logical time: 12589.05 
[DRIVER REACTION 1] Physical time: 12590.06 
[DRIVER REACTION 1] LAG: 1.01 
----------------------------------------------------------
The event throttle: 0.6313725490196078
The event throttle: 0.611764705882353
[DEVICE READER CAM read] Physical time: 12606.75 
[DEVICE READER CAM read] LAG: 6.75 
----------------------------------------------------------
[DEVICE READER CAM TIMER] Logical time: 12600.00 
[DEVICE READER CAM TIMER] Physical time: 12606.98 
[DEVICE READER CAM TIMER] LAG: 6.98 
----------------------------------------------------------
----------------------------------------------------------
[DRIVER] Logical time: 12600.00 
[DRIVER] Physical time: 12607.48 
[DRIVER] LAG: 7.48 
----------------------------------------------------------
The event throttle: 0.6
----------------------------------------------------------
[sterr,brake,accel] Logical time: 12612.90 
[sterr,brake,accel] Physical time: 12613.04 
[sterr,brake,accel] LAG: 0.14 
----------------------------------------------------------
[DRIVER STATE] accel=0.0 brake=0.6
----------------------------------------------------------
[DRIVER REACTION 1] Logical time: 12612.90 
[DRIVER REACTION 1] Physical time: 12613.37 
[DRIVER REACTION 1] LAG: 0.47 
----------------------------------------------------------
The event throttle: 0.5686274509803921
The event throttle: 0.5333333333333333
The event throttle: 0.5098039215686274
----------------------------------------------------------
[sterr,brake,accel] Logical time: 12636.89 
[sterr,brake,accel] Physical time: 12637.12 
[sterr,brake,accel] LAG: 0.23 
----------------------------------------------------------
[DRIVER STATE] accel=0.0 brake=0.5098039215686274
----------------------------------------------------------
[DRIVER REACTION 1] Logical time: 12636.89 
[DRIVER REACTION 1] Physical time: 12637.65 
[DRIVER REACTION 1] LAG: 0.75 
----------------------------------------------------------
The event throttle: 0.47843137254901963
The event throttle: 0.4588235294117647
The event throttle: 0.42745098039215684
----------------------------------------------------------
[sterr,brake,accel] Logical time: 12660.88 
[sterr,brake,accel] Physical time: 12661.14 
[sterr,brake,accel] LAG: 0.26 
----------------------------------------------------------
[DRIVER STATE] accel=0.0 brake=0.42745098039215684
----------------------------------------------------------
[DRIVER REACTION 1] Logical time: 12660.88 
[DRIVER REACTION 1] Physical time: 12661.67 
[DRIVER REACTION 1] LAG: 0.78 
----------------------------------------------------------
The event throttle: 0.4
The event throttle: 0.38823529411764707
The event throttle: 0.3607843137254902
----------------------------------------------------------
[sterr,brake,accel] Logical time: 12684.99 
[sterr,brake,accel] Physical time: 12685.26 
[sterr,brake,accel] LAG: 0.27 
----------------------------------------------------------
[DRIVER STATE] accel=0.0 brake=0.3607843137254902
----------------------------------------------------------
[DRIVER REACTION 1] Logical time: 12684.99 
[DRIVER REACTION 1] Physical time: 12685.94 
[DRIVER REACTION 1] LAG: 0.95 
----------------------------------------------------------
The event throttle: 0.34901960784313724
----------------------------------------------------------
[DRIVER] Logical time: 12700.00 
[DRIVER] Physical time: 12700.33 
[DRIVER] LAG: 0.33 
----------------------------------------------------------
The event throttle: 0.3333333333333333
The event throttle: 0.3215686274509804
----------------------------------------------------------
[sterr,brake,accel] Logical time: 12708.98 
[sterr,brake,accel] Physical time: 12709.21 
[sterr,brake,accel] LAG: 0.23 
----------------------------------------------------------
[DRIVER STATE] accel=0.0 brake=0.3215686274509804
----------------------------------------------------------
[DRIVER REACTION 1] Logical time: 12708.98 
[DRIVER REACTION 1] Physical time: 12709.74 
[DRIVER REACTION 1] LAG: 0.76 
----------------------------------------------------------
The event throttle: 0.3176470588235294
The event throttle: 0.3215686274509804
----------------------------------------------------------
[sterr,brake,accel] Logical time: 12757.11 
[sterr,brake,accel] Physical time: 12757.44 
[sterr,brake,accel] LAG: 0.33 
----------------------------------------------------------
[DRIVER STATE] accel=0.0 brake=0.3215686274509804
----------------------------------------------------------
[DRIVER REACTION 1] Logical time: 12757.11 
[DRIVER REACTION 1] Physical time: 12758.31 
[DRIVER REACTION 1] LAG: 1.20 
----------------------------------------------------------
The event throttle: 0.3333333333333333
The event throttle: 0.34509803921568627
The event throttle: 0.37254901960784315
----------------------------------------------------------
[sterr,brake,accel] Logical time: 12780.90 
[sterr,brake,accel] Physical time: 12781.12 
[sterr,brake,accel] LAG: 0.22 
----------------------------------------------------------
[DRIVER STATE] accel=0.0 brake=0.37254901960784315
----------------------------------------------------------
[DRIVER REACTION 1] Logical time: 12780.90 
[DRIVER REACTION 1] Physical time: 12781.58 
[DRIVER REACTION 1] LAG: 0.67 
----------------------------------------------------------
The event throttle: 0.403921568627451
The event throttle: 0.4235294117647059
The event throttle: 0.4549019607843137
[DEVICE READER CAM read] Physical time: 12807.91 
[DEVICE READER CAM read] LAG: 7.91 
----------------------------------------------------------
[DEVICE READER CAM TIMER] Logical time: 12800.00 
[DEVICE READER CAM TIMER] Physical time: 12808.12 
[DEVICE READER CAM TIMER] LAG: 8.12 
----------------------------------------------------------
The event throttle: 0.4745098039215686
The event throttle: 0.5058823529411764
The event throttle: 0.5333333333333333
The event throttle: 0.5490196078431373
Faces: 0
The event throttle: 0.5725490196078431
The event throttle: 0.5843137254901961
The event throttle: 0.6039215686274509
The event throttle: 0.615686274509804
The event throttle: 0.6235294117647059
Saved debug (no face)
----------------------------------------------------------
[FACE DETECTOR] Logical time: 12800.00 
[FACE DETECTOR] Physical time: 12882.15 
[FACE DETECTOR] LAG: 82.15 
----------------------------------------------------------
[DRIVER STATE] accel=0.0 brake=0.0
----------------------------------------------------------
[DRIVER REACTION 1] Logical time: 12800.00 
[DRIVER REACTION 1] Physical time: 12882.48 
[DRIVER REACTION 1] LAG: 82.48 
----------------------------------------------------------
----------------------------------------------------------
[DRIVER] Logical time: 12800.00 
[DRIVER] Physical time: 12882.65 
[DRIVER] LAG: 82.65 
----------------------------------------------------------
----------------------------------------------------------
[sterr,brake,accel] Logical time: 12805.16 
[sterr,brake,accel] Physical time: 12883.46 
[sterr,brake,accel] LAG: 78.30 
----------------------------------------------------------
[DRIVER STATE] accel=0.0 brake=0.4549019607843137
----------------------------------------------------------
[DRIVER REACTION 1] Logical time: 12805.16 
[DRIVER REACTION 1] Physical time: 12883.63 
[DRIVER REACTION 1] LAG: 78.47 
----------------------------------------------------------
----------------------------------------------------------
[sterr,brake,accel] Logical time: 12828.88 
[sterr,brake,accel] Physical time: 12883.75 
[sterr,brake,accel] LAG: 54.87 
----------------------------------------------------------
[DRIVER STATE] accel=0.0 brake=0.5333333333333333
----------------------------------------------------------
[DRIVER REACTION 1] Logical time: 12828.88 
[DRIVER REACTION 1] Physical time: 12884.08 
[DRIVER REACTION 1] LAG: 55.20 
----------------------------------------------------------
----------------------------------------------------------
[sterr,brake,accel] Logical time: 12852.92 
[sterr,brake,accel] Physical time: 12884.26 
[sterr,brake,accel] LAG: 31.34 
----------------------------------------------------------
[DRIVER STATE] accel=0.0 brake=0.5843137254901961
----------------------------------------------------------
[DRIVER REACTION 1] Logical time: 12852.92 
[DRIVER REACTION 1] Physical time: 12884.49 
[DRIVER REACTION 1] LAG: 31.56 
----------------------------------------------------------
----------------------------------------------------------
[sterr,brake,accel] Logical time: 12876.93 
[sterr,brake,accel] Physical time: 12884.63 
[sterr,brake,accel] LAG: 7.70 
----------------------------------------------------------
[DRIVER STATE] accel=0.0 brake=0.6235294117647059
----------------------------------------------------------
[DRIVER REACTION 1] Logical time: 12876.93 
[DRIVER REACTION 1] Physical time: 12884.91 
[DRIVER REACTION 1] LAG: 7.98 
----------------------------------------------------------
The event throttle: 0.6196078431372549
The event throttle: 0.6235294117647059
----------------------------------------------------------
[DRIVER] Logical time: 12900.00 
[DRIVER] Physical time: 12900.20 
[DRIVER] LAG: 0.20 
----------------------------------------------------------
The event throttle: 0.6196078431372549
----------------------------------------------------------
[sterr,brake,accel] Logical time: 12901.20 
[sterr,brake,accel] Physical time: 12901.36 
[sterr,brake,accel] LAG: 0.15 
----------------------------------------------------------
[DRIVER STATE] accel=0.0 brake=0.6196078431372549
----------------------------------------------------------
[DRIVER REACTION 1] Logical time: 12901.20 
[DRIVER REACTION 1] Physical time: 12901.72 
[DRIVER REACTION 1] LAG: 0.52 
----------------------------------------------------------
The event throttle: 0.6235294117647059
The event throttle: 0.615686274509804
----------------------------------------------------------
[sterr,brake,accel] Logical time: 12925.01 
[sterr,brake,accel] Physical time: 12925.25 
[sterr,brake,accel] LAG: 0.24 
----------------------------------------------------------
[DRIVER STATE] accel=0.0 brake=0.615686274509804
----------------------------------------------------------
[DRIVER REACTION 1] Logical time: 12925.01 
[DRIVER REACTION 1] Physical time: 12925.87 
[DRIVER REACTION 1] LAG: 0.86 
----------------------------------------------------------
The event throttle: 0.6039215686274509
The event throttle: 0.5882352941176471
The event throttle: 0.5647058823529412
----------------------------------------------------------
[sterr,brake,accel] Logical time: 12948.91 
[sterr,brake,accel] Physical time: 12949.15 
[sterr,brake,accel] LAG: 0.23 
----------------------------------------------------------
[DRIVER STATE] accel=0.0 brake=0.5647058823529412
----------------------------------------------------------
[DRIVER REACTION 1] Logical time: 12948.91 
[DRIVER REACTION 1] Physical time: 12949.69 
[DRIVER REACTION 1] LAG: 0.78 
----------------------------------------------------------
The event throttle: 0.5490196078431373
The event throttle: 0.5176470588235295
The event throttle: 0.5019607843137255
----------------------------------------------------------
[sterr,brake,accel] Logical time: 12972.90 
[sterr,brake,accel] Physical time: 12973.15 
[sterr,brake,accel] LAG: 0.24 
----------------------------------------------------------
[DRIVER STATE] accel=0.0 brake=0.5019607843137255
----------------------------------------------------------
[DRIVER REACTION 1] Logical time: 12972.90 
[DRIVER REACTION 1] Physical time: 12973.69 
[DRIVER REACTION 1] LAG: 0.79 
----------------------------------------------------------
The event throttle: 0.47058823529411764
The event throttle: 0.43529411764705883
The event throttle: 0.4196078431372549
----------------------------------------------------------
[sterr,brake,accel] Logical time: 12996.97 
[sterr,brake,accel] Physical time: 12997.20 
[sterr,brake,accel] LAG: 0.24 
----------------------------------------------------------
[DRIVER STATE] accel=0.0 brake=0.4196078431372549
----------------------------------------------------------
[DRIVER REACTION 1] Logical time: 12996.97 
[DRIVER REACTION 1] Physical time: 12997.73 
[DRIVER REACTION 1] LAG: 0.77 
----------------------------------------------------------
[DEVICE READER CAM read] Physical time: 13004.47 
[DEVICE READER CAM read] LAG: 4.47 
----------------------------------------------------------
[DEVICE READER CAM TIMER] Logical time: 13000.00 
[DEVICE READER CAM TIMER] Physical time: 13004.71 
[DEVICE READER CAM TIMER] LAG: 4.71 
----------------------------------------------------------
----------------------------------------------------------
[DRIVER] Logical time: 13000.00 
The event throttle: 0.3843137254901961
[DRIVER] Physical time: 13005.34 
[DRIVER] LAG: 5.34 
----------------------------------------------------------
The event throttle: 0.36470588235294116
The event throttle: 0.32941176470588235
----------------------------------------------------------
[sterr,brake,accel] Logical time: 13020.85 
[sterr,brake,accel] Physical time: 13021.00 
[sterr,brake,accel] LAG: 0.15 
----------------------------------------------------------
[DRIVER STATE] accel=0.0 brake=0.32941176470588235
----------------------------------------------------------
[DRIVER REACTION 1] Logical time: 13020.85 
[DRIVER REACTION 1] Physical time: 13021.55 
[DRIVER REACTION 1] LAG: 0.70 
----------------------------------------------------------
The event throttle: 0.29411764705882354
The event throttle: 0.28627450980392155
The event throttle: 0.26666666666666666
----------------------------------------------------------
[sterr,brake,accel] Logical time: 13044.91 
[sterr,brake,accel] Physical time: 13045.12 
[sterr,brake,accel] LAG: 0.21 
----------------------------------------------------------
[DRIVER STATE] accel=0.0 brake=0.26666666666666666
----------------------------------------------------------
[DRIVER REACTION 1] Logical time: 13044.91 
[DRIVER REACTION 1] Physical time: 13045.62 
[DRIVER REACTION 1] LAG: 0.71 
----------------------------------------------------------
The event throttle: 0.2627450980392157
The event throttle: 0.25098039215686274
The event throttle: 0.24705882352941178
----------------------------------------------------------
[sterr,brake,accel] Logical time: 13076.99 
[sterr,brake,accel] Physical time: 13077.28 
[sterr,brake,accel] LAG: 0.28 
----------------------------------------------------------
[DRIVER STATE] accel=0.0 brake=0.24705882352941178
----------------------------------------------------------
[DRIVER REACTION 1] Logical time: 13076.99 
[DRIVER REACTION 1] Physical time: 13077.99 
[DRIVER REACTION 1] LAG: 1.00 
----------------------------------------------------------
The event throttle: 0.25098039215686274
----------------------------------------------------------
[DRIVER] Logical time: 13100.00 
[DRIVER] Physical time: 13100.32 
[DRIVER] LAG: 0.32 
----------------------------------------------------------
The event throttle: 0.25882352941176473
----------------------------------------------------------
[sterr,brake,accel] Logical time: 13109.10 
[sterr,brake,accel] Physical time: 13109.25 
[sterr,brake,accel] LAG: 0.16 
----------------------------------------------------------
[DRIVER STATE] accel=0.0 brake=0.25882352941176473
----------------------------------------------------------
[DRIVER REACTION 1] Logical time: 13109.10 
[DRIVER REACTION 1] Physical time: 13109.55 
[DRIVER REACTION 1] LAG: 0.45 
----------------------------------------------------------
The event throttle: 0.26666666666666666
The event throttle: 0.2823529411764706
The event throttle: 0.2901960784313726
----------------------------------------------------------
[sterr,brake,accel] Logical time: 13132.95 
[sterr,brake,accel] Physical time: 13133.09 
[sterr,brake,accel] LAG: 0.14 
----------------------------------------------------------
[DRIVER STATE] accel=0.0 brake=0.2901960784313726
----------------------------------------------------------
[DRIVER REACTION 1] Logical time: 13132.95 
[DRIVER REACTION 1] Physical time: 13133.35 
[DRIVER REACTION 1] LAG: 0.40 
----------------------------------------------------------
The event throttle: 0.3176470588235294
The event throttle: 0.34509803921568627
The event throttle: 0.3568627450980392
----------------------------------------------------------
[sterr,brake,accel] Logical time: 13157.06 
[sterr,brake,accel] Physical time: 13157.22 
[sterr,brake,accel] LAG: 0.16 
----------------------------------------------------------
[DRIVER STATE] accel=0.0 brake=0.3568627450980392
----------------------------------------------------------
[DRIVER REACTION 1] Logical time: 13157.06 
[DRIVER REACTION 1] Physical time: 13157.54 
[DRIVER REACTION 1] LAG: 0.48 
----------------------------------------------------------
The event throttle: 0.3843137254901961
The event throttle: 0.4
The event throttle: 0.42745098039215684
----------------------------------------------------------
[sterr,brake,accel] Logical time: 13180.95 
[sterr,brake,accel] Physical time: 13181.08 
[sterr,brake,accel] LAG: 0.13 
----------------------------------------------------------
[DRIVER STATE] accel=0.0 brake=0.42745098039215684
----------------------------------------------------------
[DRIVER REACTION 1] Logical time: 13180.95 
[DRIVER REACTION 1] Physical time: 13181.34 
[DRIVER REACTION 1] LAG: 0.39 
----------------------------------------------------------
The event throttle: 0.4549019607843137
The event throttle: 0.4745098039215686
[DEVICE READER CAM read] Physical time: 13204.31 
[DEVICE READER CAM read] LAG: 4.31 
----------------------------------------------------------
[DEVICE READER CAM TIMER] Logical time: 13200.00 
[DEVICE READER CAM TIMER] Physical time: 13204.54 
[DEVICE READER CAM TIMER] LAG: 4.54 
----------------------------------------------------------
----------------------------------------------------------
[DRIVER] Logical time: 13200.00 
[DRIVER] Physical time: 13204.74 
[DRIVER] LAG: 4.74 
----------------------------------------------------------
The event throttle: 0.5019607843137255
----------------------------------------------------------
[sterr,brake,accel] Logical time: 13205.15 
[sterr,brake,accel] Physical time: 13206.43 
[sterr,brake,accel] LAG: 1.27 
----------------------------------------------------------
[DRIVER STATE] accel=0.0 brake=0.5019607843137255
----------------------------------------------------------
[DRIVER REACTION 1] Logical time: 13205.15 
[DRIVER REACTION 1] Physical time: 13207.18 
[DRIVER REACTION 1] LAG: 2.02 
----------------------------------------------------------
The event throttle: 0.5137254901960784
The event throttle: 0.5450980392156862
The event throttle: 0.5647058823529412
----------------------------------------------------------
[sterr,brake,accel] Logical time: 13228.96 
[sterr,brake,accel] Physical time: 13229.17 
[sterr,brake,accel] LAG: 0.21 
----------------------------------------------------------
[DRIVER STATE] accel=0.0 brake=0.5647058823529412
----------------------------------------------------------
[DRIVER REACTION 1] Logical time: 13228.96 
[DRIVER REACTION 1] Physical time: 13229.62 
[DRIVER REACTION 1] LAG: 0.66 
----------------------------------------------------------
The event throttle: 0.5686274509803921
The event throttle: 0.5803921568627451
The event throttle: 0.5843137254901961
----------------------------------------------------------
[sterr,brake,accel] Logical time: 13253.01 
[sterr,brake,accel] Physical time: 13253.25 
[sterr,brake,accel] LAG: 0.24 
----------------------------------------------------------
[DRIVER STATE] accel=0.0 brake=0.5843137254901961
----------------------------------------------------------
[DRIVER REACTION 1] Logical time: 13253.01 
[DRIVER REACTION 1] Physical time: 13253.90 
[DRIVER REACTION 1] LAG: 0.89 
----------------------------------------------------------
The event throttle: 0.5803921568627451
----------------------------------------------------------
[DRIVER] Logical time: 13300.00 
[DRIVER] Physical time: 13300.44 
[DRIVER] LAG: 0.44 
----------------------------------------------------------
The event throttle: 0.5725490196078431
----------------------------------------------------------
[sterr,brake,accel] Logical time: 13301.62 
[sterr,brake,accel] Physical time: 13302.32 
[sterr,brake,accel] LAG: 0.70 
----------------------------------------------------------
[DRIVER STATE] accel=0.0 brake=0.5725490196078431
----------------------------------------------------------
[DRIVER REACTION 1] Logical time: 13301.62 
[DRIVER REACTION 1] Physical time: 13302.98 
[DRIVER REACTION 1] LAG: 1.36 
----------------------------------------------------------
The event throttle: 0.5568627450980392
The event throttle: 0.5490196078431373
The event throttle: 0.5254901960784314
----------------------------------------------------------
[sterr,brake,accel] Logical time: 13324.94 
[sterr,brake,accel] Physical time: 13325.15 
[sterr,brake,accel] LAG: 0.21 
----------------------------------------------------------
[DRIVER STATE] accel=0.0 brake=0.5254901960784314
----------------------------------------------------------
[DRIVER REACTION 1] Logical time: 13324.94 
[DRIVER REACTION 1] Physical time: 13325.60 
[DRIVER REACTION 1] LAG: 0.66 
----------------------------------------------------------
The event throttle: 0.5098039215686274
The event throttle: 0.4823529411764706
The event throttle: 0.4549019607843137
----------------------------------------------------------
[sterr,brake,accel] Logical time: 13348.95 
[sterr,brake,accel] Physical time: 13349.20 
[sterr,brake,accel] LAG: 0.25 
----------------------------------------------------------
[DRIVER STATE] accel=0.0 brake=0.4549019607843137
----------------------------------------------------------
[DRIVER REACTION 1] Logical time: 13348.95 
[DRIVER REACTION 1] Physical time: 13349.84 
[DRIVER REACTION 1] LAG: 0.89 
----------------------------------------------------------
The event throttle: 0.44313725490196076
The event throttle: 0.4196078431372549
The event throttle: 0.40784313725490196
----------------------------------------------------------
[sterr,brake,accel] Logical time: 13373.03 
[sterr,brake,accel] Physical time: 13373.26 
[sterr,brake,accel] LAG: 0.22 
----------------------------------------------------------
[DRIVER STATE] accel=0.0 brake=0.40784313725490196
----------------------------------------------------------
[DRIVER REACTION 1] Logical time: 13373.03 
[DRIVER REACTION 1] Physical time: 13373.75 
[DRIVER REACTION 1] LAG: 0.72 
----------------------------------------------------------
The event throttle: 0.3843137254901961
The event throttle: 0.36470588235294116
The event throttle: 0.3568627450980392
----------------------------------------------------------
[sterr,brake,accel] Logical time: 13397.01 
[sterr,brake,accel] Physical time: 13397.25 
[sterr,brake,accel] LAG: 0.25 
----------------------------------------------------------
[DRIVER STATE] accel=0.0 brake=0.3568627450980392
----------------------------------------------------------
[DRIVER REACTION 1] Logical time: 13397.01 
[DRIVER REACTION 1] Physical time: 13397.83 
[DRIVER REACTION 1] LAG: 0.82 
----------------------------------------------------------
[DEVICE READER CAM read] Physical time: 13404.99 
[DEVICE READER CAM read] LAG: 4.99 
The event throttle: 0.34509803921568627
----------------------------------------------------------
[DEVICE READER CAM TIMER] Logical time: 13400.00 
[DEVICE READER CAM TIMER] Physical time: 13405.68 
[DEVICE READER CAM TIMER] LAG: 5.68 
----------------------------------------------------------
----------------------------------------------------------
[DRIVER] Logical time: 13400.00 
[DRIVER] Physical time: 13406.39 
[DRIVER] LAG: 6.39 
----------------------------------------------------------
The event throttle: 0.3411764705882353
----------------------------------------------------------
[sterr,brake,accel] Logical time: 13421.09 
[sterr,brake,accel] Physical time: 13421.34 
[sterr,brake,accel] LAG: 0.25 
----------------------------------------------------------
[DRIVER STATE] accel=0.0 brake=0.3411764705882353
----------------------------------------------------------
[DRIVER REACTION 1] Logical time: 13421.09 
[DRIVER REACTION 1] Physical time: 13421.98 
[DRIVER REACTION 1] LAG: 0.88 
----------------------------------------------------------
The event throttle: 0.34509803921568627
----------------------------------------------------------
[sterr,brake,accel] Logical time: 13461.14 
[sterr,brake,accel] Physical time: 13461.42 
[sterr,brake,accel] LAG: 0.28 
----------------------------------------------------------
[DRIVER STATE] accel=0.0 brake=0.34509803921568627
----------------------------------------------------------
[DRIVER REACTION 1] Logical time: 13461.14 
[DRIVER REACTION 1] Physical time: 13462.10 
[DRIVER REACTION 1] LAG: 0.95 
----------------------------------------------------------
The event throttle: 0.34901960784313724
The event throttle: 0.3568627450980392
The event throttle: 0.3803921568627451
----------------------------------------------------------
[sterr,brake,accel] Logical time: 13485.07 
[sterr,brake,accel] Physical time: 13485.36 
[sterr,brake,accel] LAG: 0.28 
----------------------------------------------------------
[DRIVER STATE] accel=0.0 brake=0.3803921568627451
----------------------------------------------------------
[DRIVER REACTION 1] Logical time: 13485.07 
[DRIVER REACTION 1] Physical time: 13486.09 
[DRIVER REACTION 1] LAG: 1.02 
----------------------------------------------------------
The event throttle: 0.396078431372549
----------------------------------------------------------
[DRIVER] Logical time: 13500.00 
[DRIVER] Physical time: 13500.28 
[DRIVER] LAG: 0.28 
----------------------------------------------------------
The event throttle: 0.42745098039215684
The event throttle: 0.4745098039215686
----------------------------------------------------------
[sterr,brake,accel] Logical time: 13509.08 
[sterr,brake,accel] Physical time: 13509.35 
[sterr,brake,accel] LAG: 0.27 
----------------------------------------------------------
[DRIVER STATE] accel=0.0 brake=0.4745098039215686
----------------------------------------------------------
[DRIVER REACTION 1] Logical time: 13509.08 
[DRIVER REACTION 1] Physical time: 13510.09 
[DRIVER REACTION 1] LAG: 1.00 
----------------------------------------------------------
The event throttle: 0.49411764705882355
The event throttle: 0.5372549019607843
The event throttle: 0.5568627450980392
----------------------------------------------------------
[sterr,brake,accel] Logical time: 13532.98 
[sterr,brake,accel] Physical time: 13533.21 
[sterr,brake,accel] LAG: 0.24 
----------------------------------------------------------
[DRIVER STATE] accel=0.0 brake=0.5568627450980392
----------------------------------------------------------
[DRIVER REACTION 1] Logical time: 13532.98 
[DRIVER REACTION 1] Physical time: 13533.72 
[DRIVER REACTION 1] LAG: 0.75 
----------------------------------------------------------
The event throttle: 0.6
The event throttle: 0.6431372549019608
The event throttle: 0.6666666666666666
----------------------------------------------------------
[sterr,brake,accel] Logical time: 13557.02 
[sterr,brake,accel] Physical time: 13557.31 
[sterr,brake,accel] LAG: 0.29 
----------------------------------------------------------
[DRIVER STATE] accel=0.0 brake=0.6666666666666666
----------------------------------------------------------
[DRIVER REACTION 1] Logical time: 13557.02 
[DRIVER REACTION 1] Physical time: 13558.16 
[DRIVER REACTION 1] LAG: 1.15 
----------------------------------------------------------
The event throttle: 0.7019607843137254
The event throttle: 0.7176470588235294
The event throttle: 0.7450980392156863
----------------------------------------------------------
[sterr,brake,accel] Logical time: 13581.14 
[sterr,brake,accel] Physical time: 13581.43 
[sterr,brake,accel] LAG: 0.30 
----------------------------------------------------------
[DRIVER STATE] accel=0.0 brake=0.7450980392156863
----------------------------------------------------------
[DRIVER REACTION 1] Logical time: 13581.14 
[DRIVER REACTION 1] Physical time: 13582.16 
[DRIVER REACTION 1] LAG: 1.03 
----------------------------------------------------------
The event throttle: 0.7568627450980392
The event throttle: 0.7607843137254902
The event throttle: 0.7686274509803922
[DEVICE READER CAM read] Physical time: 13607.88 
[DEVICE READER CAM read] LAG: 7.88 
----------------------------------------------------------
[DEVICE READER CAM TIMER] Logical time: 13600.00 
[DEVICE READER CAM TIMER] Physical time: 13608.10 
[DEVICE READER CAM TIMER] LAG: 8.10 
----------------------------------------------------------
----------------------------------------------------------
[DRIVER] Logical time: 13600.00 
[DRIVER] Physical time: 13608.65 
[DRIVER] LAG: 8.65 
----------------------------------------------------------
----------------------------------------------------------
[sterr,brake,accel] Logical time: 13605.22 
[sterr,brake,accel] Physical time: 13610.32 
[sterr,brake,accel] LAG: 5.10 
----------------------------------------------------------
[DRIVER STATE] accel=0.0 brake=0.7686274509803922
----------------------------------------------------------
[DRIVER REACTION 1] Logical time: 13605.22 
[DRIVER REACTION 1] Physical time: 13610.99 
[DRIVER REACTION 1] LAG: 5.77 
----------------------------------------------------------
The event throttle: 0.7568627450980392
----------------------------------------------------------
[sterr,brake,accel] Logical time: 13645.16 
[sterr,brake,accel] Physical time: 13645.42 
[sterr,brake,accel] LAG: 0.26 
----------------------------------------------------------
[DRIVER STATE] accel=0.0 brake=0.7568627450980392
----------------------------------------------------------
[DRIVER REACTION 1] Logical time: 13645.16 
[DRIVER REACTION 1] Physical time: 13646.10 
[DRIVER REACTION 1] LAG: 0.95 
----------------------------------------------------------
The event throttle: 0.7490196078431373
The event throttle: 0.7333333333333333
The event throttle: 0.7019607843137254
----------------------------------------------------------
[sterr,brake,accel] Logical time: 13669.02 
[sterr,brake,accel] Physical time: 13669.27 
[sterr,brake,accel] LAG: 0.25 
----------------------------------------------------------
[DRIVER STATE] accel=0.0 brake=0.7019607843137254
----------------------------------------------------------
[DRIVER REACTION 1] Logical time: 13669.02 
[DRIVER REACTION 1] Physical time: 13669.88 
[DRIVER REACTION 1] LAG: 0.86 
----------------------------------------------------------
The event throttle: 0.6901960784313725
The event throttle: 0.6431372549019608
The event throttle: 0.6235294117647059
----------------------------------------------------------
[sterr,brake,accel] Logical time: 13693.01 
[sterr,brake,accel] Physical time: 13693.27 
[sterr,brake,accel] LAG: 0.26 
----------------------------------------------------------
[DRIVER STATE] accel=0.0 brake=0.6235294117647059
----------------------------------------------------------
[DRIVER REACTION 1] Logical time: 13693.01 
[DRIVER REACTION 1] Physical time: 13693.89 
[DRIVER REACTION 1] LAG: 0.88 
----------------------------------------------------------
----------------------------------------------------------
[DRIVER] Logical time: 13700.00 
[DRIVER] Physical time: 13700.30 
[DRIVER] LAG: 0.30 
----------------------------------------------------------
The event throttle: 0.5764705882352941
The event throttle: 0.5333333333333333
The event throttle: 0.5058823529411764
----------------------------------------------------------
[sterr,brake,accel] Logical time: 13717.09 
[sterr,brake,accel] Physical time: 13717.36 
[sterr,brake,accel] LAG: 0.27 
----------------------------------------------------------
[DRIVER STATE] accel=0.0 brake=0.5058823529411764
----------------------------------------------------------
[DRIVER REACTION 1] Logical time: 13717.09 
[DRIVER REACTION 1] Physical time: 13718.10 
[DRIVER REACTION 1] LAG: 1.01 
----------------------------------------------------------
The event throttle: 0.4588235294117647
The event throttle: 0.43137254901960786
The event throttle: 0.38823529411764707
----------------------------------------------------------
[sterr,brake,accel] Logical time: 13741.02 
[sterr,brake,accel] Physical time: 13741.28 
[sterr,brake,accel] LAG: 0.26 
----------------------------------------------------------
[DRIVER STATE] accel=0.0 brake=0.38823529411764707
----------------------------------------------------------
[DRIVER REACTION 1] Logical time: 13741.02 
[DRIVER REACTION 1] Physical time: 13741.91 
[DRIVER REACTION 1] LAG: 0.89 
----------------------------------------------------------
The event throttle: 0.34901960784313724
The event throttle: 0.32941176470588235
The event throttle: 0.2980392156862745
----------------------------------------------------------
[sterr,brake,accel] Logical time: 13765.07 
[sterr,brake,accel] Physical time: 13765.35 
[sterr,brake,accel] LAG: 0.28 
----------------------------------------------------------
[DRIVER STATE] accel=0.0 brake=0.2980392156862745
----------------------------------------------------------
[DRIVER REACTION 1] Logical time: 13765.07 
[DRIVER REACTION 1] Physical time: 13766.03 
[DRIVER REACTION 1] LAG: 0.95 
----------------------------------------------------------
The event throttle: 0.2901960784313726
The event throttle: 0.2784313725490196
The event throttle: 0.27058823529411763
----------------------------------------------------------
[sterr,brake,accel] Logical time: 13789.06 
[sterr,brake,accel] Physical time: 13789.32 
[sterr,brake,accel] LAG: 0.26 
----------------------------------------------------------
[DRIVER STATE] accel=0.0 brake=0.27058823529411763
----------------------------------------------------------
[DRIVER REACTION 1] Logical time: 13789.06 
[DRIVER REACTION 1] Physical time: 13790.00 
[DRIVER REACTION 1] LAG: 0.94 
----------------------------------------------------------
[DEVICE READER CAM read] Physical time: 13804.06 
[DEVICE READER CAM read] LAG: 4.06 
----------------------------------------------------------
[DEVICE READER CAM TIMER] Logical time: 13800.00 
[DEVICE READER CAM TIMER] Physical time: 13804.28 
[DEVICE READER CAM TIMER] LAG: 4.28 
----------------------------------------------------------
The event throttle: 0.27450980392156865
The event throttle: 0.2823529411764706
Faces: 0
The event throttle: 0.30196078431372547
The event throttle: 0.3176470588235294
The event throttle: 0.3568627450980392
The event throttle: 0.4
The event throttle: 0.4196078431372549
Saved debug (no face)
----------------------------------------------------------
[FACE DETECTOR] Logical time: 13800.00 
[FACE DETECTOR] Physical time: 13884.28 
[FACE DETECTOR] LAG: 84.28 
----------------------------------------------------------
[DRIVER STATE] accel=0.0 brake=0.0
----------------------------------------------------------
[DRIVER REACTION 1] Logical time: 13800.00 
[DRIVER REACTION 1] Physical time: 13884.62 
[DRIVER REACTION 1] LAG: 84.62 
----------------------------------------------------------
----------------------------------------------------------
[DRIVER] Logical time: 13800.00 
[DRIVER] Physical time: 13884.82 
[DRIVER] LAG: 84.82 
----------------------------------------------------------
The event throttle: 0.4666666666666667
----------------------------------------------------------
[sterr,brake,accel] Logical time: 13829.07 
[sterr,brake,accel] Physical time: 13885.56 
[sterr,brake,accel] LAG: 56.49 
----------------------------------------------------------
[DRIVER STATE] accel=0.0 brake=0.27450980392156865
----------------------------------------------------------
[DRIVER REACTION 1] Logical time: 13829.07 
[DRIVER REACTION 1] Physical time: 13885.88 
[DRIVER REACTION 1] LAG: 56.81 
----------------------------------------------------------
----------------------------------------------------------
[sterr,brake,accel] Logical time: 13853.07 
[sterr,brake,accel] Physical time: 13886.04 
[sterr,brake,accel] LAG: 32.97 
----------------------------------------------------------
[DRIVER STATE] accel=0.0 brake=0.3176470588235294
----------------------------------------------------------
[DRIVER REACTION 1] Logical time: 13853.07 
[DRIVER REACTION 1] Physical time: 13886.25 
[DRIVER REACTION 1] LAG: 33.19 
----------------------------------------------------------
----------------------------------------------------------
[sterr,brake,accel] Logical time: 13877.02 
[sterr,brake,accel] Physical time: 13886.39 
[sterr,brake,accel] LAG: 9.37 
----------------------------------------------------------
[DRIVER STATE] accel=0.0 brake=0.4196078431372549
----------------------------------------------------------
[DRIVER REACTION 1] Logical time: 13877.02 
[DRIVER REACTION 1] Physical time: 13886.63 
[DRIVER REACTION 1] LAG: 9.62 
----------------------------------------------------------
The event throttle: 0.48627450980392156
----------------------------------------------------------
[DRIVER] Logical time: 13900.00 
[DRIVER] Physical time: 13900.23 
[DRIVER] LAG: 0.23 
----------------------------------------------------------
The event throttle: 0.5176470588235295
----------------------------------------------------------
[sterr,brake,accel] Logical time: 13901.08 
[sterr,brake,accel] Physical time: 13901.52 
[sterr,brake,accel] LAG: 0.44 
----------------------------------------------------------
[DRIVER STATE] accel=0.0 brake=0.5176470588235295
----------------------------------------------------------
[DRIVER REACTION 1] Logical time: 13901.08 
[DRIVER REACTION 1] Physical time: 13901.90 
[DRIVER REACTION 1] LAG: 0.82 
----------------------------------------------------------
The event throttle: 0.5529411764705883
The event throttle: 0.5686274509803921
The event throttle: 0.596078431372549
----------------------------------------------------------
[sterr,brake,accel] Logical time: 13925.09 
[sterr,brake,accel] Physical time: 13925.36 
[sterr,brake,accel] LAG: 0.28 
----------------------------------------------------------
[DRIVER STATE] accel=0.0 brake=0.596078431372549
----------------------------------------------------------
[DRIVER REACTION 1] Logical time: 13925.09 
[DRIVER REACTION 1] Physical time: 13926.07 
[DRIVER REACTION 1] LAG: 0.98 
----------------------------------------------------------
The event throttle: 0.6078431372549019
The event throttle: 0.6274509803921569
The event throttle: 0.6392156862745098
----------------------------------------------------------
[sterr,brake,accel] Logical time: 13949.06 
[sterr,brake,accel] Physical time: 13949.34 
[sterr,brake,accel] LAG: 0.28 
----------------------------------------------------------
[DRIVER STATE] accel=0.0 brake=0.6392156862745098
----------------------------------------------------------
[DRIVER REACTION 1] Logical time: 13949.06 
[DRIVER REACTION 1] Physical time: 13950.03 
[DRIVER REACTION 1] LAG: 0.97 
----------------------------------------------------------
The event throttle: 0.6431372549019608
The event throttle: 0.6470588235294118
[DEVICE READER CAM read] Physical time: 14005.12 
[DEVICE READER CAM read] LAG: 5.12 
----------------------------------------------------------
[DEVICE READER CAM TIMER] Logical time: 14000.00 
[DEVICE READER CAM TIMER] Physical time: 14005.34 
[DEVICE READER CAM TIMER] LAG: 5.34 
----------------------------------------------------------
----------------------------------------------------------
[DRIVER] Logical time: 14000.00 
[DRIVER] Physical time: 14006.10 
[DRIVER] LAG: 6.10 
----------------------------------------------------------
The event throttle: 0.6431372549019608
----------------------------------------------------------
[sterr,brake,accel] Logical time: 14021.06 
[sterr,brake,accel] Physical time: 14021.22 
[sterr,brake,accel] LAG: 0.15 
----------------------------------------------------------
[DRIVER STATE] accel=0.0 brake=0.6431372549019608
----------------------------------------------------------
[DRIVER REACTION 1] Logical time: 14021.06 
[DRIVER REACTION 1] Physical time: 14021.56 
[DRIVER REACTION 1] LAG: 0.50 
----------------------------------------------------------
The event throttle: 0.6392156862745098
The event throttle: 0.6274509803921569
----------------------------------------------------------
[sterr,brake,accel] Logical time: 14045.05 
[sterr,brake,accel] Physical time: 14045.28 
[sterr,brake,accel] LAG: 0.23 
----------------------------------------------------------
[DRIVER STATE] accel=0.0 brake=0.6274509803921569
----------------------------------------------------------
[DRIVER REACTION 1] Logical time: 14045.05 
[DRIVER REACTION 1] Physical time: 14045.92 
[DRIVER REACTION 1] LAG: 0.87 
----------------------------------------------------------
The event throttle: 0.6196078431372549
The event throttle: 0.6039215686274509
The event throttle: 0.5803921568627451
----------------------------------------------------------
[sterr,brake,accel] Logical time: 14069.10 
[sterr,brake,accel] Physical time: 14069.37 
[sterr,brake,accel] LAG: 0.27 
----------------------------------------------------------
[DRIVER STATE] accel=0.0 brake=0.5803921568627451
----------------------------------------------------------
[DRIVER REACTION 1] Logical time: 14069.10 
[DRIVER REACTION 1] Physical time: 14070.08 
[DRIVER REACTION 1] LAG: 0.98 
----------------------------------------------------------
The event throttle: 0.5686274509803921
The event throttle: 0.5450980392156862
The event throttle: 0.5254901960784314
----------------------------------------------------------
[sterr,brake,accel] Logical time: 14093.08 
[sterr,brake,accel] Physical time: 14093.35 
[sterr,brake,accel] LAG: 0.27 
----------------------------------------------------------
[DRIVER STATE] accel=0.0 brake=0.5254901960784314
----------------------------------------------------------
[DRIVER REACTION 1] Logical time: 14093.08 
[DRIVER REACTION 1] Physical time: 14094.01 
[DRIVER REACTION 1] LAG: 0.93 
----------------------------------------------------------
----------------------------------------------------------
[DRIVER] Logical time: 14100.00 
[DRIVER] Physical time: 14100.31 
[DRIVER] LAG: 0.31 
----------------------------------------------------------
The event throttle: 0.4980392156862745
The event throttle: 0.47058823529411764
The event throttle: 0.4549019607843137
----------------------------------------------------------
[sterr,brake,accel] Logical time: 14117.09 
[sterr,brake,accel] Physical time: 14117.32 
[sterr,brake,accel] LAG: 0.23 
----------------------------------------------------------
[DRIVER STATE] accel=0.0 brake=0.4549019607843137
----------------------------------------------------------
[DRIVER REACTION 1] Logical time: 14117.09 
[DRIVER REACTION 1] Physical time: 14117.88 
[DRIVER REACTION 1] LAG: 0.79 
----------------------------------------------------------
The event throttle: 0.42745098039215684
The event throttle: 0.41568627450980394
The event throttle: 0.396078431372549
----------------------------------------------------------
[sterr,brake,accel] Logical time: 14141.10 
[sterr,brake,accel] Physical time: 14141.37 
[sterr,brake,accel] LAG: 0.27 
----------------------------------------------------------
[DRIVER STATE] accel=0.0 brake=0.396078431372549
----------------------------------------------------------
[DRIVER REACTION 1] Logical time: 14141.10 
[DRIVER REACTION 1] Physical time: 14142.09 
[DRIVER REACTION 1] LAG: 0.98 
----------------------------------------------------------
The event throttle: 0.3803921568627451
The event throttle: 0.3764705882352941
----------------------------------------------------------
[sterr,brake,accel] Logical time: 14165.13 
[sterr,brake,accel] Physical time: 14165.37 
[sterr,brake,accel] LAG: 0.24 
----------------------------------------------------------
[DRIVER STATE] accel=0.0 brake=0.3764705882352941
----------------------------------------------------------
[DRIVER REACTION 1] Logical time: 14165.13 
[DRIVER REACTION 1] Physical time: 14165.97 
[DRIVER REACTION 1] LAG: 0.84 
----------------------------------------------------------
The event throttle: 0.3803921568627451
----------------------------------------------------------
[sterr,brake,accel] Logical time: 14197.22 
[sterr,brake,accel] Physical time: 14197.48 
[sterr,brake,accel] LAG: 0.27 
----------------------------------------------------------
[DRIVER STATE] accel=0.0 brake=0.3803921568627451
----------------------------------------------------------
[DRIVER REACTION 1] Logical time: 14197.22 
[DRIVER REACTION 1] Physical time: 14198.16 
[DRIVER REACTION 1] LAG: 0.94 
----------------------------------------------------------
The event throttle: 0.39215686274509803
[DEVICE READER CAM read] Physical time: 14207.69 
[DEVICE READER CAM read] LAG: 7.69 
----------------------------------------------------------
[DEVICE READER CAM TIMER] Logical time: 14200.00 
[DEVICE READER CAM TIMER] Physical time: 14208.13 
[DEVICE READER CAM TIMER] LAG: 8.13 
----------------------------------------------------------
----------------------------------------------------------
[DRIVER] Logical time: 14200.00 
[DRIVER] Physical time: 14208.71 
[DRIVER] LAG: 8.71 
----------------------------------------------------------
The event throttle: 0.40784313725490196
The event throttle: 0.43529411764705883
----------------------------------------------------------
[sterr,brake,accel] Logical time: 14221.02 
[sterr,brake,accel] Physical time: 14221.17 
[sterr,brake,accel] LAG: 0.15 
----------------------------------------------------------
[DRIVER STATE] accel=0.0 brake=0.43529411764705883
----------------------------------------------------------
[DRIVER REACTION 1] Logical time: 14221.02 
[DRIVER REACTION 1] Physical time: 14221.48 
[DRIVER REACTION 1] LAG: 0.46 
----------------------------------------------------------
The event throttle: 0.47843137254901963
The event throttle: 0.49411764705882355
The event throttle: 0.5450980392156862
----------------------------------------------------------
[sterr,brake,accel] Logical time: 14245.10 
[sterr,brake,accel] Physical time: 14245.37 
[sterr,brake,accel] LAG: 0.26 
----------------------------------------------------------
[DRIVER STATE] accel=0.0 brake=0.5450980392156862
----------------------------------------------------------
[DRIVER REACTION 1] Logical time: 14245.10 
[DRIVER REACTION 1] Physical time: 14246.05 
[DRIVER REACTION 1] LAG: 0.95 
----------------------------------------------------------
The event throttle: 0.5647058823529412
The event throttle: 0.611764705882353
The event throttle: 0.6588235294117647
----------------------------------------------------------
[sterr,brake,accel] Logical time: 14269.08 
[sterr,brake,accel] Physical time: 14269.33 
[sterr,brake,accel] LAG: 0.26 
----------------------------------------------------------
[DRIVER STATE] accel=0.0 brake=0.6588235294117647
----------------------------------------------------------
[DRIVER REACTION 1] Logical time: 14269.08 
[DRIVER REACTION 1] Physical time: 14269.95 
[DRIVER REACTION 1] LAG: 0.87 
----------------------------------------------------------
The event throttle: 0.6862745098039216
The event throttle: 0.7333333333333333
The event throttle: 0.7529411764705882
----------------------------------------------------------
[sterr,brake,accel] Logical time: 14293.12 
[sterr,brake,accel] Physical time: 14293.37 
[sterr,brake,accel] LAG: 0.25 
----------------------------------------------------------
[DRIVER STATE] accel=0.0 brake=0.7529411764705882
----------------------------------------------------------
[DRIVER REACTION 1] Logical time: 14293.12 
[DRIVER REACTION 1] Physical time: 14294.00 
[DRIVER REACTION 1] LAG: 0.88 
----------------------------------------------------------
----------------------------------------------------------
[DRIVER] Logical time: 14300.00 
[DRIVER] Physical time: 14300.30 
[DRIVER] LAG: 0.30 
----------------------------------------------------------
The event throttle: 0.796078431372549
The event throttle: 0.8274509803921568
The event throttle: 0.8431372549019608
----------------------------------------------------------
[sterr,brake,accel] Logical time: 14317.17 
[sterr,brake,accel] Physical time: 14317.45 
[sterr,brake,accel] LAG: 0.28 
----------------------------------------------------------
[DRIVER STATE] accel=0.0 brake=0.8431372549019608
----------------------------------------------------------
[DRIVER REACTION 1] Logical time: 14317.17 
[DRIVER REACTION 1] Physical time: 14318.19 
[DRIVER REACTION 1] LAG: 1.02 
----------------------------------------------------------
The event throttle: 0.8627450980392157
The event throttle: 0.8666666666666667
The event throttle: 0.8745098039215686
----------------------------------------------------------
[sterr,brake,accel] Logical time: 14341.12 
[sterr,brake,accel] Physical time: 14341.38 
[sterr,brake,accel] LAG: 0.26 
----------------------------------------------------------
[DRIVER STATE] accel=0.0 brake=0.8745098039215686
----------------------------------------------------------
[DRIVER REACTION 1] Logical time: 14341.12 
[DRIVER REACTION 1] Physical time: 14342.07 
[DRIVER REACTION 1] LAG: 0.95 
----------------------------------------------------------
The event throttle: 0.8705882352941177
----------------------------------------------------------
[sterr,brake,accel] Logical time: 14373.25 
[sterr,brake,accel] Physical time: 14373.53 
[sterr,brake,accel] LAG: 0.27 
----------------------------------------------------------
[DRIVER STATE] accel=0.0 brake=0.8705882352941177
----------------------------------------------------------
[DRIVER REACTION 1] Logical time: 14373.25 
[DRIVER REACTION 1] Physical time: 14374.20 
[DRIVER REACTION 1] LAG: 0.95 
----------------------------------------------------------
The event throttle: 0.8627450980392157
The event throttle: 0.8549019607843137
The event throttle: 0.8274509803921568
----------------------------------------------------------
[sterr,brake,accel] Logical time: 14397.11 
[sterr,brake,accel] Physical time: 14397.38 
[sterr,brake,accel] LAG: 0.27 
----------------------------------------------------------
[DRIVER STATE] accel=0.0 brake=0.8274509803921568
----------------------------------------------------------
[DRIVER REACTION 1] Logical time: 14397.11 
[DRIVER REACTION 1] Physical time: 14398.07 
[DRIVER REACTION 1] LAG: 0.96 
----------------------------------------------------------
[DEVICE READER CAM read] Physical time: 14404.24 
[DEVICE READER CAM read] LAG: 4.24 
----------------------------------------------------------
[DEVICE READER CAM TIMER] Logical time: 14400.00 
[DEVICE READER CAM TIMER] Physical time: 14404.44 
[DEVICE READER CAM TIMER] LAG: 4.44 
----------------------------------------------------------
----------------------------------------------------------
[DRIVER] Logical time: 14400.00 
[DRIVER] Physical time: 14405.01 
The event throttle: 0.788235294117647
[DRIVER] LAG: 5.01 
----------------------------------------------------------
The event throttle: 0.7686274509803922
The event throttle: 0.7254901960784313
----------------------------------------------------------
[sterr,brake,accel] Logical time: 14421.08 
[sterr,brake,accel] Physical time: 14421.18 
[sterr,brake,accel] LAG: 0.10 
----------------------------------------------------------
[DRIVER STATE] accel=0.0 brake=0.7254901960784313
----------------------------------------------------------
[DRIVER REACTION 1] Logical time: 14421.08 
[DRIVER REACTION 1] Physical time: 14421.36 
[DRIVER REACTION 1] LAG: 0.28 
----------------------------------------------------------
The event throttle: 0.6862745098039216
The event throttle: 0.6588235294117647
The event throttle: 0.615686274509804
----------------------------------------------------------
[sterr,brake,accel] Logical time: 14445.12 
[sterr,brake,accel] Physical time: 14445.26 
[sterr,brake,accel] LAG: 0.14 
----------------------------------------------------------
[DRIVER STATE] accel=0.0 brake=0.615686274509804
----------------------------------------------------------
[DRIVER REACTION 1] Logical time: 14445.12 
[DRIVER REACTION 1] Physical time: 14445.55 
[DRIVER REACTION 1] LAG: 0.43 
----------------------------------------------------------
The event throttle: 0.596078431372549
The event throttle: 0.5490196078431373
The event throttle: 0.5137254901960784
----------------------------------------------------------
[sterr,brake,accel] Logical time: 14469.10 
[sterr,brake,accel] Physical time: 14469.25 
[sterr,brake,accel] LAG: 0.15 
----------------------------------------------------------
[DRIVER STATE] accel=0.0 brake=0.5137254901960784
----------------------------------------------------------
[DRIVER REACTION 1] Logical time: 14469.10 
[DRIVER REACTION 1] Physical time: 14469.51 
[DRIVER REACTION 1] LAG: 0.41 
----------------------------------------------------------
The event throttle: 0.4980392156862745
The event throttle: 0.4745098039215686
The event throttle: 0.4627450980392157
----------------------------------------------------------
[sterr,brake,accel] Logical time: 14493.16 
[sterr,brake,accel] Physical time: 14493.32 
[sterr,brake,accel] LAG: 0.16 
----------------------------------------------------------
[DRIVER STATE] accel=0.0 brake=0.4627450980392157
----------------------------------------------------------
[DRIVER REACTION 1] Logical time: 14493.16 
[DRIVER REACTION 1] Physical time: 14493.68 
[DRIVER REACTION 1] LAG: 0.52 
----------------------------------------------------------
----------------------------------------------------------
[DRIVER] Logical time: 14500.00 
[DRIVER] Physical time: 14500.20 
[DRIVER] LAG: 0.20 
----------------------------------------------------------
The event throttle: 0.45098039215686275
The event throttle: 0.4470588235294118
The event throttle: 0.45098039215686275
----------------------------------------------------------
[sterr,brake,accel] Logical time: 14541.26 
[sterr,brake,accel] Physical time: 14541.59 
[sterr,brake,accel] LAG: 0.33 
----------------------------------------------------------
[DRIVER STATE] accel=0.0 brake=0.45098039215686275
----------------------------------------------------------
[DRIVER REACTION 1] Logical time: 14541.26 
[DRIVER REACTION 1] Physical time: 14542.40 
[DRIVER REACTION 1] LAG: 1.14 
----------------------------------------------------------
The event throttle: 0.4666666666666667
The event throttle: 0.4745098039215686
The event throttle: 0.4980392156862745
----------------------------------------------------------
[sterr,brake,accel] Logical time: 14565.16 
[sterr,brake,accel] Physical time: 14565.41 
[sterr,brake,accel] LAG: 0.25 
----------------------------------------------------------
[DRIVER STATE] accel=0.0 brake=0.4980392156862745
----------------------------------------------------------
[DRIVER REACTION 1] Logical time: 14565.16 
[DRIVER REACTION 1] Physical time: 14566.06 
[DRIVER REACTION 1] LAG: 0.90 
----------------------------------------------------------
The event throttle: 0.5098039215686274
The event throttle: 0.5490196078431373
The event throttle: 0.5843137254901961
----------------------------------------------------------
[sterr,brake,accel] Logical time: 14589.27 
[sterr,brake,accel] Physical time: 14589.57 
[sterr,brake,accel] LAG: 0.30 
----------------------------------------------------------
[DRIVER STATE] accel=0.0 brake=0.5843137254901961
----------------------------------------------------------
[DRIVER REACTION 1] Logical time: 14589.27 
[DRIVER REACTION 1] Physical time: 14590.29 
[DRIVER REACTION 1] LAG: 1.02 
----------------------------------------------------------
The event throttle: 0.6039215686274509
[DEVICE READER CAM read] Physical time: 14604.04 
[DEVICE READER CAM read] LAG: 4.04 
----------------------------------------------------------
[DEVICE READER CAM TIMER] Logical time: 14600.00 
[DEVICE READER CAM TIMER] Physical time: 14604.25 
[DEVICE READER CAM TIMER] LAG: 4.25 
----------------------------------------------------------
----------------------------------------------------------
[DRIVER] Logical time: 14600.00 
[DRIVER] Physical time: 14605.04 
[DRIVER] LAG: 5.04 
The event throttle: 0.6392156862745098
----------------------------------------------------------
The event throttle: 0.6549019607843137
----------------------------------------------------------
[sterr,brake,accel] Logical time: 14613.20 
[sterr,brake,accel] Physical time: 14613.44 
[sterr,brake,accel] LAG: 0.24 
----------------------------------------------------------
[DRIVER STATE] accel=0.0 brake=0.6549019607843137
----------------------------------------------------------
[DRIVER REACTION 1] Logical time: 14613.20 
[DRIVER REACTION 1] Physical time: 14614.03 
[DRIVER REACTION 1] LAG: 0.83 
----------------------------------------------------------
The event throttle: 0.6941176470588235
The event throttle: 0.7333333333333333
The event throttle: 0.7490196078431373
----------------------------------------------------------
[sterr,brake,accel] Logical time: 14637.09 
[sterr,brake,accel] Physical time: 14637.31 
[sterr,brake,accel] LAG: 0.22 
----------------------------------------------------------
[DRIVER STATE] accel=0.0 brake=0.7490196078431373
----------------------------------------------------------
[DRIVER REACTION 1] Logical time: 14637.09 
[DRIVER REACTION 1] Physical time: 14637.90 
[DRIVER REACTION 1] LAG: 0.81 
----------------------------------------------------------
The event throttle: 0.7803921568627451
The event throttle: 0.796078431372549
The event throttle: 0.8274509803921568
----------------------------------------------------------
[sterr,brake,accel] Logical time: 14661.17 
[sterr,brake,accel] Physical time: 14661.45 
[sterr,brake,accel] LAG: 0.27 
----------------------------------------------------------
[DRIVER STATE] accel=0.0 brake=0.8274509803921568
----------------------------------------------------------
[DRIVER REACTION 1] Logical time: 14661.17 
[DRIVER REACTION 1] Physical time: 14662.17 
[DRIVER REACTION 1] LAG: 1.00 
----------------------------------------------------------
The event throttle: 0.8588235294117647
The event throttle: 0.8705882352941177
The event throttle: 0.8980392156862745
----------------------------------------------------------
[sterr,brake,accel] Logical time: 14685.16 
[sterr,brake,accel] Physical time: 14685.45 
[sterr,brake,accel] LAG: 0.30 
----------------------------------------------------------
[DRIVER STATE] accel=0.0 brake=0.8980392156862745
----------------------------------------------------------
[DRIVER REACTION 1] Logical time: 14685.16 
[DRIVER REACTION 1] Physical time: 14686.18 
[DRIVER REACTION 1] LAG: 1.02 
----------------------------------------------------------
The event throttle: 0.9137254901960784
----------------------------------------------------------
[DRIVER] Logical time: 14700.00 
[DRIVER] Physical time: 14700.31 
[DRIVER] LAG: 0.31 
----------------------------------------------------------
The event throttle: 0.9294117647058824
The event throttle: 0.9490196078431372
----------------------------------------------------------
[sterr,brake,accel] Logical time: 14709.19 
[sterr,brake,accel] Physical time: 14709.42 
[sterr,brake,accel] LAG: 0.23 
----------------------------------------------------------
[DRIVER STATE] accel=0.0 brake=0.9490196078431372
----------------------------------------------------------
[DRIVER REACTION 1] Logical time: 14709.19 
[DRIVER REACTION 1] Physical time: 14710.02 
[DRIVER REACTION 1] LAG: 0.84 
----------------------------------------------------------
The event throttle: 0.9529411764705882
The event throttle: 0.9568627450980393
The event throttle: 0.9490196078431372
----------------------------------------------------------
[sterr,brake,accel] Logical time: 14765.36 
[sterr,brake,accel] Physical time: 14765.65 
[sterr,brake,accel] LAG: 0.29 
----------------------------------------------------------
[DRIVER STATE] accel=0.0 brake=0.9490196078431372
----------------------------------------------------------
[DRIVER REACTION 1] Logical time: 14765.36 
[DRIVER REACTION 1] Physical time: 14766.34 
[DRIVER REACTION 1] LAG: 0.97 
----------------------------------------------------------
The event throttle: 0.9411764705882353
The event throttle: 0.9215686274509803
The event throttle: 0.8941176470588236
----------------------------------------------------------
[sterr,brake,accel] Logical time: 14789.13 
[sterr,brake,accel] Physical time: 14789.36 
[sterr,brake,accel] LAG: 0.23 
----------------------------------------------------------
[DRIVER STATE] accel=0.0 brake=0.8941176470588236
----------------------------------------------------------
[DRIVER REACTION 1] Logical time: 14789.13 
[DRIVER REACTION 1] Physical time: 14789.93 
[DRIVER REACTION 1] LAG: 0.80 
----------------------------------------------------------
The event throttle: 0.8784313725490196
[DEVICE READER CAM read] Physical time: 14804.49 
[DEVICE READER CAM read] LAG: 4.49 
----------------------------------------------------------
[DEVICE READER CAM TIMER] Logical time: 14800.00 
[DEVICE READER CAM TIMER] Physical time: 14804.92 
The event throttle: 0.8392156862745098
[DEVICE READER CAM TIMER] LAG: 4.92 
----------------------------------------------------------
The event throttle: 0.8156862745098039
The event throttle: 0.7725490196078432
The event throttle: 0.7294117647058823
The event throttle: 0.7098039215686275
Faces: 0
The event throttle: 0.6745098039215687
The event throttle: 0.6588235294117647
The event throttle: 0.6274509803921569
The event throttle: 0.6039215686274509
The event throttle: 0.596078431372549
Saved debug (no face)
----------------------------------------------------------
[FACE DETECTOR] Logical time: 14800.00 
[FACE DETECTOR] Physical time: 14878.70 
[FACE DETECTOR] LAG: 78.70 
----------------------------------------------------------
[DRIVER STATE] accel=0.0 brake=0.0
----------------------------------------------------------
[DRIVER REACTION 1] Logical time: 14800.00 
[DRIVER REACTION 1] Physical time: 14879.14 
[DRIVER REACTION 1] LAG: 79.14 
----------------------------------------------------------
----------------------------------------------------------
[DRIVER] Logical time: 14800.00 
[DRIVER] Physical time: 14879.30 
[DRIVER] LAG: 79.30 
----------------------------------------------------------
----------------------------------------------------------
[sterr,brake,accel] Logical time: 14813.46 
[sterr,brake,accel] Physical time: 14879.86 
[sterr,brake,accel] LAG: 66.40 
----------------------------------------------------------
[DRIVER STATE] accel=0.0 brake=0.8156862745098039
----------------------------------------------------------
[DRIVER REACTION 1] Logical time: 14813.46 
[DRIVER REACTION 1] Physical time: 14880.16 
[DRIVER REACTION 1] LAG: 66.69 
----------------------------------------------------------
----------------------------------------------------------
[sterr,brake,accel] Logical time: 14837.19 
[sterr,brake,accel] Physical time: 14880.32 
[sterr,brake,accel] LAG: 43.14 
----------------------------------------------------------
[DRIVER STATE] accel=0.0 brake=0.7098039215686275
----------------------------------------------------------
[DRIVER REACTION 1] Logical time: 14837.19 
[DRIVER REACTION 1] Physical time: 14880.54 
[DRIVER REACTION 1] LAG: 43.36 
----------------------------------------------------------
----------------------------------------------------------
[sterr,brake,accel] Logical time: 14861.14 
[sterr,brake,accel] Physical time: 14880.83 
[sterr,brake,accel] LAG: 19.69 
----------------------------------------------------------
[DRIVER STATE] accel=0.0 brake=0.6274509803921569
----------------------------------------------------------
[DRIVER REACTION 1] Logical time: 14861.14 
[DRIVER REACTION 1] Physical time: 14881.08 
[DRIVER REACTION 1] LAG: 19.94 
----------------------------------------------------------
The event throttle: 0.5843137254901961
----------------------------------------------------------
[sterr,brake,accel] Logical time: 14885.16 
[sterr,brake,accel] Physical time: 14885.30 
[sterr,brake,accel] LAG: 0.14 
----------------------------------------------------------
[DRIVER STATE] accel=0.0 brake=0.5843137254901961
----------------------------------------------------------
[DRIVER REACTION 1] Logical time: 14885.16 
[DRIVER REACTION 1] Physical time: 14885.58 
[DRIVER REACTION 1] LAG: 0.42 
----------------------------------------------------------
The event throttle: 0.5803921568627451
----------------------------------------------------------
[DRIVER] Logical time: 14900.00 
[DRIVER] Physical time: 14900.31 
[DRIVER] LAG: 0.31 
----------------------------------------------------------
The event throttle: 0.5764705882352941
The event throttle: 0.5803921568627451
----------------------------------------------------------
[sterr,brake,accel] Logical time: 14917.22 
[sterr,brake,accel] Physical time: 14917.35 
[sterr,brake,accel] LAG: 0.12 
----------------------------------------------------------
[DRIVER STATE] accel=0.0 brake=0.5803921568627451
----------------------------------------------------------
[DRIVER REACTION 1] Logical time: 14917.22 
[DRIVER REACTION 1] Physical time: 14917.59 
[DRIVER REACTION 1] LAG: 0.37 
----------------------------------------------------------
The event throttle: 0.5843137254901961
The event throttle: 0.596078431372549
----------------------------------------------------------
[sterr,brake,accel] Logical time: 14941.18 
[sterr,brake,accel] Physical time: 14941.36 
[sterr,brake,accel] LAG: 0.19 
----------------------------------------------------------
[DRIVER STATE] accel=0.0 brake=0.596078431372549
----------------------------------------------------------
[DRIVER REACTION 1] Logical time: 14941.18 
[DRIVER REACTION 1] Physical time: 14941.63 
[DRIVER REACTION 1] LAG: 0.45 
----------------------------------------------------------
The event throttle: 0.6078431372549019
The event throttle: 0.6196078431372549
The event throttle: 0.6431372549019608
----------------------------------------------------------
[sterr,brake,accel] Logical time: 14965.22 
[sterr,brake,accel] Physical time: 14965.36 
[sterr,brake,accel] LAG: 0.15 
----------------------------------------------------------
[DRIVER STATE] accel=0.0 brake=0.6431372549019608
----------------------------------------------------------
[DRIVER REACTION 1] Logical time: 14965.22 
[DRIVER REACTION 1] Physical time: 14965.68 
[DRIVER REACTION 1] LAG: 0.46 
----------------------------------------------------------
The event throttle: 0.6588235294117647
The event throttle: 0.6862745098039216
The event throttle: 0.7176470588235294
----------------------------------------------------------
[sterr,brake,accel] Logical time: 14989.21 
[sterr,brake,accel] Physical time: 14989.37 
[sterr,brake,accel] LAG: 0.15 
----------------------------------------------------------
[DRIVER STATE] accel=0.0 brake=0.7176470588235294
----------------------------------------------------------
[DRIVER REACTION 1] Logical time: 14989.21 
[DRIVER REACTION 1] Physical time: 14989.66 
[DRIVER REACTION 1] LAG: 0.44 
----------------------------------------------------------
The event throttle: 0.7294117647058823
[DEVICE READER CAM read] Physical time: 15004.87 
[DEVICE READER CAM read] LAG: 4.87 
----------------------------------------------------------
[DEVICE READER CAM TIMER] Logical time: 15000.00 
The event throttle: 0.7568627450980392
[DEVICE READER CAM TIMER] Physical time: 15005.07 
[DEVICE READER CAM TIMER] LAG: 5.07 
----------------------------------------------------------
----------------------------------------------------------
[DRIVER] Logical time: 15000.00 
[DRIVER] Physical time: 15005.91 
[DRIVER] LAG: 5.91 
----------------------------------------------------------
The event throttle: 0.7686274509803922
----------------------------------------------------------
[sterr,brake,accel] Logical time: 15013.33 
[sterr,brake,accel] Physical time: 15013.56 
[sterr,brake,accel] LAG: 0.23 
----------------------------------------------------------
[DRIVER STATE] accel=0.0 brake=0.7686274509803922
----------------------------------------------------------
[DRIVER REACTION 1] Logical time: 15013.33 
[DRIVER REACTION 1] Physical time: 15014.00 
[DRIVER REACTION 1] LAG: 0.67 
----------------------------------------------------------
The event throttle: 0.788235294117647
The event throttle: 0.807843137254902
The event throttle: 0.8196078431372549
----------------------------------------------------------
[sterr,brake,accel] Logical time: 15037.15 
[sterr,brake,accel] Physical time: 15037.38 
[sterr,brake,accel] LAG: 0.23 
----------------------------------------------------------
[DRIVER STATE] accel=0.0 brake=0.8196078431372549
----------------------------------------------------------
[DRIVER REACTION 1] Logical time: 15037.15 
[DRIVER REACTION 1] Physical time: 15037.93 
[DRIVER REACTION 1] LAG: 0.78 
----------------------------------------------------------
The event throttle: 0.8274509803921568
The event throttle: 0.8352941176470589
The event throttle: 0.8392156862745098
----------------------------------------------------------
[sterr,brake,accel] Logical time: 15069.25 
[sterr,brake,accel] Physical time: 15069.56 
[sterr,brake,accel] LAG: 0.31 
----------------------------------------------------------
[DRIVER STATE] accel=0.0 brake=0.8392156862745098
----------------------------------------------------------
[DRIVER REACTION 1] Logical time: 15069.25 
[DRIVER REACTION 1] Physical time: 15070.22 
[DRIVER REACTION 1] LAG: 0.96 
----------------------------------------------------------
----------------------------------------------------------
[DRIVER] Logical time: 15100.00 
[DRIVER] Physical time: 15100.35 
[DRIVER] LAG: 0.35 
----------------------------------------------------------
The event throttle: 0.8313725490196079
----------------------------------------------------------
[sterr,brake,accel] Logical time: 15109.31 
[sterr,brake,accel] Physical time: 15109.44 
[sterr,brake,accel] LAG: 0.14 
----------------------------------------------------------
[DRIVER STATE] accel=0.0 brake=0.8313725490196079
----------------------------------------------------------
[DRIVER REACTION 1] Logical time: 15109.31 
[DRIVER REACTION 1] Physical time: 15109.74 
[DRIVER REACTION 1] LAG: 0.43 
----------------------------------------------------------
The event throttle: 0.8235294117647058
The event throttle: 0.8117647058823529
The event throttle: 0.8
----------------------------------------------------------
[sterr,brake,accel] Logical time: 15133.21 
[sterr,brake,accel] Physical time: 15133.37 
[sterr,brake,accel] LAG: 0.16 
----------------------------------------------------------
[DRIVER STATE] accel=0.0 brake=0.8
----------------------------------------------------------
[DRIVER REACTION 1] Logical time: 15133.21 
[DRIVER REACTION 1] Physical time: 15133.66 
[DRIVER REACTION 1] LAG: 0.45 
----------------------------------------------------------
The event throttle: 0.7764705882352941
The event throttle: 0.7490196078431373
The event throttle: 0.7333333333333333
----------------------------------------------------------
[sterr,brake,accel] Logical time: 15157.19 
[sterr,brake,accel] Physical time: 15157.32 
[sterr,brake,accel] LAG: 0.14 
----------------------------------------------------------
[DRIVER STATE] accel=0.0 brake=0.7333333333333333
----------------------------------------------------------
[DRIVER REACTION 1] Logical time: 15157.19 
[DRIVER REACTION 1] Physical time: 15157.57 
[DRIVER REACTION 1] LAG: 0.38 
----------------------------------------------------------
The event throttle: 0.7058823529411765
The event throttle: 0.6941176470588235
The event throttle: 0.6627450980392157
----------------------------------------------------------
[sterr,brake,accel] Logical time: 15181.21 
[sterr,brake,accel] Physical time: 15181.36 
[sterr,brake,accel] LAG: 0.16 
----------------------------------------------------------
[DRIVER STATE] accel=0.0 brake=0.6627450980392157
----------------------------------------------------------
[DRIVER REACTION 1] Logical time: 15181.21 
[DRIVER REACTION 1] Physical time: 15181.65 
[DRIVER REACTION 1] LAG: 0.45 
----------------------------------------------------------
The event throttle: 0.6352941176470588
The event throttle: 0.6235294117647059
The event throttle: 0.6
[DEVICE READER CAM read] Physical time: 15207.15 
[DEVICE READER CAM read] LAG: 7.15 
----------------------------------------------------------
[DEVICE READER CAM TIMER] Logical time: 15200.00 
[DEVICE READER CAM TIMER] Physical time: 15207.32 
[DEVICE READER CAM TIMER] LAG: 7.32 
----------------------------------------------------------
----------------------------------------------------------
[DRIVER] Logical time: 15200.00 
[DRIVER] Physical time: 15207.51 
[DRIVER] LAG: 7.51 
----------------------------------------------------------
----------------------------------------------------------
[sterr,brake,accel] Logical time: 15205.40 
[sterr,brake,accel] Physical time: 15208.50 
[sterr,brake,accel] LAG: 3.10 
----------------------------------------------------------
[DRIVER STATE] accel=0.0 brake=0.6
----------------------------------------------------------
[DRIVER REACTION 1] Logical time: 15205.40 
[DRIVER REACTION 1] Physical time: 15209.06 
[DRIVER REACTION 1] LAG: 3.66 
----------------------------------------------------------
The event throttle: 0.592156862745098
The event throttle: 0.5764705882352941
The event throttle: 0.5686274509803921
----------------------------------------------------------
[sterr,brake,accel] Logical time: 15229.19 
[sterr,brake,accel] Physical time: 15229.37 
[sterr,brake,accel] LAG: 0.18 
----------------------------------------------------------
[DRIVER STATE] accel=0.0 brake=0.5686274509803921
----------------------------------------------------------
[DRIVER REACTION 1] Logical time: 15229.19 
[DRIVER REACTION 1] Physical time: 15229.75 
[DRIVER REACTION 1] LAG: 0.56 
----------------------------------------------------------
The event throttle: 0.5647058823529412
----------------------------------------------------------
[sterr,brake,accel] Logical time: 15261.44 
[sterr,brake,accel] Physical time: 15261.84 
[sterr,brake,accel] LAG: 0.40 
----------------------------------------------------------
[DRIVER STATE] accel=0.0 brake=0.5647058823529412
----------------------------------------------------------
[DRIVER REACTION 1] Logical time: 15261.44 
[DRIVER REACTION 1] Physical time: 15262.62 
[DRIVER REACTION 1] LAG: 1.18 
----------------------------------------------------------
The event throttle: 0.5686274509803921
The event throttle: 0.5647058823529412
The event throttle: 0.5686274509803921
----------------------------------------------------------
[sterr,brake,accel] Logical time: 15285.21 
[sterr,brake,accel] Physical time: 15285.47 
[sterr,brake,accel] LAG: 0.26 
----------------------------------------------------------
[DRIVER STATE] accel=0.0 brake=0.5686274509803921
----------------------------------------------------------
[DRIVER REACTION 1] Logical time: 15285.21 
[DRIVER REACTION 1] Physical time: 15286.11 
[DRIVER REACTION 1] LAG: 0.89 
----------------------------------------------------------
The event throttle: 0.5725490196078431
----------------------------------------------------------
[DRIVER] Logical time: 15300.00 
[DRIVER] Physical time: 15300.29 
[DRIVER] LAG: 0.29 
----------------------------------------------------------
The event throttle: 0.5764705882352941
The event throttle: 0.5843137254901961
----------------------------------------------------------
[sterr,brake,accel] Logical time: 15309.33 
[sterr,brake,accel] Physical time: 15309.58 
[sterr,brake,accel] LAG: 0.25 
----------------------------------------------------------
[DRIVER STATE] accel=0.0 brake=0.5843137254901961
----------------------------------------------------------
[DRIVER REACTION 1] Logical time: 15309.33 
[DRIVER REACTION 1] Physical time: 15310.20 
[DRIVER REACTION 1] LAG: 0.86 
----------------------------------------------------------
The event throttle: 0.5882352941176471
The event throttle: 0.596078431372549
The event throttle: 0.6
----------------------------------------------------------
[sterr,brake,accel] Logical time: 15333.24 
[sterr,brake,accel] Physical time: 15333.55 
[sterr,brake,accel] LAG: 0.31 
----------------------------------------------------------
[DRIVER STATE] accel=0.0 brake=0.6
----------------------------------------------------------
[DRIVER REACTION 1] Logical time: 15333.24 
[DRIVER REACTION 1] Physical time: 15334.21 
[DRIVER REACTION 1] LAG: 0.97 
----------------------------------------------------------
The event throttle: 0.6039215686274509
The event throttle: 0.6078431372549019
The event throttle: 0.611764705882353
----------------------------------------------------------
[sterr,brake,accel] Logical time: 15365.31 
[sterr,brake,accel] Physical time: 15365.60 
[sterr,brake,accel] LAG: 0.29 
----------------------------------------------------------
[DRIVER STATE] accel=0.0 brake=0.611764705882353
----------------------------------------------------------
[DRIVER REACTION 1] Logical time: 15365.31 
[DRIVER REACTION 1] Physical time: 15366.29 
[DRIVER REACTION 1] LAG: 0.98 
----------------------------------------------------------
The event throttle: 0.615686274509804
----------------------------------------------------------
[sterr,brake,accel] Logical time: 15389.37 
[sterr,brake,accel] Physical time: 15389.64 
[sterr,brake,accel] LAG: 0.27 
----------------------------------------------------------
[DRIVER STATE] accel=0.0 brake=0.615686274509804
----------------------------------------------------------
[DRIVER REACTION 1] Logical time: 15389.37 
[DRIVER REACTION 1] Physical time: 15390.32 
[DRIVER REACTION 1] LAG: 0.95 
----------------------------------------------------------
[DEVICE READER CAM read] Physical time: 15404.02 
[DEVICE READER CAM read] LAG: 4.02 
----------------------------------------------------------
[DEVICE READER CAM TIMER] Logical time: 15400.00 
[DEVICE READER CAM TIMER] Physical time: 15405.13 
The event throttle: 0.611764705882353
[DEVICE READER CAM TIMER] LAG: 5.13 
----------------------------------------------------------
----------------------------------------------------------
[DRIVER] Logical time: 15400.00 
[DRIVER] Physical time: 15406.21 
[DRIVER] LAG: 6.21 
----------------------------------------------------------
The event throttle: 0.615686274509804
----------------------------------------------------------
[sterr,brake,accel] Logical time: 15413.31 
[sterr,brake,accel] Physical time: 15413.47 
[sterr,brake,accel] LAG: 0.17 
----------------------------------------------------------
[DRIVER STATE] accel=0.0 brake=0.615686274509804
----------------------------------------------------------
[DRIVER REACTION 1] Logical time: 15413.31 
[DRIVER REACTION 1] Physical time: 15413.71 
[DRIVER REACTION 1] LAG: 0.41 
----------------------------------------------------------
The event throttle: 0.611764705882353
The event throttle: 0.615686274509804
The event throttle: 0.611764705882353
----------------------------------------------------------
[sterr,brake,accel] Logical time: 15445.26 
[sterr,brake,accel] Physical time: 15445.41 
[sterr,brake,accel] LAG: 0.16 
----------------------------------------------------------
[DRIVER STATE] accel=0.0 brake=0.611764705882353
----------------------------------------------------------
[DRIVER REACTION 1] Logical time: 15445.26 
[DRIVER REACTION 1] Physical time: 15445.70 
[DRIVER REACTION 1] LAG: 0.45 
----------------------------------------------------------
The event throttle: 0.615686274509804
----------------------------------------------------------
[DRIVER] Logical time: 15500.00 
[DRIVER] Physical time: 15500.43 
[DRIVER] LAG: 0.43 
----------------------------------------------------------
The event throttle: 0.6196078431372549
----------------------------------------------------------
[sterr,brake,accel] Logical time: 15517.38 
[sterr,brake,accel] Physical time: 15517.63 
[sterr,brake,accel] LAG: 0.25 
----------------------------------------------------------
[DRIVER STATE] accel=0.0 brake=0.6196078431372549
----------------------------------------------------------
[DRIVER REACTION 1] Logical time: 15517.38 
[DRIVER REACTION 1] Physical time: 15518.25 
[DRIVER REACTION 1] LAG: 0.87 
----------------------------------------------------------
The event throttle: 0.6235294117647059
----------------------------------------------------------
[sterr,brake,accel] Logical time: 15565.43 
[sterr,brake,accel] Physical time: 15565.71 
[sterr,brake,accel] LAG: 0.28 
----------------------------------------------------------
[DRIVER STATE] accel=0.0 brake=0.6235294117647059
----------------------------------------------------------
[DRIVER REACTION 1] Logical time: 15565.43 
[DRIVER REACTION 1] Physical time: 15566.39 
[DRIVER REACTION 1] LAG: 0.96 
----------------------------------------------------------
The event throttle: 0.6274509803921569
The event throttle: 0.6313725490196078
----------------------------------------------------------
[sterr,brake,accel] Logical time: 15589.32 
[sterr,brake,accel] Physical time: 15589.54 
[sterr,brake,accel] LAG: 0.23 
----------------------------------------------------------
[DRIVER STATE] accel=0.0 brake=0.6313725490196078
----------------------------------------------------------
[DRIVER REACTION 1] Logical time: 15589.32 
[DRIVER REACTION 1] Physical time: 15590.11 
[DRIVER REACTION 1] LAG: 0.80 
----------------------------------------------------------
The event throttle: 0.6352941176470588
[DEVICE READER CAM read] Physical time: 15607.41 
[DEVICE READER CAM read] LAG: 7.41 
----------------------------------------------------------
[DEVICE READER CAM TIMER] Logical time: 15600.00 
[DEVICE READER CAM TIMER] Physical time: 15607.61 
[DEVICE READER CAM TIMER] LAG: 7.61 
----------------------------------------------------------
----------------------------------------------------------
[DRIVER] Logical time: 15600.00 
[DRIVER] Physical time: 15608.14 
[DRIVER] LAG: 8.14 
----------------------------------------------------------
The event throttle: 0.6392156862745098
----------------------------------------------------------
[sterr,brake,accel] Logical time: 15629.37 
[sterr,brake,accel] Physical time: 15629.58 
[sterr,brake,accel] LAG: 0.21 
----------------------------------------------------------
[DRIVER STATE] accel=0.0 brake=0.6392156862745098
----------------------------------------------------------
[DRIVER REACTION 1] Logical time: 15629.37 
[DRIVER REACTION 1] Physical time: 15630.13 
[DRIVER REACTION 1] LAG: 0.75 
----------------------------------------------------------
The event throttle: 0.6352941176470588
The event throttle: 0.6392156862745098
The event throttle: 0.6352941176470588
----------------------------------------------------------
[sterr,brake,accel] Logical time: 15661.33 
[sterr,brake,accel] Physical time: 15661.60 
[sterr,brake,accel] LAG: 0.27 
----------------------------------------------------------
[DRIVER STATE] accel=0.0 brake=0.6352941176470588
----------------------------------------------------------
[DRIVER REACTION 1] Logical time: 15661.33 
[DRIVER REACTION 1] Physical time: 15662.29 
[DRIVER REACTION 1] LAG: 0.96 
----------------------------------------------------------
The event throttle: 0.6392156862745098
----------------------------------------------------------
[sterr,brake,accel] Logical time: 15693.50 
[sterr,brake,accel] Physical time: 15693.85 
[sterr,brake,accel] LAG: 0.35 
----------------------------------------------------------
[DRIVER STATE] accel=0.0 brake=0.6392156862745098
----------------------------------------------------------
[DRIVER REACTION 1] Logical time: 15693.50 
[DRIVER REACTION 1] Physical time: 15694.55 
[DRIVER REACTION 1] LAG: 1.06 
----------------------------------------------------------
----------------------------------------------------------
[DRIVER] Logical time: 15700.00 
[DRIVER] Physical time: 15700.33 
[DRIVER] LAG: 0.33 
----------------------------------------------------------
The event throttle: 0.6431372549019608
----------------------------------------------------------
[sterr,brake,accel] Logical time: 15725.44 
[sterr,brake,accel] Physical time: 15725.60 
[sterr,brake,accel] LAG: 0.17 
----------------------------------------------------------
[DRIVER STATE] accel=0.0 brake=0.6431372549019608
----------------------------------------------------------
[DRIVER REACTION 1] Logical time: 15725.44 
[DRIVER REACTION 1] Physical time: 15725.96 
[DRIVER REACTION 1] LAG: 0.52 
----------------------------------------------------------
The event throttle: 0.6470588235294118
The event throttle: 0.6588235294117647
The event throttle: 0.6705882352941176
----------------------------------------------------------
[sterr,brake,accel] Logical time: 15749.26 
[sterr,brake,accel] Physical time: 15749.40 
[sterr,brake,accel] LAG: 0.14 
----------------------------------------------------------
[DRIVER STATE] accel=0.0 brake=0.6705882352941176
----------------------------------------------------------
[DRIVER REACTION 1] Logical time: 15749.26 
[DRIVER REACTION 1] Physical time: 15749.67 
[DRIVER REACTION 1] LAG: 0.41 
----------------------------------------------------------
The event throttle: 0.6784313725490196
The event throttle: 0.6941176470588235
The event throttle: 0.6980392156862745
----------------------------------------------------------
[sterr,brake,accel] Logical time: 15773.32 
[sterr,brake,accel] Physical time: 15773.48 
[sterr,brake,accel] LAG: 0.16 
----------------------------------------------------------
[DRIVER STATE] accel=0.0 brake=0.6980392156862745
----------------------------------------------------------
[DRIVER REACTION 1] Logical time: 15773.32 
[DRIVER REACTION 1] Physical time: 15773.81 
[DRIVER REACTION 1] LAG: 0.49 
----------------------------------------------------------
The event throttle: 0.7176470588235294
The event throttle: 0.7333333333333333
The event throttle: 0.7411764705882353
----------------------------------------------------------
[sterr,brake,accel] Logical time: 15797.30 
[sterr,brake,accel] Physical time: 15797.44 
[sterr,brake,accel] LAG: 0.14 
----------------------------------------------------------
[DRIVER STATE] accel=0.0 brake=0.7411764705882353
----------------------------------------------------------
[DRIVER REACTION 1] Logical time: 15797.30 
[DRIVER REACTION 1] Physical time: 15797.69 
[DRIVER REACTION 1] LAG: 0.38 
----------------------------------------------------------
The event throttle: 0.7529411764705882
[DEVICE READER CAM read] Physical time: 15807.69 
[DEVICE READER CAM read] LAG: 7.69 
----------------------------------------------------------
[DEVICE READER CAM TIMER] Logical time: 15800.00 
[DEVICE READER CAM TIMER] Physical time: 15807.95 
[DEVICE READER CAM TIMER] LAG: 7.95 
----------------------------------------------------------
The event throttle: 0.7568627450980392
The event throttle: 0.7686274509803922
The event throttle: 0.7725490196078432
The event throttle: 0.7764705882352941
Faces: 0
The event throttle: 0.7843137254901961
The event throttle: 0.788235294117647
Saved debug (no face)
----------------------------------------------------------
[FACE DETECTOR] Logical time: 15800.00 
[FACE DETECTOR] Physical time: 15882.18 
[FACE DETECTOR] LAG: 82.18 
----------------------------------------------------------
[DRIVER STATE] accel=0.0 brake=0.0
----------------------------------------------------------
[DRIVER REACTION 1] Logical time: 15800.00 
[DRIVER REACTION 1] Physical time: 15882.37 
[DRIVER REACTION 1] LAG: 82.37 
----------------------------------------------------------
----------------------------------------------------------
[DRIVER] Logical time: 15800.00 
[DRIVER] Physical time: 15882.43 
[DRIVER] LAG: 82.43 
----------------------------------------------------------
----------------------------------------------------------
[sterr,brake,accel] Logical time: 15821.34 
[sterr,brake,accel] Physical time: 15882.99 
[sterr,brake,accel] LAG: 61.65 
----------------------------------------------------------
[DRIVER STATE] accel=0.0 brake=0.7686274509803922
----------------------------------------------------------
[DRIVER REACTION 1] Logical time: 15821.34 
[DRIVER REACTION 1] Physical time: 15883.29 
[DRIVER REACTION 1] LAG: 61.95 
----------------------------------------------------------
----------------------------------------------------------
[sterr,brake,accel] Logical time: 15845.33 
[sterr,brake,accel] Physical time: 15883.45 
[sterr,brake,accel] LAG: 38.12 
----------------------------------------------------------
[DRIVER STATE] accel=0.0 brake=0.7843137254901961
----------------------------------------------------------
[DRIVER REACTION 1] Logical time: 15845.33 
[DRIVER REACTION 1] Physical time: 15883.66 
[DRIVER REACTION 1] LAG: 38.34 
----------------------------------------------------------
----------------------------------------------------------
[DRIVER] Logical time: 15900.00 
[DRIVER] Physical time: 15900.29 
[DRIVER] LAG: 0.29 
----------------------------------------------------------
[DEVICE READER CAM read] Physical time: 16004.48 
[DEVICE READER CAM read] LAG: 4.48 
----------------------------------------------------------
[DEVICE READER CAM TIMER] Logical time: 16000.00 
[DEVICE READER CAM TIMER] Physical time: 16004.72 
[DEVICE READER CAM TIMER] LAG: 4.72 
----------------------------------------------------------
----------------------------------------------------------
[DRIVER] Logical time: 16000.00 
[DRIVER] Physical time: 16005.37 
[DRIVER] LAG: 5.37 
----------------------------------------------------------
----------------------------------------------------------
[DRIVER] Logical time: 16100.00 
[DRIVER] Physical time: 16100.42 
[DRIVER] LAG: 0.42 
----------------------------------------------------------
The event throttle: 0.796078431372549
----------------------------------------------------------
[sterr,brake,accel] Logical time: 16189.56 
[sterr,brake,accel] Physical time: 16189.90 
[sterr,brake,accel] LAG: 0.34 
----------------------------------------------------------
[DRIVER STATE] accel=0.0 brake=0.796078431372549
----------------------------------------------------------
[DRIVER REACTION 1] Logical time: 16189.56 
[DRIVER REACTION 1] Physical time: 16190.56 
[DRIVER REACTION 1] LAG: 1.00 
----------------------------------------------------------
The event throttle: 0.8
[DEVICE READER CAM read] Physical time: 16204.29 
[DEVICE READER CAM read] LAG: 4.29 
----------------------------------------------------------
[DEVICE READER CAM TIMER] Logical time: 16200.00 
[DEVICE READER CAM TIMER] Physical time: 16204.48 
[DEVICE READER CAM TIMER] LAG: 4.48 
----------------------------------------------------------
----------------------------------------------------------
[DRIVER] Logical time: 16200.00 
[DRIVER] Physical time: 16205.02 
[DRIVER] LAG: 5.02 
----------------------------------------------------------
The event throttle: 0.803921568627451
The event throttle: 0.8156862745098039
----------------------------------------------------------
[sterr,brake,accel] Logical time: 16213.41 
[sterr,brake,accel] Physical time: 16213.65 
[sterr,brake,accel] LAG: 0.24 
----------------------------------------------------------
[DRIVER STATE] accel=0.0 brake=0.8156862745098039
----------------------------------------------------------
[DRIVER REACTION 1] Logical time: 16213.41 
[DRIVER REACTION 1] Physical time: 16214.22 
[DRIVER REACTION 1] LAG: 0.81 
----------------------------------------------------------
The event throttle: 0.8313725490196079
The event throttle: 0.8431372549019608
The event throttle: 0.8549019607843137
----------------------------------------------------------
[sterr,brake,accel] Logical time: 16237.48 
[sterr,brake,accel] Physical time: 16237.73 
[sterr,brake,accel] LAG: 0.25 
----------------------------------------------------------
[DRIVER STATE] accel=0.0 brake=0.8549019607843137
----------------------------------------------------------
[DRIVER REACTION 1] Logical time: 16237.48 
[DRIVER REACTION 1] Physical time: 16238.29 
[DRIVER REACTION 1] LAG: 0.82 
----------------------------------------------------------
The event throttle: 0.8666666666666667
The event throttle: 0.8784313725490196
The event throttle: 0.8941176470588236
----------------------------------------------------------
[sterr,brake,accel] Logical time: 16261.36 
[sterr,brake,accel] Physical time: 16261.61 
[sterr,brake,accel] LAG: 0.25 
----------------------------------------------------------
[DRIVER STATE] accel=0.0 brake=0.8941176470588236
----------------------------------------------------------
[DRIVER REACTION 1] Logical time: 16261.36 
[DRIVER REACTION 1] Physical time: 16262.22 
[DRIVER REACTION 1] LAG: 0.87 
----------------------------------------------------------
The event throttle: 0.9098039215686274
The event throttle: 0.9215686274509803
The event throttle: 0.9333333333333333
----------------------------------------------------------
[sterr,brake,accel] Logical time: 16285.36 
[sterr,brake,accel] Physical time: 16285.61 
[sterr,brake,accel] LAG: 0.25 
----------------------------------------------------------
[DRIVER STATE] accel=0.0 brake=0.9333333333333333
----------------------------------------------------------
[DRIVER REACTION 1] Logical time: 16285.36 
[DRIVER REACTION 1] Physical time: 16286.21 
[DRIVER REACTION 1] LAG: 0.85 
----------------------------------------------------------
The event throttle: 0.9450980392156862
----------------------------------------------------------
[DRIVER] Logical time: 16300.00 
[DRIVER] Physical time: 16300.33 
[DRIVER] LAG: 0.33 
----------------------------------------------------------
The event throttle: 0.9607843137254902
The event throttle: 0.9764705882352941
----------------------------------------------------------
[sterr,brake,accel] Logical time: 16309.41 
[sterr,brake,accel] Physical time: 16309.66 
[sterr,brake,accel] LAG: 0.24 
----------------------------------------------------------
[DRIVER STATE] accel=0.0 brake=0.9764705882352941
----------------------------------------------------------
[DRIVER REACTION 1] Logical time: 16309.41 
[DRIVER REACTION 1] Physical time: 16310.32 
[DRIVER REACTION 1] LAG: 0.91 
----------------------------------------------------------
The event throttle: 0.984313725490196
The event throttle: 0.996078431372549
The event throttle: 1.0
----------------------------------------------------------
[sterr,brake,accel] Logical time: 16333.35 
[sterr,brake,accel] Physical time: 16333.60 
[sterr,brake,accel] LAG: 0.26 
----------------------------------------------------------
[DRIVER STATE] accel=0.0 brake=1.0
----------------------------------------------------------
[DRIVER REACTION 1] Logical time: 16333.35 
[DRIVER REACTION 1] Physical time: 16334.18 
[DRIVER REACTION 1] LAG: 0.84 
----------------------------------------------------------
[DEVICE READER CAM read] Physical time: 16404.41 
[DEVICE READER CAM read] LAG: 4.41 
----------------------------------------------------------
[DEVICE READER CAM TIMER] Logical time: 16400.00 
[DEVICE READER CAM TIMER] Physical time: 16404.61 
[DEVICE READER CAM TIMER] LAG: 4.61 
----------------------------------------------------------
----------------------------------------------------------
[DRIVER] Logical time: 16400.00 
[DRIVER] Physical time: 16405.16 
[DRIVER] LAG: 5.16 
----------------------------------------------------------
----------------------------------------------------------
[DRIVER] Logical time: 16500.00 
[DRIVER] Physical time: 16500.24 
[DRIVER] LAG: 0.24 
----------------------------------------------------------
[DEVICE READER CAM read] Physical time: 16604.22 
[DEVICE READER CAM read] LAG: 4.22 
----------------------------------------------------------
[DEVICE READER CAM TIMER] Logical time: 16600.00 
[DEVICE READER CAM TIMER] Physical time: 16604.43 
[DEVICE READER CAM TIMER] LAG: 4.43 
----------------------------------------------------------
----------------------------------------------------------
[DRIVER] Logical time: 16600.00 
[DRIVER] Physical time: 16605.03 
[DRIVER] LAG: 5.03 
----------------------------------------------------------
----------------------------------------------------------
[DRIVER] Logical time: 16700.00 
[DRIVER] Physical time: 16700.39 
[DRIVER] LAG: 0.39 
----------------------------------------------------------
[DEVICE READER CAM read] Physical time: 16809.19 
[DEVICE READER CAM read] LAG: 9.19 
----------------------------------------------------------
[DEVICE READER CAM TIMER] Logical time: 16800.00 
[DEVICE READER CAM TIMER] Physical time: 16809.46 
[DEVICE READER CAM TIMER] LAG: 9.46 
----------------------------------------------------------
Faces: 0
The event throttle: 0.996078431372549
Saved debug (no face)
----------------------------------------------------------
[FACE DETECTOR] Logical time: 16800.00 
[FACE DETECTOR] Physical time: 16885.64 
The event throttle: 0.9882352941176471
[FACE DETECTOR] LAG: 85.64 
----------------------------------------------------------
[DRIVER STATE] accel=0.0 brake=0.0
----------------------------------------------------------
[DRIVER REACTION 1] Logical time: 16800.00 
[DRIVER REACTION 1] Physical time: 16886.18 
[DRIVER REACTION 1] LAG: 86.18 
----------------------------------------------------------
----------------------------------------------------------
[DRIVER] Logical time: 16800.00 
[DRIVER] Physical time: 16886.32 
[DRIVER] LAG: 86.32 
----------------------------------------------------------
----------------------------------------------------------
[sterr,brake,accel] Logical time: 16869.47 
[sterr,brake,accel] Physical time: 16886.85 
[sterr,brake,accel] LAG: 17.38 
----------------------------------------------------------
[DRIVER STATE] accel=0.0 brake=0.996078431372549
----------------------------------------------------------
[DRIVER REACTION 1] Logical time: 16869.47 
[DRIVER REACTION 1] Physical time: 16887.02 
[DRIVER REACTION 1] LAG: 17.56 
----------------------------------------------------------
The event throttle: 0.9803921568627451
----------------------------------------------------------
[sterr,brake,accel] Logical time: 16893.42 
[sterr,brake,accel] Physical time: 16893.49 
[sterr,brake,accel] LAG: 0.07 
----------------------------------------------------------
[DRIVER STATE] accel=0.0 brake=0.9803921568627451
----------------------------------------------------------
[DRIVER REACTION 1] Logical time: 16893.42 
[DRIVER REACTION 1] Physical time: 16893.62 
[DRIVER REACTION 1] LAG: 0.20 
----------------------------------------------------------
----------------------------------------------------------
[DRIVER] Logical time: 16900.00 
[DRIVER] Physical time: 16900.19 
[DRIVER] LAG: 0.19 
----------------------------------------------------------
The event throttle: 0.9607843137254902
The event throttle: 0.9333333333333333
The event throttle: 0.9176470588235294
----------------------------------------------------------
[sterr,brake,accel] Logical time: 16917.42 
[sterr,brake,accel] Physical time: 16917.65 
[sterr,brake,accel] LAG: 0.23 
----------------------------------------------------------
[DRIVER STATE] accel=0.0 brake=0.9176470588235294
----------------------------------------------------------
[DRIVER REACTION 1] Logical time: 16917.42 
[DRIVER REACTION 1] Physical time: 16918.22 
[DRIVER REACTION 1] LAG: 0.80 
----------------------------------------------------------
The event throttle: 0.8705882352941177
The event throttle: 0.8431372549019608
The event throttle: 0.7764705882352941
----------------------------------------------------------
[sterr,brake,accel] Logical time: 16941.43 
[sterr,brake,accel] Physical time: 16941.68 
[sterr,brake,accel] LAG: 0.25 
----------------------------------------------------------
[DRIVER STATE] accel=0.0 brake=0.7764705882352941
----------------------------------------------------------
[DRIVER REACTION 1] Logical time: 16941.43 
[DRIVER REACTION 1] Physical time: 16942.33 
[DRIVER REACTION 1] LAG: 0.90 
----------------------------------------------------------
The event throttle: 0.7019607843137254
The event throttle: 0.6627450980392157
The event throttle: 0.5843137254901961
----------------------------------------------------------
[sterr,brake,accel] Logical time: 16965.43 
[sterr,brake,accel] Physical time: 16965.67 
[sterr,brake,accel] LAG: 0.24 
----------------------------------------------------------
[DRIVER STATE] accel=0.0 brake=0.5843137254901961
----------------------------------------------------------
[DRIVER REACTION 1] Logical time: 16965.43 
[DRIVER REACTION 1] Physical time: 16966.25 
[DRIVER REACTION 1] LAG: 0.82 
----------------------------------------------------------
The event throttle: 0.5450980392156862
The event throttle: 0.4627450980392157
The event throttle: 0.3843137254901961
----------------------------------------------------------
[sterr,brake,accel] Logical time: 16989.48 
[sterr,brake,accel] Physical time: 16989.73 
[sterr,brake,accel] LAG: 0.25 
----------------------------------------------------------
[DRIVER STATE] accel=0.0 brake=0.3843137254901961
----------------------------------------------------------
[DRIVER REACTION 1] Logical time: 16989.48 
[DRIVER REACTION 1] Physical time: 16990.35 
[DRIVER REACTION 1] LAG: 0.87 
----------------------------------------------------------
The event throttle: 0.34509803921568627
[DEVICE READER CAM read] Physical time: 17004.25 
[DEVICE READER CAM read] LAG: 4.25 
----------------------------------------------------------
[DEVICE READER CAM TIMER] Logical time: 17000.00 
[DEVICE READER CAM TIMER] Physical time: 17004.45 
[DEVICE READER CAM TIMER] LAG: 4.45 
----------------------------------------------------------
----------------------------------------------------------
[DRIVER] Logical time: 17000.00 
[DRIVER] Physical time: 17005.03 
[DRIVER] LAG: 5.03 
----------------------------------------------------------
The event throttle: 0.2823529411764706
The event throttle: 0.25098039215686274
----------------------------------------------------------
[sterr,brake,accel] Logical time: 17013.44 
[sterr,brake,accel] Physical time: 17013.61 
[sterr,brake,accel] LAG: 0.17 
----------------------------------------------------------
[DRIVER STATE] accel=0.0 brake=0.25098039215686274
----------------------------------------------------------
[DRIVER REACTION 1] Logical time: 17013.44 
[DRIVER REACTION 1] Physical time: 17014.03 
[DRIVER REACTION 1] LAG: 0.59 
----------------------------------------------------------
The event throttle: 0.1843137254901961
The event throttle: 0.13333333333333333
The event throttle: 0.10588235294117647
----------------------------------------------------------
[sterr,brake,accel] Logical time: 17037.46 
[sterr,brake,accel] Physical time: 17037.72 
[sterr,brake,accel] LAG: 0.26 
----------------------------------------------------------
[DRIVER STATE] accel=0.0 brake=0.10588235294117647
----------------------------------------------------------
[DRIVER REACTION 1] Logical time: 17037.46 
[DRIVER REACTION 1] Physical time: 17038.38 
[DRIVER REACTION 1] LAG: 0.92 
----------------------------------------------------------
The event throttle: 0.07058823529411765
The event throttle: 0.058823529411764705
The event throttle: 0.050980392156862744
----------------------------------------------------------
[sterr,brake,accel] Logical time: 17061.49 
[sterr,brake,accel] Physical time: 17061.80 
[sterr,brake,accel] LAG: 0.30 
----------------------------------------------------------
[DRIVER STATE] accel=0.0 brake=0.050980392156862744
----------------------------------------------------------
[DRIVER REACTION 1] Logical time: 17061.49 
[DRIVER REACTION 1] Physical time: 17062.41 
[DRIVER REACTION 1] LAG: 0.91 
----------------------------------------------------------
The event throttle: 0.047058823529411764
----------------------------------------------------------
[DRIVER] Logical time: 17100.00 
[DRIVER] Physical time: 17100.39 
[DRIVER] LAG: 0.39 
----------------------------------------------------------
The event throttle: 0.058823529411764705
----------------------------------------------------------
[sterr,brake,accel] Logical time: 17197.63 
[sterr,brake,accel] Physical time: 17197.98 
[sterr,brake,accel] LAG: 0.35 
----------------------------------------------------------
[DRIVER STATE] accel=0.0 brake=0.058823529411764705
----------------------------------------------------------
[DRIVER REACTION 1] Logical time: 17197.63 
[DRIVER REACTION 1] Physical time: 17198.64 
[DRIVER REACTION 1] LAG: 1.00 
----------------------------------------------------------
[DEVICE READER CAM read] Physical time: 17204.34 
[DEVICE READER CAM read] LAG: 4.34 
----------------------------------------------------------
[DEVICE READER CAM TIMER] Logical time: 17200.00 
[DEVICE READER CAM TIMER] Physical time: 17204.57 
[DEVICE READER CAM TIMER] LAG: 4.57 
----------------------------------------------------------
----------------------------------------------------------
[DRIVER] Logical time: 17200.00 
[DRIVER] Physical time: 17205.19 
[DRIVER] LAG: 5.19 
----------------------------------------------------------
The event throttle: 0.047058823529411764
The event throttle: 0.043137254901960784
----------------------------------------------------------
[sterr,brake,accel] Logical time: 17261.65 
[sterr,brake,accel] Physical time: 17261.97 
[sterr,brake,accel] LAG: 0.32 
----------------------------------------------------------
[DRIVER STATE] accel=0.0 brake=0.043137254901960784
----------------------------------------------------------
[DRIVER REACTION 1] Logical time: 17261.65 
[DRIVER REACTION 1] Physical time: 17262.60 
[DRIVER REACTION 1] LAG: 0.95 
----------------------------------------------------------
The event throttle: 0.047058823529411764
The event throttle: 0.043137254901960784
The event throttle: 0.047058823529411764
----------------------------------------------------------
[sterr,brake,accel] Logical time: 17285.48 
[sterr,brake,accel] Physical time: 17285.71 
[sterr,brake,accel] LAG: 0.23 
----------------------------------------------------------
[DRIVER STATE] accel=0.0 brake=0.047058823529411764
----------------------------------------------------------
[DRIVER REACTION 1] Logical time: 17285.48 
[DRIVER REACTION 1] Physical time: 17286.26 
[DRIVER REACTION 1] LAG: 0.77 
----------------------------------------------------------
----------------------------------------------------------
[DRIVER] Logical time: 17300.00 
[DRIVER] Physical time: 17300.34 
[DRIVER] LAG: 0.34 
----------------------------------------------------------
The event throttle: 0.054901960784313725
----------------------------------------------------------
[sterr,brake,accel] Logical time: 17325.67 
[sterr,brake,accel] Physical time: 17325.98 
[sterr,brake,accel] LAG: 0.31 
----------------------------------------------------------
[DRIVER STATE] accel=0.0 brake=0.054901960784313725
----------------------------------------------------------
[DRIVER REACTION 1] Logical time: 17325.67 
[DRIVER REACTION 1] Physical time: 17326.59 
[DRIVER REACTION 1] LAG: 0.93 
----------------------------------------------------------
The event throttle: 0.06274509803921569
The event throttle: 0.08235294117647059
The event throttle: 0.10980392156862745
----------------------------------------------------------
[sterr,brake,accel] Logical time: 17349.49 
[sterr,brake,accel] Physical time: 17349.74 
[sterr,brake,accel] LAG: 0.25 
----------------------------------------------------------
[DRIVER STATE] accel=0.0 brake=0.10980392156862745
----------------------------------------------------------
[DRIVER REACTION 1] Logical time: 17349.49 
[DRIVER REACTION 1] Physical time: 17350.34 
[DRIVER REACTION 1] LAG: 0.85 
----------------------------------------------------------
The event throttle: 0.12549019607843137
The event throttle: 0.1607843137254902
The event throttle: 0.17647058823529413
----------------------------------------------------------
[sterr,brake,accel] Logical time: 17373.52 
[sterr,brake,accel] Physical time: 17373.83 
[sterr,brake,accel] LAG: 0.31 
----------------------------------------------------------
[DRIVER STATE] accel=0.0 brake=0.17647058823529413
----------------------------------------------------------
[DRIVER REACTION 1] Logical time: 17373.52 
[DRIVER REACTION 1] Physical time: 17374.48 
[DRIVER REACTION 1] LAG: 0.96 
----------------------------------------------------------
The event throttle: 0.21176470588235294
The event throttle: 0.24705882352941178
The event throttle: 0.26666666666666666
----------------------------------------------------------
[sterr,brake,accel] Logical time: 17397.54 
[sterr,brake,accel] Physical time: 17397.82 
[sterr,brake,accel] LAG: 0.28 
----------------------------------------------------------
[DRIVER STATE] accel=0.0 brake=0.26666666666666666
----------------------------------------------------------
[DRIVER REACTION 1] Logical time: 17397.54 
[DRIVER REACTION 1] Physical time: 17398.36 
[DRIVER REACTION 1] LAG: 0.82 
----------------------------------------------------------
[DEVICE READER CAM read] Physical time: 17404.37 
[DEVICE READER CAM read] LAG: 4.37 
----------------------------------------------------------
[DEVICE READER CAM TIMER] Logical time: 17400.00 
[DEVICE READER CAM TIMER] Physical time: 17404.60 
[DEVICE READER CAM TIMER] LAG: 4.60 
----------------------------------------------------------
----------------------------------------------------------
[DRIVER] Logical time: 17400.00 
[DRIVER] Physical time: 17405.20 
[DRIVER] LAG: 5.20 
----------------------------------------------------------
The event throttle: 0.30196078431372547
The event throttle: 0.3254901960784314
The event throttle: 0.37254901960784315
----------------------------------------------------------
[sterr,brake,accel] Logical time: 17421.49 
[sterr,brake,accel] Physical time: 17421.66 
[sterr,brake,accel] LAG: 0.17 
----------------------------------------------------------
[DRIVER STATE] accel=0.0 brake=0.37254901960784315
----------------------------------------------------------
[DRIVER REACTION 1] Logical time: 17421.49 
[DRIVER REACTION 1] Physical time: 17422.09 
[DRIVER REACTION 1] LAG: 0.61 
----------------------------------------------------------
The event throttle: 0.4196078431372549
The event throttle: 0.4470588235294118
The event throttle: 0.5019607843137255
----------------------------------------------------------
[sterr,brake,accel] Logical time: 17445.51 
[sterr,brake,accel] Physical time: 17445.81 
[sterr,brake,accel] LAG: 0.30 
----------------------------------------------------------
[DRIVER STATE] accel=0.0 brake=0.5019607843137255
----------------------------------------------------------
[DRIVER REACTION 1] Logical time: 17445.51 
[DRIVER REACTION 1] Physical time: 17446.41 
[DRIVER REACTION 1] LAG: 0.90 
----------------------------------------------------------
The event throttle: 0.5294117647058824
The event throttle: 0.5843137254901961
The event throttle: 0.6392156862745098
----------------------------------------------------------
[sterr,brake,accel] Logical time: 17469.52 
[sterr,brake,accel] Physical time: 17469.83 
[sterr,brake,accel] LAG: 0.31 
----------------------------------------------------------
[DRIVER STATE] accel=0.0 brake=0.6392156862745098
----------------------------------------------------------
[DRIVER REACTION 1] Logical time: 17469.52 
[DRIVER REACTION 1] Physical time: 17470.45 
[DRIVER REACTION 1] LAG: 0.93 
----------------------------------------------------------
The event throttle: 0.6666666666666666
The event throttle: 0.7254901960784313
The event throttle: 0.7490196078431373
----------------------------------------------------------
[sterr,brake,accel] Logical time: 17493.55 
[sterr,brake,accel] Physical time: 17493.85 
[sterr,brake,accel] LAG: 0.30 
----------------------------------------------------------
[DRIVER STATE] accel=0.0 brake=0.7490196078431373
----------------------------------------------------------
[DRIVER REACTION 1] Logical time: 17493.55 
[DRIVER REACTION 1] Physical time: 17494.45 
[DRIVER REACTION 1] LAG: 0.91 
----------------------------------------------------------
----------------------------------------------------------
[DRIVER] Logical time: 17500.00 
[DRIVER] Physical time: 17500.42 
[DRIVER] LAG: 0.42 
----------------------------------------------------------
The event throttle: 0.8
The event throttle: 0.8509803921568627
The event throttle: 0.8705882352941177
----------------------------------------------------------
[sterr,brake,accel] Logical time: 17517.50 
[sterr,brake,accel] Physical time: 17517.62 
[sterr,brake,accel] LAG: 0.12 
----------------------------------------------------------
[DRIVER STATE] accel=0.0 brake=0.8705882352941177
----------------------------------------------------------
[DRIVER REACTION 1] Logical time: 17517.50 
[DRIVER REACTION 1] Physical time: 17517.95 
[DRIVER REACTION 1] LAG: 0.45 
----------------------------------------------------------
The event throttle: 0.9215686274509803
The event throttle: 0.9411764705882353
The event throttle: 0.9882352941176471
----------------------------------------------------------
[sterr,brake,accel] Logical time: 17541.54 
[sterr,brake,accel] Physical time: 17541.69 
[sterr,brake,accel] LAG: 0.15 
----------------------------------------------------------
[DRIVER STATE] accel=0.0 brake=0.9882352941176471
----------------------------------------------------------
[DRIVER REACTION 1] Logical time: 17541.54 
[DRIVER REACTION 1] Physical time: 17542.01 
[DRIVER REACTION 1] LAG: 0.48 
----------------------------------------------------------
The event throttle: 1.0
[DEVICE READER CAM read] Physical time: 17607.62 
[DEVICE READER CAM read] LAG: 7.62 
----------------------------------------------------------
[DEVICE READER CAM TIMER] Logical time: 17600.00 
[DEVICE READER CAM TIMER] Physical time: 17607.90 
[DEVICE READER CAM TIMER] LAG: 7.90 
----------------------------------------------------------
----------------------------------------------------------
[DRIVER] Logical time: 17600.00 
[DRIVER] Physical time: 17608.11 
[DRIVER] LAG: 8.11 
----------------------------------------------------------
----------------------------------------------------------
[DRIVER] Logical time: 17700.00 
[DRIVER] Physical time: 17700.39 
[DRIVER] LAG: 0.39 
----------------------------------------------------------
[DEVICE READER CAM read] Physical time: 17805.16 
[DEVICE READER CAM read] LAG: 5.16 
----------------------------------------------------------
[DEVICE READER CAM TIMER] Logical time: 17800.00 
[DEVICE READER CAM TIMER] Physical time: 17805.43 
[DEVICE READER CAM TIMER] LAG: 5.43 
----------------------------------------------------------
Faces: 0
Saved debug (no face)
----------------------------------------------------------
[FACE DETECTOR] Logical time: 17800.00 
[FACE DETECTOR] Physical time: 17880.12 
[FACE DETECTOR] LAG: 80.12 
----------------------------------------------------------
[DRIVER STATE] accel=0.0 brake=0.0
----------------------------------------------------------
[DRIVER REACTION 1] Logical time: 17800.00 
[DRIVER REACTION 1] Physical time: 17880.86 
[DRIVER REACTION 1] LAG: 80.86 
----------------------------------------------------------
----------------------------------------------------------
[DRIVER] Logical time: 17800.00 
[DRIVER] Physical time: 17881.00 
[DRIVER] LAG: 81.00 
----------------------------------------------------------
----------------------------------------------------------
[DRIVER] Logical time: 17900.00 
[DRIVER] Physical time: 17900.23 
[DRIVER] LAG: 0.23 
----------------------------------------------------------
The event throttle: 0.996078431372549
[DEVICE READER CAM read] Physical time: 18009.51 
[DEVICE READER CAM read] LAG: 9.51 
----------------------------------------------------------
[DEVICE READER CAM TIMER] Logical time: 18000.00 
[DEVICE READER CAM TIMER] Physical time: 18009.67 
[DEVICE READER CAM TIMER] LAG: 9.67 
----------------------------------------------------------
----------------------------------------------------------
[DRIVER] Logical time: 18000.00 
[DRIVER] Physical time: 18010.10 
[DRIVER] LAG: 10.10 
----------------------------------------------------------
----------------------------------------------------------
[sterr,brake,accel] Logical time: 18005.97 
[sterr,brake,accel] Physical time: 18010.93 
[sterr,brake,accel] LAG: 4.96 
----------------------------------------------------------
[DRIVER STATE] accel=0.0 brake=0.996078431372549
----------------------------------------------------------
[DRIVER REACTION 1] Logical time: 18005.97 
[DRIVER REACTION 1] Physical time: 18011.33 
[DRIVER REACTION 1] LAG: 5.36 
----------------------------------------------------------
The event throttle: 0.9882352941176471
The event throttle: 0.9372549019607843
The event throttle: 0.8666666666666667
----------------------------------------------------------
[sterr,brake,accel] Logical time: 18029.84 
[sterr,brake,accel] Physical time: 18030.10 
[sterr,brake,accel] LAG: 0.26 
----------------------------------------------------------
[DRIVER STATE] accel=0.0 brake=0.8666666666666667
----------------------------------------------------------
[DRIVER REACTION 1] Logical time: 18029.84 
[DRIVER REACTION 1] Physical time: 18030.70 
[DRIVER REACTION 1] LAG: 0.86 
----------------------------------------------------------
The event throttle: 0.8235294117647058
The event throttle: 0.7294117647058823
The event throttle: 0.6745098039215687
----------------------------------------------------------
[sterr,brake,accel] Logical time: 18053.56 
[sterr,brake,accel] Physical time: 18053.81 
[sterr,brake,accel] LAG: 0.25 
----------------------------------------------------------
[DRIVER STATE] accel=0.0 brake=0.6745098039215687
----------------------------------------------------------
[DRIVER REACTION 1] Logical time: 18053.56 
[DRIVER REACTION 1] Physical time: 18054.33 
[DRIVER REACTION 1] LAG: 0.76 
----------------------------------------------------------
The event throttle: 0.5529411764705883
The event throttle: 0.4392156862745098
The event throttle: 0.3803921568627451
----------------------------------------------------------
[sterr,brake,accel] Logical time: 18077.61 
[sterr,brake,accel] Physical time: 18077.90 
[sterr,brake,accel] LAG: 0.29 
----------------------------------------------------------
[DRIVER STATE] accel=0.0 brake=0.3803921568627451
----------------------------------------------------------
[DRIVER REACTION 1] Logical time: 18077.61 
[DRIVER REACTION 1] Physical time: 18078.45 
[DRIVER REACTION 1] LAG: 0.84 
----------------------------------------------------------
The event throttle: 0.2823529411764706
----------------------------------------------------------
[DRIVER] Logical time: 18100.00 
[DRIVER] Physical time: 18100.35 
[DRIVER] LAG: 0.35 
----------------------------------------------------------
The event throttle: 0.23137254901960785
----------------------------------------------------------
[sterr,brake,accel] Logical time: 18101.98 
[sterr,brake,accel] Physical time: 18102.64 
[sterr,brake,accel] LAG: 0.66 
----------------------------------------------------------
[DRIVER STATE] accel=0.0 brake=0.23137254901960785
----------------------------------------------------------
[DRIVER REACTION 1] Logical time: 18101.98 
[DRIVER REACTION 1] Physical time: 18103.01 
[DRIVER REACTION 1] LAG: 1.02 
----------------------------------------------------------
The event throttle: 0.0392156862745098
The event throttle: 0.0196078431372549
The event throttle: 0.00784313725490196
----------------------------------------------------------
[sterr,brake,accel] Logical time: 18125.60 
[sterr,brake,accel] Physical time: 18125.74 
[sterr,brake,accel] LAG: 0.14 
----------------------------------------------------------
[DRIVER STATE] accel=0.0 brake=0.00784313725490196
----------------------------------------------------------
[DRIVER REACTION 1] Logical time: 18125.60 
[DRIVER REACTION 1] Physical time: 18125.95 
[DRIVER REACTION 1] LAG: 0.34 
----------------------------------------------------------
[DEVICE READER CAM read] Physical time: 18204.33 
[DEVICE READER CAM read] LAG: 4.33 
----------------------------------------------------------
[DEVICE READER CAM TIMER] Logical time: 18200.00 
[DEVICE READER CAM TIMER] Physical time: 18204.56 
[DEVICE READER CAM TIMER] LAG: 4.56 
----------------------------------------------------------
----------------------------------------------------------
[DRIVER] Logical time: 18200.00 
[DRIVER] Physical time: 18204.80 
[DRIVER] LAG: 4.80 
----------------------------------------------------------
The event throttle: 0.00392156862745098
----------------------------------------------------------
[sterr,brake,accel] Logical time: 18213.63 
[sterr,brake,accel] Physical time: 18213.83 
[sterr,brake,accel] LAG: 0.20 
----------------------------------------------------------
[DRIVER STATE] accel=0.0 brake=0.00392156862745098
----------------------------------------------------------
[DRIVER REACTION 1] Logical time: 18213.63 
[DRIVER REACTION 1] Physical time: 18214.23 
[DRIVER REACTION 1] LAG: 0.60 
----------------------------------------------------------
The event throttle: 0.0
----------------------------------------------------------
[sterr,brake,accel] Logical time: 18253.91 
[sterr,brake,accel] Physical time: 18254.24 
[sterr,brake,accel] LAG: 0.33 
----------------------------------------------------------
[DRIVER STATE] accel=0.0 brake=0.0
----------------------------------------------------------
[DRIVER REACTION 1] Logical time: 18253.91 
[DRIVER REACTION 1] Physical time: 18255.13 
[DRIVER REACTION 1] LAG: 1.22 
----------------------------------------------------------
The event throttle: 0.00392156862745098
The event throttle: 0.0
----------------------------------------------------------
[sterr,brake,accel] Logical time: 18293.81 
[sterr,brake,accel] Physical time: 18294.14 
[sterr,brake,accel] LAG: 0.33 
----------------------------------------------------------
[DRIVER STATE] accel=0.0 brake=0.0
----------------------------------------------------------
[DRIVER REACTION 1] Logical time: 18293.81 
[DRIVER REACTION 1] Physical time: 18294.97 
[DRIVER REACTION 1] LAG: 1.16 
----------------------------------------------------------
----------------------------------------------------------
[DRIVER] Logical time: 18300.00 
[DRIVER] Physical time: 18300.34 
[DRIVER] LAG: 0.34 
----------------------------------------------------------
[DEVICE READER CAM read] Physical time: 18405.22 
[DEVICE READER CAM read] LAG: 5.22 
----------------------------------------------------------
[DEVICE READER CAM TIMER] Logical time: 18400.00 
[DEVICE READER CAM TIMER] Physical time: 18405.49 
[DEVICE READER CAM TIMER] LAG: 5.49 
----------------------------------------------------------
----------------------------------------------------------
[DRIVER] Logical time: 18400.00 
[DRIVER] Physical time: 18406.24 
[DRIVER] LAG: 6.24 
----------------------------------------------------------
----------------------------------------------------------
[DRIVER] Logical time: 18500.00 
[DRIVER] Physical time: 18500.42 
[DRIVER] LAG: 0.42 
----------------------------------------------------------
[DEVICE READER CAM read] Physical time: 18604.16 
[DEVICE READER CAM read] LAG: 4.16 
----------------------------------------------------------
[DEVICE READER CAM TIMER] Logical time: 18600.00 
[DEVICE READER CAM TIMER] Physical time: 18604.37 
[DEVICE READER CAM TIMER] LAG: 4.37 
----------------------------------------------------------
----------------------------------------------------------
[DRIVER] Logical time: 18600.00 
[DRIVER] Physical time: 18604.98 
[DRIVER] LAG: 4.98 
----------------------------------------------------------
----------------------------------------------------------
[DRIVER] Logical time: 18700.00 
[DRIVER] Physical time: 18700.26 
[DRIVER] LAG: 0.26 
----------------------------------------------------------
[DEVICE READER CAM read] Physical time: 18808.22 
[DEVICE READER CAM read] LAG: 8.22 
----------------------------------------------------------
[DEVICE READER CAM TIMER] Logical time: 18800.00 
[DEVICE READER CAM TIMER] Physical time: 18808.45 
[DEVICE READER CAM TIMER] LAG: 8.45 
----------------------------------------------------------
Faces: 0
Saved debug (no face)
----------------------------------------------------------
[FACE DETECTOR] Logical time: 18800.00 
[FACE DETECTOR] Physical time: 18883.51 
[FACE DETECTOR] LAG: 83.51 
----------------------------------------------------------
[DRIVER STATE] accel=0.0 brake=0.0
----------------------------------------------------------
[DRIVER REACTION 1] Logical time: 18800.00 
[DRIVER REACTION 1] Physical time: 18883.88 
[DRIVER REACTION 1] LAG: 83.88 
----------------------------------------------------------
----------------------------------------------------------
[DRIVER] Logical time: 18800.00 
[DRIVER] Physical time: 18884.08 
[DRIVER] LAG: 84.08 
----------------------------------------------------------
----------------------------------------------------------
[DRIVER] Logical time: 18900.00 
[DRIVER] Physical time: 18900.28 
[DRIVER] LAG: 0.28 
----------------------------------------------------------
[DEVICE READER CAM read] Physical time: 19005.12 
[DEVICE READER CAM read] LAG: 5.12 
----------------------------------------------------------
[DEVICE READER CAM TIMER] Logical time: 19000.00 
[DEVICE READER CAM TIMER] Physical time: 19005.37 
[DEVICE READER CAM TIMER] LAG: 5.37 
----------------------------------------------------------
----------------------------------------------------------
[DRIVER] Logical time: 19000.00 
[DRIVER] Physical time: 19006.12 
[DRIVER] LAG: 6.12 
----------------------------------------------------------
----------------------------------------------------------
[DRIVER] Logical time: 19100.00 
[DRIVER] Physical time: 19100.26 
[DRIVER] LAG: 0.26 
----------------------------------------------------------
[DEVICE READER CAM read] Physical time: 19205.17 
[DEVICE READER CAM read] LAG: 5.17 
----------------------------------------------------------
[DEVICE READER CAM TIMER] Logical time: 19200.00 
[DEVICE READER CAM TIMER] Physical time: 19205.44 
[DEVICE READER CAM TIMER] LAG: 5.44 
----------------------------------------------------------
----------------------------------------------------------
[DRIVER] Logical time: 19200.00 
[DRIVER] Physical time: 19206.23 
[DRIVER] LAG: 6.23 
----------------------------------------------------------
----------------------------------------------------------
[DRIVER] Logical time: 19300.00 
[DRIVER] Physical time: 19300.39 
[DRIVER] LAG: 0.39 
----------------------------------------------------------
[DEVICE READER CAM read] Physical time: 19408.24 
[DEVICE READER CAM read] LAG: 8.24 
----------------------------------------------------------
[DEVICE READER CAM TIMER] Logical time: 19400.00 
[DEVICE READER CAM TIMER] Physical time: 19408.49 
[DEVICE READER CAM TIMER] LAG: 8.49 
----------------------------------------------------------
----------------------------------------------------------
[DRIVER] Logical time: 19400.00 
[DRIVER] Physical time: 19409.16 
[DRIVER] LAG: 9.16 
----------------------------------------------------------
----------------------------------------------------------
[DRIVER] Logical time: 19500.00 
[DRIVER] Physical time: 19500.39 
[DRIVER] LAG: 0.39 
----------------------------------------------------------
[DEVICE READER CAM read] Physical time: 19604.43 
[DEVICE READER CAM read] LAG: 4.43 
----------------------------------------------------------
[DEVICE READER CAM TIMER] Logical time: 19600.00 
[DEVICE READER CAM TIMER] Physical time: 19604.63 
[DEVICE READER CAM TIMER] LAG: 4.63 
----------------------------------------------------------
----------------------------------------------------------
[DRIVER] Logical time: 19600.00 
[DRIVER] Physical time: 19605.21 
[DRIVER] LAG: 5.21 
----------------------------------------------------------
----------------------------------------------------------
[DRIVER] Logical time: 19700.00 
[DRIVER] Physical time: 19700.39 
[DRIVER] LAG: 0.39 
----------------------------------------------------------
[DEVICE READER CAM read] Physical time: 19804.46 
[DEVICE READER CAM read] LAG: 4.46 
----------------------------------------------------------
[DEVICE READER CAM TIMER] Logical time: 19800.00 
[DEVICE READER CAM TIMER] Physical time: 19804.70 
[DEVICE READER CAM TIMER] LAG: 4.70 
----------------------------------------------------------
Faces: 0
Saved debug (no face)
----------------------------------------------------------
[FACE DETECTOR] Logical time: 19800.00 
[FACE DETECTOR] Physical time: 19884.58 
[FACE DETECTOR] LAG: 84.58 
----------------------------------------------------------
[DRIVER STATE] accel=0.0 brake=0.0
----------------------------------------------------------
[DRIVER REACTION 1] Logical time: 19800.00 
[DRIVER REACTION 1] Physical time: 19884.94 
[DRIVER REACTION 1] LAG: 84.94 
----------------------------------------------------------
----------------------------------------------------------
[DRIVER] Logical time: 19800.00 
[DRIVER] Physical time: 19885.10 
[DRIVER] LAG: 85.10 
----------------------------------------------------------
----------------------------------------------------------
[DRIVER] Logical time: 19900.00 
[DRIVER] Physical time: 19900.24 
[DRIVER] LAG: 0.24 
----------------------------------------------------------
[DEVICE READER CAM read] Physical time: 20009.01 
[DEVICE READER CAM read] LAG: 9.01 
----------------------------------------------------------
[DEVICE READER CAM TIMER] Logical time: 20000.00 
[DEVICE READER CAM TIMER] Physical time: 20009.27 
[DEVICE READER CAM TIMER] LAG: 9.27 
----------------------------------------------------------
----------------------------------------------------------
[DRIVER] Logical time: 20000.00 
[DRIVER] Physical time: 20009.97 
[DRIVER] LAG: 9.97 
----------------------------------------------------------
----------------------------------------------------------
[DRIVER] Logical time: 20100.00 
[DRIVER] Physical time: 20100.36 
[DRIVER] LAG: 0.36 
----------------------------------------------------------
[DEVICE READER CAM read] Physical time: 20209.38 
[DEVICE READER CAM read] LAG: 9.38 
----------------------------------------------------------
[DEVICE READER CAM TIMER] Logical time: 20200.00 
[DEVICE READER CAM TIMER] Physical time: 20209.65 
[DEVICE READER CAM TIMER] LAG: 9.65 
----------------------------------------------------------
----------------------------------------------------------
[DRIVER] Logical time: 20200.00 
[DRIVER] Physical time: 20210.39 
[DRIVER] LAG: 10.39 
---- System clock resolution: 1 nsec
---- Start execution on Sun Apr 19 17:20:35 2026 ---- plus 53784145 nanoseconds
Fed 0 (d_main): Connected to 10.218.100.78:15045.
Fed 0 (d_main): Starting timestamp is: 1776644437710174492.
