******* Using Python version: 3.12.3
Time taken for wheel: 0.12
The /dev/input/event0 is the path and shanwan Android GamePad is the name of the device.

Webcam opened
Time taken for cam: 1.44
The devices are connected

[DEVICE READER CAM read] Physical time: 4009.69 
[DEVICE READER CAM read] LAG: 9.69 
----------------------------------------------------------
[DEVICE READER CAM TIMER] Logical time: 4000.00 
[DEVICE READER CAM TIMER] Physical time: 4009.95 
[DEVICE READER CAM TIMER] LAG: 9.95 
----------------------------------------------------------
----------------------------------------------------------
[DRIVER] Logical time: 4000.00 
[DRIVER] Physical time: 4010.71 
[DRIVER] LAG: 10.71 
----------------------------------------------------------
----------------------------------------------------------
[DRIVER] Logical time: 4100.00 
[DRIVER] Physical time: 4100.46 
[DRIVER] LAG: 0.46 
----------------------------------------------------------
[DEVICE READER CAM read] Physical time: 4208.41 
[DEVICE READER CAM read] LAG: 8.41 
----------------------------------------------------------
[DEVICE READER CAM TIMER] Logical time: 4200.00 
[DEVICE READER CAM TIMER] Physical time: 4208.66 
[DEVICE READER CAM TIMER] LAG: 8.66 
----------------------------------------------------------
----------------------------------------------------------
[DRIVER] Logical time: 4200.00 
[DRIVER] Physical time: 4208.88 
[DRIVER] LAG: 8.88 
----------------------------------------------------------
----------------------------------------------------------
[DRIVER] Logical time: 4300.00 
[DRIVER] Physical time: 4300.47 
[DRIVER] LAG: 0.47 
----------------------------------------------------------
[DEVICE READER CAM read] Physical time: 4409.15 
[DEVICE READER CAM read] LAG: 9.15 
----------------------------------------------------------
[DEVICE READER CAM TIMER] Logical time: 4400.00 
[DEVICE READER CAM TIMER] Physical time: 4409.42 
[DEVICE READER CAM TIMER] LAG: 9.42 
----------------------------------------------------------
----------------------------------------------------------
[DRIVER] Logical time: 4400.00 
[DRIVER] Physical time: 4410.01 
[DRIVER] LAG: 10.01 
----------------------------------------------------------
----------------------------------------------------------
[DRIVER] Logical time: 4500.00 
[DRIVER] Physical time: 4500.46 
[DRIVER] LAG: 0.46 
----------------------------------------------------------
[DEVICE READER CAM read] Physical time: 4608.40 
[DEVICE READER CAM read] LAG: 8.40 
----------------------------------------------------------
[DEVICE READER CAM TIMER] Logical time: 4600.00 
[DEVICE READER CAM TIMER] Physical time: 4608.62 
[DEVICE READER CAM TIMER] LAG: 8.62 
----------------------------------------------------------
----------------------------------------------------------
[DRIVER] Logical time: 4600.00 
[DRIVER] Physical time: 4609.15 
[DRIVER] LAG: 9.15 
----------------------------------------------------------
----------------------------------------------------------
[DRIVER] Logical time: 4700.00 
[DRIVER] Physical time: 4700.48 
[DRIVER] LAG: 0.48 
----------------------------------------------------------
[DEVICE READER CAM read] Physical time: 4804.62 
[DEVICE READER CAM read] LAG: 4.62 
----------------------------------------------------------
[DEVICE READER CAM TIMER] Logical time: 4800.00 
[DEVICE READER CAM TIMER] Physical time: 4804.89 
[DEVICE READER CAM TIMER] LAG: 4.89 
----------------------------------------------------------
Faces: 0
Saved debug (no face)
----------------------------------------------------------
[FACE DETECTOR] Logical time: 4800.00 
[FACE DETECTOR] Physical time: 4887.71 
[FACE DETECTOR] LAG: 87.71 
----------------------------------------------------------
[DRIVER STATE] accel=0.0 brake=0.0
----------------------------------------------------------
[DRIVER REACTION 1] Logical time: 4800.00 
[DRIVER REACTION 1] Physical time: 4887.91 
[DRIVER REACTION 1] LAG: 87.91 
----------------------------------------------------------
----------------------------------------------------------
[DRIVER] Logical time: 4800.00 
[DRIVER] Physical time: 4887.99 
[DRIVER] LAG: 87.99 
----------------------------------------------------------
----------------------------------------------------------
[DRIVER] Logical time: 4900.00 
[DRIVER] Physical time: 4900.32 
[DRIVER] LAG: 0.32 
----------------------------------------------------------
[DEVICE READER CAM read] Physical time: 5009.64 
[DEVICE READER CAM read] LAG: 9.64 
----------------------------------------------------------
[DEVICE READER CAM TIMER] Logical time: 5000.00 
[DEVICE READER CAM TIMER] Physical time: 5009.91 
[DEVICE READER CAM TIMER] LAG: 9.91 
----------------------------------------------------------
----------------------------------------------------------
[DRIVER] Logical time: 5000.00 
[DRIVER] Physical time: 5010.63 
[DRIVER] LAG: 10.63 
----------------------------------------------------------
----------------------------------------------------------
[DRIVER] Logical time: 5100.00 
[DRIVER] Physical time: 5100.32 
[DRIVER] LAG: 0.32 
----------------------------------------------------------
[DEVICE READER CAM read] Physical time: 5205.03 
[DEVICE READER CAM read] LAG: 5.03 
----------------------------------------------------------
[DEVICE READER CAM TIMER] Logical time: 5200.00 
[DEVICE READER CAM TIMER] Physical time: 5205.36 
[DEVICE READER CAM TIMER] LAG: 5.36 
----------------------------------------------------------
----------------------------------------------------------
[DRIVER] Logical time: 5200.00 
[DRIVER] Physical time: 5206.03 
[DRIVER] LAG: 6.03 
----------------------------------------------------------
----------------------------------------------------------
[DRIVER] Logical time: 5300.00 
[DRIVER] Physical time: 5300.43 
[DRIVER] LAG: 0.43 
----------------------------------------------------------
[DEVICE READER CAM read] Physical time: 5405.07 
[DEVICE READER CAM read] LAG: 5.07 
----------------------------------------------------------
[DEVICE READER CAM TIMER] Logical time: 5400.00 
[DEVICE READER CAM TIMER] Physical time: 5405.37 
[DEVICE READER CAM TIMER] LAG: 5.37 
----------------------------------------------------------
----------------------------------------------------------
[DRIVER] Logical time: 5400.00 
[DRIVER] Physical time: 5405.96 
[DRIVER] LAG: 5.96 
----------------------------------------------------------
----------------------------------------------------------
[DRIVER] Logical time: 5500.00 
[DRIVER] Physical time: 5500.49 
[DRIVER] LAG: 0.49 
----------------------------------------------------------
[DEVICE READER CAM read] Physical time: 5609.43 
[DEVICE READER CAM read] LAG: 9.43 
----------------------------------------------------------
[DEVICE READER CAM TIMER] Logical time: 5600.00 
[DEVICE READER CAM TIMER] Physical time: 5609.72 
[DEVICE READER CAM TIMER] LAG: 9.72 
----------------------------------------------------------
----------------------------------------------------------
[DRIVER] Logical time: 5600.00 
[DRIVER] Physical time: 5610.52 
[DRIVER] LAG: 10.52 
----------------------------------------------------------
----------------------------------------------------------
[DRIVER] Logical time: 5700.00 
[DRIVER] Physical time: 5700.46 
[DRIVER] LAG: 0.46 
----------------------------------------------------------
[DEVICE READER CAM read] Physical time: 5804.50 
[DEVICE READER CAM read] LAG: 4.50 
----------------------------------------------------------
[DEVICE READER CAM TIMER] Logical time: 5800.00 
[DEVICE READER CAM TIMER] Physical time: 5804.74 
[DEVICE READER CAM TIMER] LAG: 4.74 
----------------------------------------------------------
Faces: 0
Saved debug (no face)
----------------------------------------------------------
[FACE DETECTOR] Logical time: 5800.00 
[FACE DETECTOR] Physical time: 5878.09 
[FACE DETECTOR] LAG: 78.09 
----------------------------------------------------------
[DRIVER STATE] accel=0.0 brake=0.0
----------------------------------------------------------
[DRIVER REACTION 1] Logical time: 5800.00 
[DRIVER REACTION 1] Physical time: 5878.91 
[DRIVER REACTION 1] LAG: 78.91 
----------------------------------------------------------
----------------------------------------------------------
[DRIVER] Logical time: 5800.00 
[DRIVER] Physical time: 5879.07 
[DRIVER] LAG: 79.07 
----------------------------------------------------------
----------------------------------------------------------
[DRIVER] Logical time: 5900.00 
[DRIVER] Physical time: 5900.44 
[DRIVER] LAG: 0.44 
----------------------------------------------------------
[DEVICE READER CAM read] Physical time: 6007.45 
[DEVICE READER CAM read] LAG: 7.45 
----------------------------------------------------------
[DEVICE READER CAM TIMER] Logical time: 6000.00 
[DEVICE READER CAM TIMER] Physical time: 6007.66 
[DEVICE READER CAM TIMER] LAG: 7.66 
----------------------------------------------------------
----------------------------------------------------------
[DRIVER] Logical time: 6000.00 
[DRIVER] Physical time: 6008.18 
[DRIVER] LAG: 8.18 
----------------------------------------------------------
----------------------------------------------------------
[DRIVER] Logical time: 6100.00 
[DRIVER] Physical time: 6100.44 
[DRIVER] LAG: 0.44 
----------------------------------------------------------
[DEVICE READER CAM read] Physical time: 6205.16 
[DEVICE READER CAM read] LAG: 5.16 
----------------------------------------------------------
[DEVICE READER CAM TIMER] Logical time: 6200.00 
[DEVICE READER CAM TIMER] Physical time: 6205.52 
[DEVICE READER CAM TIMER] LAG: 5.52 
----------------------------------------------------------
----------------------------------------------------------
[DRIVER] Logical time: 6200.00 
[DRIVER] Physical time: 6205.75 
[DRIVER] LAG: 5.75 
----------------------------------------------------------
----------------------------------------------------------
[DRIVER] Logical time: 6300.00 
[DRIVER] Physical time: 6300.45 
[DRIVER] LAG: 0.45 
----------------------------------------------------------
[DEVICE READER CAM read] Physical time: 6404.38 
[DEVICE READER CAM read] LAG: 4.38 
----------------------------------------------------------
[DEVICE READER CAM TIMER] Logical time: 6400.00 
[DEVICE READER CAM TIMER] Physical time: 6404.62 
[DEVICE READER CAM TIMER] LAG: 4.62 
----------------------------------------------------------
----------------------------------------------------------
[DRIVER] Logical time: 6400.00 
[DRIVER] Physical time: 6404.89 
[DRIVER] LAG: 4.89 
----------------------------------------------------------
----------------------------------------------------------
[DRIVER] Logical time: 6500.00 
[DRIVER] Physical time: 6500.41 
[DRIVER] LAG: 0.41 
----------------------------------------------------------
[DEVICE READER CAM read] Physical time: 6608.43 
[DEVICE READER CAM read] LAG: 8.43 
----------------------------------------------------------
[DEVICE READER CAM TIMER] Logical time: 6600.00 
[DEVICE READER CAM TIMER] Physical time: 6608.67 
[DEVICE READER CAM TIMER] LAG: 8.67 
----------------------------------------------------------
----------------------------------------------------------
[DRIVER] Logical time: 6600.00 
[DRIVER] Physical time: 6609.20 
[DRIVER] LAG: 9.20 
----------------------------------------------------------
----------------------------------------------------------
[DRIVER] Logical time: 6700.00 
[DRIVER] Physical time: 6700.48 
[DRIVER] LAG: 0.48 
----------------------------------------------------------
[DEVICE READER CAM read] Physical time: 6804.80 
[DEVICE READER CAM read] LAG: 4.80 
----------------------------------------------------------
[DEVICE READER CAM TIMER] Logical time: 6800.00 
[DEVICE READER CAM TIMER] Physical time: 6805.06 
[DEVICE READER CAM TIMER] LAG: 5.06 
----------------------------------------------------------
Faces: 0
Saved debug (no face)
----------------------------------------------------------
[FACE DETECTOR] Logical time: 6800.00 
[FACE DETECTOR] Physical time: 6876.31 
[FACE DETECTOR] LAG: 76.31 
----------------------------------------------------------
[DRIVER STATE] accel=0.0 brake=0.0
----------------------------------------------------------
[DRIVER REACTION 1] Logical time: 6800.00 
[DRIVER REACTION 1] Physical time: 6876.65 
[DRIVER REACTION 1] LAG: 76.65 
----------------------------------------------------------
----------------------------------------------------------
[DRIVER] Logical time: 6800.00 
[DRIVER] Physical time: 6876.75 
[DRIVER] LAG: 76.75 
----------------------------------------------------------
----------------------------------------------------------
[DRIVER] Logical time: 6900.00 
[DRIVER] Physical time: 6900.43 
[DRIVER] LAG: 0.43 
----------------------------------------------------------
[DEVICE READER CAM read] Physical time: 7004.51 
[DEVICE READER CAM read] LAG: 4.51 
----------------------------------------------------------
[DEVICE READER CAM TIMER] Logical time: 7000.00 
[DEVICE READER CAM TIMER] Physical time: 7004.73 
[DEVICE READER CAM TIMER] LAG: 4.73 
----------------------------------------------------------
----------------------------------------------------------
[DRIVER] Logical time: 7000.00 
[DRIVER] Physical time: 7005.57 
[DRIVER] LAG: 5.57 
----------------------------------------------------------
----------------------------------------------------------
[DRIVER] Logical time: 7100.00 
[DRIVER] Physical time: 7100.33 
[DRIVER] LAG: 0.33 
----------------------------------------------------------
[DEVICE READER CAM read] Physical time: 7205.38 
[DEVICE READER CAM read] LAG: 5.38 
----------------------------------------------------------
[DEVICE READER CAM TIMER] Logical time: 7200.00 
[DEVICE READER CAM TIMER] Physical time: 7205.64 
[DEVICE READER CAM TIMER] LAG: 5.64 
----------------------------------------------------------
----------------------------------------------------------
[DRIVER] Logical time: 7200.00 
[DRIVER] Physical time: 7206.34 
[DRIVER] LAG: 6.34 
----------------------------------------------------------
----------------------------------------------------------
[DRIVER] Logical time: 7300.00 
[DRIVER] Physical time: 7300.48 
[DRIVER] LAG: 0.48 
----------------------------------------------------------
[DEVICE READER CAM read] Physical time: 7404.52 
[DEVICE READER CAM read] LAG: 4.52 
----------------------------------------------------------
[DEVICE READER CAM TIMER] Logical time: 7400.00 
[DEVICE READER CAM TIMER] Physical time: 7404.75 
[DEVICE READER CAM TIMER] LAG: 4.75 
----------------------------------------------------------
----------------------------------------------------------
[DRIVER] Logical time: 7400.00 
[DRIVER] Physical time: 7405.60 
[DRIVER] LAG: 5.60 
----------------------------------------------------------
The event throttle: 0.00392156862745098
----------------------------------------------------------
[sterr,brake,accel] Logical time: 7481.80 
[sterr,brake,accel] Physical time: 7482.11 
[sterr,brake,accel] LAG: 0.31 
----------------------------------------------------------
[DRIVER STATE] accel=0.00392156862745098 brake=0.0
----------------------------------------------------------
[DRIVER REACTION 1] Logical time: 7481.80 
[DRIVER REACTION 1] Physical time: 7482.89 
[DRIVER REACTION 1] LAG: 1.09 
----------------------------------------------------------
The event throttle: 0.01568627450980392
The event throttle: 0.023529411764705882
----------------------------------------------------------
[DRIVER] Logical time: 7500.00 
[DRIVER] Physical time: 7500.37 
[DRIVER] LAG: 0.37 
----------------------------------------------------------
The event throttle: 0.027450980392156862
----------------------------------------------------------
[sterr,brake,accel] Logical time: 7505.64 
[sterr,brake,accel] Physical time: 7505.85 
[sterr,brake,accel] LAG: 0.21 
----------------------------------------------------------
[DRIVER STATE] accel=0.027450980392156862 brake=0.0
----------------------------------------------------------
[DRIVER REACTION 1] Logical time: 7505.64 
[DRIVER REACTION 1] Physical time: 7506.17 
[DRIVER REACTION 1] LAG: 0.53 
----------------------------------------------------------
The event throttle: 0.03137254901960784
The event throttle: 0.0392156862745098
The event throttle: 0.043137254901960784
----------------------------------------------------------
[sterr,brake,accel] Logical time: 7529.55 
[sterr,brake,accel] Physical time: 7529.72 
[sterr,brake,accel] LAG: 0.17 
----------------------------------------------------------
[DRIVER STATE] accel=0.043137254901960784 brake=0.0
----------------------------------------------------------
[DRIVER REACTION 1] Logical time: 7529.55 
[DRIVER REACTION 1] Physical time: 7530.02 
[DRIVER REACTION 1] LAG: 0.47 
----------------------------------------------------------
The event throttle: 0.050980392156862744
The event throttle: 0.054901960784313725
The event throttle: 0.058823529411764705
----------------------------------------------------------
[sterr,brake,accel] Logical time: 7553.50 
[sterr,brake,accel] Physical time: 7553.65 
[sterr,brake,accel] LAG: 0.15 
----------------------------------------------------------
[DRIVER STATE] accel=0.058823529411764705 brake=0.0
----------------------------------------------------------
[DRIVER REACTION 1] Logical time: 7553.50 
[DRIVER REACTION 1] Physical time: 7553.91 
[DRIVER REACTION 1] LAG: 0.40 
----------------------------------------------------------
The event throttle: 0.07058823529411765
The event throttle: 0.07450980392156863
----------------------------------------------------------
[sterr,brake,accel] Logical time: 7577.54 
[sterr,brake,accel] Physical time: 7577.76 
[sterr,brake,accel] LAG: 0.22 
----------------------------------------------------------
[DRIVER STATE] accel=0.07450980392156863 brake=0.0
----------------------------------------------------------
[DRIVER REACTION 1] Logical time: 7577.54 
[DRIVER REACTION 1] Physical time: 7578.04 
[DRIVER REACTION 1] LAG: 0.50 
----------------------------------------------------------
The event throttle: 0.08235294117647059
The event throttle: 0.09019607843137255
[DEVICE READER CAM read] Physical time: 7604.34 
[DEVICE READER CAM read] LAG: 4.34 
----------------------------------------------------------
[DEVICE READER CAM TIMER] Logical time: 7600.00 
[DEVICE READER CAM TIMER] Physical time: 7604.56 
[DEVICE READER CAM TIMER] LAG: 4.56 
----------------------------------------------------------
----------------------------------------------------------
[DRIVER] Logical time: 7600.00 
[DRIVER] Physical time: 7604.76 
[DRIVER] LAG: 4.76 
----------------------------------------------------------
----------------------------------------------------------
[sterr,brake,accel] Logical time: 7601.71 
[sterr,brake,accel] Physical time: 7606.35 
[sterr,brake,accel] LAG: 4.64 
----------------------------------------------------------
[DRIVER STATE] accel=0.09019607843137255 brake=0.0
----------------------------------------------------------
[DRIVER REACTION 1] Logical time: 7601.71 
[DRIVER REACTION 1] Physical time: 7607.20 
[DRIVER REACTION 1] LAG: 5.49 
----------------------------------------------------------
The event throttle: 0.09411764705882353
The event throttle: 0.10588235294117647
----------------------------------------------------------
[sterr,brake,accel] Logical time: 7625.50 
[sterr,brake,accel] Physical time: 7625.66 
[sterr,brake,accel] LAG: 0.16 
----------------------------------------------------------
[DRIVER STATE] accel=0.10588235294117647 brake=0.0
----------------------------------------------------------
[DRIVER REACTION 1] Logical time: 7625.50 
[DRIVER REACTION 1] Physical time: 7626.03 
[DRIVER REACTION 1] LAG: 0.53 
----------------------------------------------------------
The event throttle: 0.11372549019607843
The event throttle: 0.11764705882352941
----------------------------------------------------------
[sterr,brake,accel] Logical time: 7649.51 
[sterr,brake,accel] Physical time: 7649.77 
[sterr,brake,accel] LAG: 0.26 
----------------------------------------------------------
[DRIVER STATE] accel=0.11764705882352941 brake=0.0
----------------------------------------------------------
[DRIVER REACTION 1] Logical time: 7649.51 
[DRIVER REACTION 1] Physical time: 7650.40 
[DRIVER REACTION 1] LAG: 0.89 
----------------------------------------------------------
The event throttle: 0.12156862745098039
The event throttle: 0.12549019607843137
----------------------------------------------------------
[sterr,brake,accel] Logical time: 7681.76 
[sterr,brake,accel] Physical time: 7682.07 
[sterr,brake,accel] LAG: 0.31 
----------------------------------------------------------
[DRIVER STATE] accel=0.12549019607843137 brake=0.0
----------------------------------------------------------
[DRIVER REACTION 1] Logical time: 7681.76 
[DRIVER REACTION 1] Physical time: 7682.86 
[DRIVER REACTION 1] LAG: 1.10 
----------------------------------------------------------
The event throttle: 0.12941176470588237
----------------------------------------------------------
[DRIVER] Logical time: 7700.00 
[DRIVER] Physical time: 7700.37 
[DRIVER] LAG: 0.37 
----------------------------------------------------------
The event throttle: 0.13333333333333333
----------------------------------------------------------
[sterr,brake,accel] Logical time: 7705.59 
[sterr,brake,accel] Physical time: 7705.80 
[sterr,brake,accel] LAG: 0.21 
----------------------------------------------------------
[DRIVER STATE] accel=0.13333333333333333 brake=0.0
----------------------------------------------------------
[DRIVER REACTION 1] Logical time: 7705.59 
[DRIVER REACTION 1] Physical time: 7706.42 
[DRIVER REACTION 1] LAG: 0.83 
----------------------------------------------------------
The event throttle: 0.13725490196078433
----------------------------------------------------------
[sterr,brake,accel] Logical time: 7737.76 
[sterr,brake,accel] Physical time: 7738.04 
[sterr,brake,accel] LAG: 0.28 
----------------------------------------------------------
[DRIVER STATE] accel=0.13725490196078433 brake=0.0
----------------------------------------------------------
[DRIVER REACTION 1] Logical time: 7737.76 
[DRIVER REACTION 1] Physical time: 7738.71 
[DRIVER REACTION 1] LAG: 0.96 
----------------------------------------------------------
The event throttle: 0.1411764705882353
The event throttle: 0.1450980392156863
----------------------------------------------------------
[sterr,brake,accel] Logical time: 7761.64 
[sterr,brake,accel] Physical time: 7761.89 
[sterr,brake,accel] LAG: 0.25 
----------------------------------------------------------
[DRIVER STATE] accel=0.1450980392156863 brake=0.0
----------------------------------------------------------
[DRIVER REACTION 1] Logical time: 7761.64 
[DRIVER REACTION 1] Physical time: 7762.54 
[DRIVER REACTION 1] LAG: 0.90 
----------------------------------------------------------
The event throttle: 0.14901960784313725
The event throttle: 0.15294117647058825
The event throttle: 0.1568627450980392
----------------------------------------------------------
[sterr,brake,accel] Logical time: 7785.59 
[sterr,brake,accel] Physical time: 7785.83 
[sterr,brake,accel] LAG: 0.24 
----------------------------------------------------------
[DRIVER STATE] accel=0.1568627450980392 brake=0.0
----------------------------------------------------------
[DRIVER REACTION 1] Logical time: 7785.59 
[DRIVER REACTION 1] Physical time: 7786.43 
[DRIVER REACTION 1] LAG: 0.84 
----------------------------------------------------------
The event throttle: 0.15294117647058825
The event throttle: 0.1568627450980392
[DEVICE READER CAM read] Physical time: 7803.63 
[DEVICE READER CAM read] LAG: 3.63 
----------------------------------------------------------
[DEVICE READER CAM TIMER] Logical time: 7800.00 
[DEVICE READER CAM TIMER] Physical time: 7803.83 
[DEVICE READER CAM TIMER] LAG: 3.83 
----------------------------------------------------------
The event throttle: 0.1607843137254902
Faces: 0
Saved debug (no face)
----------------------------------------------------------
[FACE DETECTOR] Logical time: 7800.00 
[FACE DETECTOR] Physical time: 7881.16 
[FACE DETECTOR] LAG: 81.16 
----------------------------------------------------------
[DRIVER STATE] accel=0.1568627450980392 brake=0.0
----------------------------------------------------------
[DRIVER REACTION 1] Logical time: 7800.00 
[DRIVER REACTION 1] Physical time: 7881.55 
[DRIVER REACTION 1] LAG: 81.55 
----------------------------------------------------------
----------------------------------------------------------
[DRIVER] Logical time: 7800.00 
[DRIVER] Physical time: 7881.70 
[DRIVER] LAG: 81.70 
----------------------------------------------------------
----------------------------------------------------------
[sterr,brake,accel] Logical time: 7817.71 
[sterr,brake,accel] Physical time: 7882.28 
[sterr,brake,accel] LAG: 64.58 
----------------------------------------------------------
[DRIVER STATE] accel=0.1607843137254902 brake=0.0
----------------------------------------------------------
[DRIVER REACTION 1] Logical time: 7817.71 
[DRIVER REACTION 1] Physical time: 7882.44 
[DRIVER REACTION 1] LAG: 64.74 
----------------------------------------------------------
----------------------------------------------------------
[DRIVER] Logical time: 7900.00 
[DRIVER] Physical time: 7900.31 
[DRIVER] LAG: 0.31 
----------------------------------------------------------
The event throttle: 0.16470588235294117
----------------------------------------------------------
[sterr,brake,accel] Logical time: 7905.81 
[sterr,brake,accel] Physical time: 7906.08 
[sterr,brake,accel] LAG: 0.27 
----------------------------------------------------------
[DRIVER STATE] accel=0.16470588235294117 brake=0.0
----------------------------------------------------------
[DRIVER REACTION 1] Logical time: 7905.81 
[DRIVER REACTION 1] Physical time: 7906.78 
[DRIVER REACTION 1] LAG: 0.97 
----------------------------------------------------------
The event throttle: 0.16862745098039217
----------------------------------------------------------
[sterr,brake,accel] Logical time: 7937.78 
[sterr,brake,accel] Physical time: 7938.07 
[sterr,brake,accel] LAG: 0.29 
----------------------------------------------------------
[DRIVER STATE] accel=0.16862745098039217 brake=0.0
----------------------------------------------------------
[DRIVER REACTION 1] Logical time: 7937.78 
[DRIVER REACTION 1] Physical time: 7938.75 
[DRIVER REACTION 1] LAG: 0.97 
----------------------------------------------------------
The event throttle: 0.18823529411764706
----------------------------------------------------------
[sterr,brake,accel] Logical time: 7977.71 
[sterr,brake,accel] Physical time: 7977.99 
[sterr,brake,accel] LAG: 0.28 
----------------------------------------------------------
[DRIVER STATE] accel=0.18823529411764706 brake=0.0
----------------------------------------------------------
[DRIVER REACTION 1] Logical time: 7977.71 
[DRIVER REACTION 1] Physical time: 7978.69 
[DRIVER REACTION 1] LAG: 0.98 
----------------------------------------------------------
The event throttle: 0.17254901960784313
The event throttle: 0.17647058823529413
[DEVICE READER CAM read] Physical time: 8004.32 
[DEVICE READER CAM read] LAG: 4.32 
----------------------------------------------------------
[DEVICE READER CAM TIMER] Logical time: 8000.00 
[DEVICE READER CAM TIMER] Physical time: 8004.55 
[DEVICE READER CAM TIMER] LAG: 4.55 
----------------------------------------------------------
----------------------------------------------------------
[DRIVER] Logical time: 8000.00 
[DRIVER] Physical time: 8005.13 
[DRIVER] LAG: 5.13 
----------------------------------------------------------
----------------------------------------------------------
[sterr,brake,accel] Logical time: 8001.73 
[sterr,brake,accel] Physical time: 8006.80 
[sterr,brake,accel] LAG: 5.07 
----------------------------------------------------------
[DRIVER STATE] accel=0.17647058823529413 brake=0.0
----------------------------------------------------------
[DRIVER REACTION 1] Logical time: 8001.73 
[DRIVER REACTION 1] Physical time: 8007.21 
[DRIVER REACTION 1] LAG: 5.48 
----------------------------------------------------------
The event throttle: 0.1803921568627451
The event throttle: 0.19607843137254902
----------------------------------------------------------
[sterr,brake,accel] Logical time: 8025.54 
[sterr,brake,accel] Physical time: 8025.64 
[sterr,brake,accel] LAG: 0.10 
----------------------------------------------------------
[DRIVER STATE] accel=0.19607843137254902 brake=0.0
----------------------------------------------------------
[DRIVER REACTION 1] Logical time: 8025.54 
[DRIVER REACTION 1] Physical time: 8025.80 
[DRIVER REACTION 1] LAG: 0.27 
----------------------------------------------------------
The event throttle: 0.18823529411764706
The event throttle: 0.19215686274509805
The event throttle: 0.19607843137254902
----------------------------------------------------------
[sterr,brake,accel] Logical time: 8049.63 
[sterr,brake,accel] Physical time: 8049.81 
[sterr,brake,accel] LAG: 0.18 
----------------------------------------------------------
[DRIVER STATE] accel=0.19607843137254902 brake=0.0
----------------------------------------------------------
[DRIVER REACTION 1] Logical time: 8049.63 
[DRIVER REACTION 1] Physical time: 8050.17 
[DRIVER REACTION 1] LAG: 0.54 
----------------------------------------------------------
The event throttle: 0.2
The event throttle: 0.20784313725490197
The event throttle: 0.21568627450980393
----------------------------------------------------------
[sterr,brake,accel] Logical time: 8081.63 
[sterr,brake,accel] Physical time: 8081.79 
[sterr,brake,accel] LAG: 0.16 
----------------------------------------------------------
[DRIVER STATE] accel=0.21568627450980393 brake=0.0
----------------------------------------------------------
[DRIVER REACTION 1] Logical time: 8081.63 
[DRIVER REACTION 1] Physical time: 8082.07 
[DRIVER REACTION 1] LAG: 0.44 
----------------------------------------------------------
The event throttle: 0.2196078431372549
----------------------------------------------------------
[DRIVER] Logical time: 8100.00 
[DRIVER] Physical time: 8100.21 
[DRIVER] LAG: 0.21 
----------------------------------------------------------
The event throttle: 0.21568627450980393
----------------------------------------------------------
[sterr,brake,accel] Logical time: 8113.70 
[sterr,brake,accel] Physical time: 8113.94 
[sterr,brake,accel] LAG: 0.24 
----------------------------------------------------------
[DRIVER STATE] accel=0.21568627450980393 brake=0.0
----------------------------------------------------------
[DRIVER REACTION 1] Logical time: 8113.70 
[DRIVER REACTION 1] Physical time: 8114.61 
[DRIVER REACTION 1] LAG: 0.91 
----------------------------------------------------------
The event throttle: 0.2235294117647059
The event throttle: 0.22745098039215686
The event throttle: 0.2235294117647059
----------------------------------------------------------
[sterr,brake,accel] Logical time: 8145.66 
[sterr,brake,accel] Physical time: 8145.94 
[sterr,brake,accel] LAG: 0.28 
----------------------------------------------------------
[DRIVER STATE] accel=0.2235294117647059 brake=0.0
----------------------------------------------------------
[DRIVER REACTION 1] Logical time: 8145.66 
[DRIVER REACTION 1] Physical time: 8146.64 
[DRIVER REACTION 1] LAG: 0.98 
----------------------------------------------------------
The event throttle: 0.22745098039215686
The event throttle: 0.2235294117647059
The event throttle: 0.23137254901960785
----------------------------------------------------------
[sterr,brake,accel] Logical time: 8169.66 
[sterr,brake,accel] Physical time: 8169.95 
[sterr,brake,accel] LAG: 0.29 
----------------------------------------------------------
[DRIVER STATE] accel=0.23137254901960785 brake=0.0
----------------------------------------------------------
[DRIVER REACTION 1] Logical time: 8169.66 
[DRIVER REACTION 1] Physical time: 8170.64 
[DRIVER REACTION 1] LAG: 0.98 
----------------------------------------------------------
The event throttle: 0.24705882352941178
The event throttle: 0.23921568627450981
The event throttle: 0.22745098039215686
----------------------------------------------------------
[sterr,brake,accel] Logical time: 8193.63 
[sterr,brake,accel] Physical time: 8193.89 
[sterr,brake,accel] LAG: 0.25 
----------------------------------------------------------
[DRIVER STATE] accel=0.22745098039215686 brake=0.0
----------------------------------------------------------
[DRIVER REACTION 1] Logical time: 8193.63 
[DRIVER REACTION 1] Physical time: 8194.56 
[DRIVER REACTION 1] LAG: 0.93 
----------------------------------------------------------
The event throttle: 0.23921568627450981
[DEVICE READER CAM read] Physical time: 8204.40 
[DEVICE READER CAM read] LAG: 4.40 
----------------------------------------------------------
[DEVICE READER CAM TIMER] Logical time: 8200.00 
[DEVICE READER CAM TIMER] Physical time: 8204.63 
[DEVICE READER CAM TIMER] LAG: 4.63 
----------------------------------------------------------
----------------------------------------------------------
[DRIVER] Logical time: 8200.00 
[DRIVER] Physical time: 8205.12 
[DRIVER] LAG: 5.12 
----------------------------------------------------------
The event throttle: 0.25098039215686274
The event throttle: 0.24313725490196078
----------------------------------------------------------
[sterr,brake,accel] Logical time: 8217.56 
[sterr,brake,accel] Physical time: 8217.67 
[sterr,brake,accel] LAG: 0.11 
----------------------------------------------------------
[DRIVER STATE] accel=0.24313725490196078 brake=0.0
----------------------------------------------------------
[DRIVER REACTION 1] Logical time: 8217.56 
[DRIVER REACTION 1] Physical time: 8217.87 
[DRIVER REACTION 1] LAG: 0.32 
----------------------------------------------------------
The event throttle: 0.23137254901960785
The event throttle: 0.24313725490196078
The event throttle: 0.23529411764705882
----------------------------------------------------------
[sterr,brake,accel] Logical time: 8241.60 
[sterr,brake,accel] Physical time: 8241.75 
[sterr,brake,accel] LAG: 0.15 
----------------------------------------------------------
[DRIVER STATE] accel=0.23529411764705882 brake=0.0
----------------------------------------------------------
[DRIVER REACTION 1] Logical time: 8241.60 
[DRIVER REACTION 1] Physical time: 8242.00 
[DRIVER REACTION 1] LAG: 0.40 
----------------------------------------------------------
The event throttle: 0.24313725490196078
The event throttle: 0.24705882352941178
----------------------------------------------------------
[sterr,brake,accel] Logical time: 8273.75 
[sterr,brake,accel] Physical time: 8273.92 
[sterr,brake,accel] LAG: 0.17 
----------------------------------------------------------
[DRIVER STATE] accel=0.24705882352941178 brake=0.0
----------------------------------------------------------
[DRIVER REACTION 1] Logical time: 8273.75 
[DRIVER REACTION 1] Physical time: 8274.21 
[DRIVER REACTION 1] LAG: 0.46 
----------------------------------------------------------
The event throttle: 0.25882352941176473
----------------------------------------------------------
[DRIVER] Logical time: 8300.00 
[DRIVER] Physical time: 8300.33 
[DRIVER] LAG: 0.33 
----------------------------------------------------------
The event throttle: 0.25098039215686274
----------------------------------------------------------
[sterr,brake,accel] Logical time: 8305.75 
[sterr,brake,accel] Physical time: 8306.01 
[sterr,brake,accel] LAG: 0.26 
----------------------------------------------------------
[DRIVER STATE] accel=0.25098039215686274 brake=0.0
----------------------------------------------------------
[DRIVER REACTION 1] Logical time: 8305.75 
[DRIVER REACTION 1] Physical time: 8306.71 
[DRIVER REACTION 1] LAG: 0.96 
----------------------------------------------------------
The event throttle: 0.24705882352941178
The event throttle: 0.25098039215686274
----------------------------------------------------------
[sterr,brake,accel] Logical time: 8353.75 
[sterr,brake,accel] Physical time: 8354.03 
[sterr,brake,accel] LAG: 0.28 
----------------------------------------------------------
[DRIVER STATE] accel=0.25098039215686274 brake=0.0
----------------------------------------------------------
[DRIVER REACTION 1] Logical time: 8353.75 
[DRIVER REACTION 1] Physical time: 8354.72 
[DRIVER REACTION 1] LAG: 0.98 
----------------------------------------------------------
The event throttle: 0.2549019607843137
The event throttle: 0.24705882352941178
The event throttle: 0.25882352941176473
----------------------------------------------------------
[sterr,brake,accel] Logical time: 8393.69 
[sterr,brake,accel] Physical time: 8393.99 
[sterr,brake,accel] LAG: 0.30 
----------------------------------------------------------
[DRIVER STATE] accel=0.25882352941176473 brake=0.0
----------------------------------------------------------
[DRIVER REACTION 1] Logical time: 8393.69 
[DRIVER REACTION 1] Physical time: 8394.83 
[DRIVER REACTION 1] LAG: 1.13 
----------------------------------------------------------
The event throttle: 0.24705882352941178
[DEVICE READER CAM read] Physical time: 8404.66 
[DEVICE READER CAM read] LAG: 4.66 
----------------------------------------------------------
[DEVICE READER CAM TIMER] Logical time: 8400.00 
[DEVICE READER CAM TIMER] Physical time: 8404.87 
[DEVICE READER CAM TIMER] LAG: 4.87 
----------------------------------------------------------
----------------------------------------------------------
[DRIVER] Logical time: 8400.00 
[DRIVER] Physical time: 8405.45 
[DRIVER] LAG: 5.45 
----------------------------------------------------------
The event throttle: 0.2549019607843137
----------------------------------------------------------
[sterr,brake,accel] Logical time: 8425.69 
[sterr,brake,accel] Physical time: 8425.87 
[sterr,brake,accel] LAG: 0.18 
----------------------------------------------------------
[DRIVER STATE] accel=0.2549019607843137 brake=0.0
----------------------------------------------------------
[DRIVER REACTION 1] Logical time: 8425.69 
[DRIVER REACTION 1] Physical time: 8426.34 
[DRIVER REACTION 1] LAG: 0.65 
----------------------------------------------------------
The event throttle: 0.24313725490196078
The event throttle: 0.25098039215686274
----------------------------------------------------------
[sterr,brake,accel] Logical time: 8449.65 
[sterr,brake,accel] Physical time: 8449.89 
[sterr,brake,accel] LAG: 0.25 
----------------------------------------------------------
[DRIVER STATE] accel=0.25098039215686274 brake=0.0
----------------------------------------------------------
[DRIVER REACTION 1] Logical time: 8449.65 
[DRIVER REACTION 1] Physical time: 8450.52 
[DRIVER REACTION 1] LAG: 0.87 
----------------------------------------------------------
The event throttle: 0.2549019607843137
The event throttle: 0.25098039215686274
The event throttle: 0.25882352941176473
----------------------------------------------------------
[sterr,brake,accel] Logical time: 8497.81 
[sterr,brake,accel] Physical time: 8498.08 
[sterr,brake,accel] LAG: 0.27 
----------------------------------------------------------
[DRIVER STATE] accel=0.25882352941176473 brake=0.0
----------------------------------------------------------
[DRIVER REACTION 1] Logical time: 8497.81 
[DRIVER REACTION 1] Physical time: 8498.73 
[DRIVER REACTION 1] LAG: 0.92 
----------------------------------------------------------
----------------------------------------------------------
[DRIVER] Logical time: 8500.00 
[DRIVER] Physical time: 8500.35 
[DRIVER] LAG: 0.35 
----------------------------------------------------------
The event throttle: 0.25098039215686274
The event throttle: 0.25882352941176473
The event throttle: 0.25098039215686274
----------------------------------------------------------
[sterr,brake,accel] Logical time: 8521.60 
[sterr,brake,accel] Physical time: 8521.73 
[sterr,brake,accel] LAG: 0.12 
----------------------------------------------------------
[DRIVER STATE] accel=0.25098039215686274 brake=0.0
----------------------------------------------------------
[DRIVER REACTION 1] Logical time: 8521.60 
[DRIVER REACTION 1] Physical time: 8522.00 
[DRIVER REACTION 1] LAG: 0.40 
----------------------------------------------------------
The event throttle: 0.24313725490196078
----------------------------------------------------------
[sterr,brake,accel] Logical time: 8561.84 
[sterr,brake,accel] Physical time: 8562.03 
[sterr,brake,accel] LAG: 0.19 
----------------------------------------------------------
[DRIVER STATE] accel=0.24313725490196078 brake=0.0
----------------------------------------------------------
[DRIVER REACTION 1] Logical time: 8561.84 
[DRIVER REACTION 1] Physical time: 8562.43 
[DRIVER REACTION 1] LAG: 0.59 
----------------------------------------------------------
The event throttle: 0.25098039215686274
The event throttle: 0.2549019607843137
----------------------------------------------------------
[sterr,brake,accel] Logical time: 8593.75 
[sterr,brake,accel] Physical time: 8593.91 
[sterr,brake,accel] LAG: 0.16 
----------------------------------------------------------
[DRIVER STATE] accel=0.2549019607843137 brake=0.0
----------------------------------------------------------
[DRIVER REACTION 1] Logical time: 8593.75 
[DRIVER REACTION 1] Physical time: 8594.19 
[DRIVER REACTION 1] LAG: 0.44 
----------------------------------------------------------
The event throttle: 0.24705882352941178
[DEVICE READER CAM read] Physical time: 8604.39 
[DEVICE READER CAM read] LAG: 4.39 
----------------------------------------------------------
[DEVICE READER CAM TIMER] Logical time: 8600.00 
[DEVICE READER CAM TIMER] Physical time: 8604.59 
[DEVICE READER CAM TIMER] LAG: 4.59 
----------------------------------------------------------
----------------------------------------------------------
[DRIVER] Logical time: 8600.00 
[DRIVER] Physical time: 8604.77 
[DRIVER] LAG: 4.77 
----------------------------------------------------------
The event throttle: 0.25098039215686274
----------------------------------------------------------
[sterr,brake,accel] Logical time: 8625.71 
[sterr,brake,accel] Physical time: 8625.90 
[sterr,brake,accel] LAG: 0.19 
----------------------------------------------------------
[DRIVER STATE] accel=0.25098039215686274 brake=0.0
----------------------------------------------------------
[DRIVER REACTION 1] Logical time: 8625.71 
[DRIVER REACTION 1] Physical time: 8626.39 
[DRIVER REACTION 1] LAG: 0.68 
----------------------------------------------------------
The event throttle: 0.2627450980392157
The event throttle: 0.25882352941176473
The event throttle: 0.25098039215686274
----------------------------------------------------------
[sterr,brake,accel] Logical time: 8649.71 
[sterr,brake,accel] Physical time: 8649.95 
[sterr,brake,accel] LAG: 0.24 
----------------------------------------------------------
[DRIVER STATE] accel=0.25098039215686274 brake=0.0
----------------------------------------------------------
[DRIVER REACTION 1] Logical time: 8649.71 
[DRIVER REACTION 1] Physical time: 8650.58 
[DRIVER REACTION 1] LAG: 0.87 
----------------------------------------------------------
The event throttle: 0.23529411764705882
The event throttle: 0.25098039215686274
The event throttle: 0.2549019607843137
----------------------------------------------------------
[sterr,brake,accel] Logical time: 8681.68 
[sterr,brake,accel] Physical time: 8681.93 
[sterr,brake,accel] LAG: 0.25 
----------------------------------------------------------
[DRIVER STATE] accel=0.2549019607843137 brake=0.0
----------------------------------------------------------
[DRIVER REACTION 1] Logical time: 8681.68 
[DRIVER REACTION 1] Physical time: 8682.58 
[DRIVER REACTION 1] LAG: 0.89 
----------------------------------------------------------
The event throttle: 0.25098039215686274
The event throttle: 0.2235294117647059
----------------------------------------------------------
[DRIVER] Logical time: 8700.00 
[DRIVER] Physical time: 8700.43 
[DRIVER] LAG: 0.43 
----------------------------------------------------------
The event throttle: 0.25098039215686274
----------------------------------------------------------
[sterr,brake,accel] Logical time: 8705.84 
[sterr,brake,accel] Physical time: 8706.00 
[sterr,brake,accel] LAG: 0.16 
----------------------------------------------------------
[DRIVER STATE] accel=0.25098039215686274 brake=0.0
----------------------------------------------------------
[DRIVER REACTION 1] Logical time: 8705.84 
[DRIVER REACTION 1] Physical time: 8706.46 
[DRIVER REACTION 1] LAG: 0.61 
----------------------------------------------------------
The event throttle: 0.24705882352941178
The event throttle: 0.25098039215686274
The event throttle: 0.24705882352941178
----------------------------------------------------------
[sterr,brake,accel] Logical time: 8745.72 
[sterr,brake,accel] Physical time: 8745.89 
[sterr,brake,accel] LAG: 0.16 
----------------------------------------------------------
[DRIVER STATE] accel=0.24705882352941178 brake=0.0
----------------------------------------------------------
[DRIVER REACTION 1] Logical time: 8745.72 
[DRIVER REACTION 1] Physical time: 8746.19 
[DRIVER REACTION 1] LAG: 0.46 
----------------------------------------------------------
The event throttle: 0.25098039215686274
The event throttle: 0.2549019607843137
The event throttle: 0.25098039215686274
----------------------------------------------------------
[sterr,brake,accel] Logical time: 8769.68 
[sterr,brake,accel] Physical time: 8769.84 
[sterr,brake,accel] LAG: 0.16 
----------------------------------------------------------
[DRIVER STATE] accel=0.25098039215686274 brake=0.0
----------------------------------------------------------
[DRIVER REACTION 1] Logical time: 8769.68 
[DRIVER REACTION 1] Physical time: 8770.19 
[DRIVER REACTION 1] LAG: 0.51 
----------------------------------------------------------
The event throttle: 0.23529411764705882
The event throttle: 0.25098039215686274
The event throttle: 0.23921568627450981
----------------------------------------------------------
[sterr,brake,accel] Logical time: 8793.69 
[sterr,brake,accel] Physical time: 8793.85 
[sterr,brake,accel] LAG: 0.16 
----------------------------------------------------------
[DRIVER STATE] accel=0.23921568627450981 brake=0.0
----------------------------------------------------------
[DRIVER REACTION 1] Logical time: 8793.69 
[DRIVER REACTION 1] Physical time: 8794.20 
[DRIVER REACTION 1] LAG: 0.51 
----------------------------------------------------------
The event throttle: 0.25098039215686274
[DEVICE READER CAM read] Physical time: 8804.22 
[DEVICE READER CAM read] LAG: 4.22 
----------------------------------------------------------
[DEVICE READER CAM TIMER] Logical time: 8800.00 
[DEVICE READER CAM TIMER] Physical time: 8804.55 
[DEVICE READER CAM TIMER] LAG: 4.55 
----------------------------------------------------------
The event throttle: 0.24705882352941178
The event throttle: 0.25098039215686274
The event throttle: 0.24313725490196078
Faces: 0
The event throttle: 0.2549019607843137
The event throttle: 0.25098039215686274
The event throttle: 0.24705882352941178
Saved debug (no face)
----------------------------------------------------------
[FACE DETECTOR] Logical time: 8800.00 
[FACE DETECTOR] Physical time: 8873.29 
[FACE DETECTOR] LAG: 73.29 
----------------------------------------------------------
[DRIVER STATE] accel=0.23921568627450981 brake=0.0
----------------------------------------------------------
[DRIVER REACTION 1] Logical time: 8800.00 
[DRIVER REACTION 1] Physical time: 8873.48 
[DRIVER REACTION 1] LAG: 73.48 
----------------------------------------------------------
----------------------------------------------------------
[DRIVER] Logical time: 8800.00 
[DRIVER] Physical time: 8873.54 
[DRIVER] LAG: 73.54 
----------------------------------------------------------
The event throttle: 0.25098039215686274
----------------------------------------------------------
[sterr,brake,accel] Logical time: 8817.79 
[sterr,brake,accel] Physical time: 8874.19 
[sterr,brake,accel] LAG: 56.39 
----------------------------------------------------------
[DRIVER STATE] accel=0.24705882352941178 brake=0.0
----------------------------------------------------------
[DRIVER REACTION 1] Logical time: 8817.79 
[DRIVER REACTION 1] Physical time: 8874.53 
[DRIVER REACTION 1] LAG: 56.73 
----------------------------------------------------------
----------------------------------------------------------
[sterr,brake,accel] Logical time: 8841.68 
[sterr,brake,accel] Physical time: 8874.69 
[sterr,brake,accel] LAG: 33.00 
----------------------------------------------------------
[DRIVER STATE] accel=0.2549019607843137 brake=0.0
----------------------------------------------------------
[DRIVER REACTION 1] Logical time: 8841.68 
[DRIVER REACTION 1] Physical time: 8874.91 
[DRIVER REACTION 1] LAG: 33.23 
----------------------------------------------------------
----------------------------------------------------------
[sterr,brake,accel] Logical time: 8865.65 
[sterr,brake,accel] Physical time: 8875.05 
[sterr,brake,accel] LAG: 9.40 
----------------------------------------------------------
[DRIVER STATE] accel=0.24705882352941178 brake=0.0
----------------------------------------------------------
[DRIVER REACTION 1] Logical time: 8865.65 
[DRIVER REACTION 1] Physical time: 8875.38 
[DRIVER REACTION 1] LAG: 9.73 
----------------------------------------------------------
The event throttle: 0.2549019607843137
The event throttle: 0.25098039215686274
----------------------------------------------------------
[sterr,brake,accel] Logical time: 8889.81 
[sterr,brake,accel] Physical time: 8890.09 
[sterr,brake,accel] LAG: 0.29 
----------------------------------------------------------
[DRIVER STATE] accel=0.25098039215686274 brake=0.0
----------------------------------------------------------
[DRIVER REACTION 1] Logical time: 8889.81 
[DRIVER REACTION 1] Physical time: 8890.76 
[DRIVER REACTION 1] LAG: 0.95 
----------------------------------------------------------
The event throttle: 0.27450980392156865
----------------------------------------------------------
[DRIVER] Logical time: 8900.00 
[DRIVER] Physical time: 8900.39 
[DRIVER] LAG: 0.39 
----------------------------------------------------------
The event throttle: 0.25098039215686274
The event throttle: 0.24705882352941178
----------------------------------------------------------
[sterr,brake,accel] Logical time: 8913.69 
[sterr,brake,accel] Physical time: 8913.82 
[sterr,brake,accel] LAG: 0.13 
----------------------------------------------------------
[DRIVER STATE] accel=0.24705882352941178 brake=0.0
----------------------------------------------------------
[DRIVER REACTION 1] Logical time: 8913.69 
[DRIVER REACTION 1] Physical time: 8914.07 
[DRIVER REACTION 1] LAG: 0.38 
----------------------------------------------------------
The event throttle: 0.25098039215686274
----------------------------------------------------------
[sterr,brake,accel] Logical time: 8937.84 
[sterr,brake,accel] Physical time: 8938.00 
[sterr,brake,accel] LAG: 0.16 
----------------------------------------------------------
[DRIVER STATE] accel=0.25098039215686274 brake=0.0
----------------------------------------------------------
[DRIVER REACTION 1] Logical time: 8937.84 
[DRIVER REACTION 1] Physical time: 8938.34 
[DRIVER REACTION 1] LAG: 0.50 
----------------------------------------------------------
The event throttle: 0.25882352941176473
The event throttle: 0.25098039215686274
----------------------------------------------------------
[sterr,brake,accel] Logical time: 8961.69 
[sterr,brake,accel] Physical time: 8961.83 
[sterr,brake,accel] LAG: 0.14 
----------------------------------------------------------
[DRIVER STATE] accel=0.25098039215686274 brake=0.0
----------------------------------------------------------
[DRIVER REACTION 1] Logical time: 8961.69 
[DRIVER REACTION 1] Physical time: 8962.08 
[DRIVER REACTION 1] LAG: 0.39 
----------------------------------------------------------
The event throttle: 0.24705882352941178
The event throttle: 0.27058823529411763
The event throttle: 0.24705882352941178
----------------------------------------------------------
[sterr,brake,accel] Logical time: 8985.84 
[sterr,brake,accel] Physical time: 8986.00 
[sterr,brake,accel] LAG: 0.16 
----------------------------------------------------------
[DRIVER STATE] accel=0.24705882352941178 brake=0.0
----------------------------------------------------------
[DRIVER REACTION 1] Logical time: 8985.84 
[DRIVER REACTION 1] Physical time: 8986.36 
[DRIVER REACTION 1] LAG: 0.53 
----------------------------------------------------------
The event throttle: 0.2549019607843137
The event throttle: 0.25098039215686274
[DEVICE READER CAM read] Physical time: 9003.99 
[DEVICE READER CAM read] LAG: 3.99 
----------------------------------------------------------
[DEVICE READER CAM TIMER] Logical time: 9000.00 
[DEVICE READER CAM TIMER] Physical time: 9004.18 
[DEVICE READER CAM TIMER] LAG: 4.18 
----------------------------------------------------------
----------------------------------------------------------
[DRIVER] Logical time: 9000.00 
[DRIVER] Physical time: 9004.43 
[DRIVER] LAG: 4.43 
----------------------------------------------------------
The event throttle: 0.23137254901960785
----------------------------------------------------------
[sterr,brake,accel] Logical time: 9017.74 
[sterr,brake,accel] Physical time: 9017.94 
[sterr,brake,accel] LAG: 0.19 
----------------------------------------------------------
[DRIVER STATE] accel=0.23137254901960785 brake=0.0
----------------------------------------------------------
[DRIVER REACTION 1] Logical time: 9017.74 
[DRIVER REACTION 1] Physical time: 9018.47 
[DRIVER REACTION 1] LAG: 0.73 
----------------------------------------------------------
The event throttle: 0.24705882352941178
The event throttle: 0.24313725490196078
The event throttle: 0.24705882352941178
----------------------------------------------------------
[sterr,brake,accel] Logical time: 9041.68 
[sterr,brake,accel] Physical time: 9041.89 
[sterr,brake,accel] LAG: 0.22 
----------------------------------------------------------
[DRIVER STATE] accel=0.24705882352941178 brake=0.0
----------------------------------------------------------
[DRIVER REACTION 1] Logical time: 9041.68 
[DRIVER REACTION 1] Physical time: 9042.46 
[DRIVER REACTION 1] LAG: 0.79 
----------------------------------------------------------
The event throttle: 0.25098039215686274
The event throttle: 0.24705882352941178
----------------------------------------------------------
[sterr,brake,accel] Logical time: 9089.89 
[sterr,brake,accel] Physical time: 9090.18 
[sterr,brake,accel] LAG: 0.29 
----------------------------------------------------------
[DRIVER STATE] accel=0.24705882352941178 brake=0.0
----------------------------------------------------------
[DRIVER REACTION 1] Logical time: 9089.89 
[DRIVER REACTION 1] Physical time: 9090.84 
[DRIVER REACTION 1] LAG: 0.96 
----------------------------------------------------------
The event throttle: 0.2235294117647059
----------------------------------------------------------
[DRIVER] Logical time: 9100.00 
[DRIVER] Physical time: 9100.38 
[DRIVER] LAG: 0.38 
----------------------------------------------------------
The event throttle: 0.25098039215686274
The event throttle: 0.24705882352941178
----------------------------------------------------------
[sterr,brake,accel] Logical time: 9121.80 
[sterr,brake,accel] Physical time: 9121.97 
[sterr,brake,accel] LAG: 0.17 
----------------------------------------------------------
[DRIVER STATE] accel=0.24705882352941178 brake=0.0
----------------------------------------------------------
[DRIVER REACTION 1] Logical time: 9121.80 
[DRIVER REACTION 1] Physical time: 9122.31 
[DRIVER REACTION 1] LAG: 0.51 
----------------------------------------------------------
The event throttle: 0.2627450980392157
The event throttle: 0.25098039215686274
----------------------------------------------------------
[sterr,brake,accel] Logical time: 9145.72 
[sterr,brake,accel] Physical time: 9145.86 
[sterr,brake,accel] LAG: 0.14 
----------------------------------------------------------
[DRIVER STATE] accel=0.25098039215686274 brake=0.0
----------------------------------------------------------
[DRIVER REACTION 1] Logical time: 9145.72 
[DRIVER REACTION 1] Physical time: 9146.12 
[DRIVER REACTION 1] LAG: 0.40 
----------------------------------------------------------
The event throttle: 0.23921568627450981
The event throttle: 0.25098039215686274
The event throttle: 0.23921568627450981
----------------------------------------------------------
[sterr,brake,accel] Logical time: 9177.80 
[sterr,brake,accel] Physical time: 9178.05 
[sterr,brake,accel] LAG: 0.25 
----------------------------------------------------------
[DRIVER STATE] accel=0.23921568627450981 brake=0.0
----------------------------------------------------------
[DRIVER REACTION 1] Logical time: 9177.80 
[DRIVER REACTION 1] Physical time: 9178.35 
[DRIVER REACTION 1] LAG: 0.56 
----------------------------------------------------------
The event throttle: 0.25098039215686274
The event throttle: 0.2549019607843137
[DEVICE READER CAM read] Physical time: 9203.88 
[DEVICE READER CAM read] LAG: 3.88 
----------------------------------------------------------
[DEVICE READER CAM TIMER] Logical time: 9200.00 
[DEVICE READER CAM TIMER] Physical time: 9204.10 
[DEVICE READER CAM TIMER] LAG: 4.10 
----------------------------------------------------------
----------------------------------------------------------
[DRIVER] Logical time: 9200.00 
[DRIVER] Physical time: 9204.37 
[DRIVER] LAG: 4.37 
----------------------------------------------------------
----------------------------------------------------------
[sterr,brake,accel] Logical time: 9202.03 
[sterr,brake,accel] Physical time: 9205.79 
[sterr,brake,accel] LAG: 3.76 
----------------------------------------------------------
[DRIVER STATE] accel=0.2549019607843137 brake=0.0
----------------------------------------------------------
[DRIVER REACTION 1] Logical time: 9202.03 
[DRIVER REACTION 1] Physical time: 9206.45 
[DRIVER REACTION 1] LAG: 4.42 
----------------------------------------------------------
The event throttle: 0.25098039215686274
The event throttle: 0.2901960784313726
The event throttle: 0.2549019607843137
----------------------------------------------------------
[sterr,brake,accel] Logical time: 9225.78 
[sterr,brake,accel] Physical time: 9226.06 
[sterr,brake,accel] LAG: 0.28 
----------------------------------------------------------
[DRIVER STATE] accel=0.2549019607843137 brake=0.0
----------------------------------------------------------
[DRIVER REACTION 1] Logical time: 9225.78 
[DRIVER REACTION 1] Physical time: 9226.74 
[DRIVER REACTION 1] LAG: 0.96 
----------------------------------------------------------
The event throttle: 0.26666666666666666
The event throttle: 0.2549019607843137
The event throttle: 0.25098039215686274
----------------------------------------------------------
[sterr,brake,accel] Logical time: 9249.71 
[sterr,brake,accel] Physical time: 9249.96 
[sterr,brake,accel] LAG: 0.25 
----------------------------------------------------------
[DRIVER STATE] accel=0.25098039215686274 brake=0.0
----------------------------------------------------------
[DRIVER REACTION 1] Logical time: 9249.71 
[DRIVER REACTION 1] Physical time: 9250.58 
[DRIVER REACTION 1] LAG: 0.87 
----------------------------------------------------------
The event throttle: 0.25882352941176473
The event throttle: 0.2549019607843137
----------------------------------------------------------
[sterr,brake,accel] Logical time: 9273.76 
[sterr,brake,accel] Physical time: 9274.04 
[sterr,brake,accel] LAG: 0.28 
----------------------------------------------------------
[DRIVER STATE] accel=0.2549019607843137 brake=0.0
----------------------------------------------------------
[DRIVER REACTION 1] Logical time: 9273.76 
[DRIVER REACTION 1] Physical time: 9274.69 
[DRIVER REACTION 1] LAG: 0.93 
----------------------------------------------------------
The event throttle: 0.25098039215686274
The event throttle: 0.2549019607843137
----------------------------------------------------------
[sterr,brake,accel] Logical time: 9297.80 
[sterr,brake,accel] Physical time: 9298.10 
[sterr,brake,accel] LAG: 0.30 
----------------------------------------------------------
[DRIVER STATE] accel=0.2549019607843137 brake=0.0
----------------------------------------------------------
[DRIVER REACTION 1] Logical time: 9297.80 
[DRIVER REACTION 1] Physical time: 9298.76 
[DRIVER REACTION 1] LAG: 0.96 
----------------------------------------------------------
----------------------------------------------------------
[DRIVER] Logical time: 9300.00 
[DRIVER] Physical time: 9300.35 
[DRIVER] LAG: 0.35 
----------------------------------------------------------
The event throttle: 0.25882352941176473
The event throttle: 0.2549019607843137
----------------------------------------------------------
[sterr,brake,accel] Logical time: 9321.70 
[sterr,brake,accel] Physical time: 9321.92 
[sterr,brake,accel] LAG: 0.21 
----------------------------------------------------------
[DRIVER STATE] accel=0.2549019607843137 brake=0.0
----------------------------------------------------------
[DRIVER REACTION 1] Logical time: 9321.70 
[DRIVER REACTION 1] Physical time: 9322.61 
[DRIVER REACTION 1] LAG: 0.91 
----------------------------------------------------------
The event throttle: 0.24705882352941178
The event throttle: 0.2627450980392157
The event throttle: 0.2549019607843137
----------------------------------------------------------
[sterr,brake,accel] Logical time: 9345.74 
[sterr,brake,accel] Physical time: 9346.00 
[sterr,brake,accel] LAG: 0.26 
----------------------------------------------------------
[DRIVER STATE] accel=0.2549019607843137 brake=0.0
----------------------------------------------------------
[DRIVER REACTION 1] Logical time: 9345.74 
[DRIVER REACTION 1] Physical time: 9346.61 
[DRIVER REACTION 1] LAG: 0.87 
----------------------------------------------------------
The event throttle: 0.25882352941176473
The event throttle: 0.2549019607843137
The event throttle: 0.25098039215686274
----------------------------------------------------------
[sterr,brake,accel] Logical time: 9377.88 
[sterr,brake,accel] Physical time: 9378.15 
[sterr,brake,accel] LAG: 0.27 
----------------------------------------------------------
[DRIVER STATE] accel=0.25098039215686274 brake=0.0
----------------------------------------------------------
[DRIVER REACTION 1] Logical time: 9377.88 
[DRIVER REACTION 1] Physical time: 9378.78 
[DRIVER REACTION 1] LAG: 0.90 
----------------------------------------------------------
The event throttle: 0.25882352941176473
[DEVICE READER CAM read] Physical time: 9407.38 
[DEVICE READER CAM read] LAG: 7.38 
----------------------------------------------------------
[DEVICE READER CAM TIMER] Logical time: 9400.00 
[DEVICE READER CAM TIMER] Physical time: 9407.58 
[DEVICE READER CAM TIMER] LAG: 7.58 
----------------------------------------------------------
----------------------------------------------------------
[DRIVER] Logical time: 9400.00 
[DRIVER] Physical time: 9408.04 
[DRIVER] LAG: 8.04 
----------------------------------------------------------
The event throttle: 0.24705882352941178
----------------------------------------------------------
[sterr,brake,accel] Logical time: 9409.88 
[sterr,brake,accel] Physical time: 9409.99 
[sterr,brake,accel] LAG: 0.11 
----------------------------------------------------------
[DRIVER STATE] accel=0.24705882352941178 brake=0.0
----------------------------------------------------------
[DRIVER REACTION 1] Logical time: 9409.88 
[DRIVER REACTION 1] Physical time: 9410.30 
[DRIVER REACTION 1] LAG: 0.42 
----------------------------------------------------------
The event throttle: 0.2627450980392157
The event throttle: 0.2549019607843137
The event throttle: 0.26666666666666666
----------------------------------------------------------
[sterr,brake,accel] Logical time: 9433.76 
[sterr,brake,accel] Physical time: 9433.91 
[sterr,brake,accel] LAG: 0.15 
----------------------------------------------------------
[DRIVER STATE] accel=0.26666666666666666 brake=0.0
----------------------------------------------------------
[DRIVER REACTION 1] Logical time: 9433.76 
[DRIVER REACTION 1] Physical time: 9434.19 
[DRIVER REACTION 1] LAG: 0.44 
----------------------------------------------------------
The event throttle: 0.25882352941176473
The event throttle: 0.24705882352941178
The event throttle: 0.25882352941176473
----------------------------------------------------------
[sterr,brake,accel] Logical time: 9457.79 
[sterr,brake,accel] Physical time: 9457.94 
[sterr,brake,accel] LAG: 0.15 
----------------------------------------------------------
[DRIVER STATE] accel=0.25882352941176473 brake=0.0
----------------------------------------------------------
[DRIVER REACTION 1] Logical time: 9457.79 
[DRIVER REACTION 1] Physical time: 9458.22 
[DRIVER REACTION 1] LAG: 0.44 
----------------------------------------------------------
The event throttle: 0.2627450980392157
The event throttle: 0.27450980392156865
----------------------------------------------------------
[sterr,brake,accel] Logical time: 9489.89 
[sterr,brake,accel] Physical time: 9490.04 
[sterr,brake,accel] LAG: 0.15 
----------------------------------------------------------
[DRIVER STATE] accel=0.27450980392156865 brake=0.0
----------------------------------------------------------
[DRIVER REACTION 1] Logical time: 9489.89 
[DRIVER REACTION 1] Physical time: 9490.35 
[DRIVER REACTION 1] LAG: 0.46 
----------------------------------------------------------
The event throttle: 0.27058823529411763
----------------------------------------------------------
[DRIVER] Logical time: 9500.00 
[DRIVER] Physical time: 9500.31 
[DRIVER] LAG: 0.31 
----------------------------------------------------------
The event throttle: 0.2627450980392157
The event throttle: 0.27450980392156865
----------------------------------------------------------
[sterr,brake,accel] Logical time: 9513.78 
[sterr,brake,accel] Physical time: 9514.02 
[sterr,brake,accel] LAG: 0.23 
----------------------------------------------------------
[DRIVER STATE] accel=0.27450980392156865 brake=0.0
----------------------------------------------------------
[DRIVER REACTION 1] Logical time: 9513.78 
[DRIVER REACTION 1] Physical time: 9514.59 
[DRIVER REACTION 1] LAG: 0.81 
----------------------------------------------------------
The event throttle: 0.26666666666666666
The event throttle: 0.2784313725490196
The event throttle: 0.27058823529411763
----------------------------------------------------------
[sterr,brake,accel] Logical time: 9537.80 
[sterr,brake,accel] Physical time: 9538.09 
[sterr,brake,accel] LAG: 0.29 
----------------------------------------------------------
[DRIVER STATE] accel=0.27058823529411763 brake=0.0
----------------------------------------------------------
[DRIVER REACTION 1] Logical time: 9537.80 
[DRIVER REACTION 1] Physical time: 9538.76 
[DRIVER REACTION 1] LAG: 0.96 
----------------------------------------------------------
The event throttle: 0.26666666666666666
The event throttle: 0.27058823529411763
The event throttle: 0.2627450980392157
----------------------------------------------------------
[sterr,brake,accel] Logical time: 9577.84 
[sterr,brake,accel] Physical time: 9578.18 
[sterr,brake,accel] LAG: 0.33 
----------------------------------------------------------
[DRIVER STATE] accel=0.2627450980392157 brake=0.0
----------------------------------------------------------
[DRIVER REACTION 1] Logical time: 9577.84 
[DRIVER REACTION 1] Physical time: 9578.92 
[DRIVER REACTION 1] LAG: 1.08 
----------------------------------------------------------
The event throttle: 0.26666666666666666
The event throttle: 0.27450980392156865
The event throttle: 0.27058823529411763
[DEVICE READER CAM read] Physical time: 9608.16 
[DEVICE READER CAM read] LAG: 8.16 
----------------------------------------------------------
[DEVICE READER CAM TIMER] Logical time: 9600.00 
[DEVICE READER CAM TIMER] Physical time: 9608.40 
[DEVICE READER CAM TIMER] LAG: 8.40 
----------------------------------------------------------
----------------------------------------------------------
[DRIVER] Logical time: 9600.00 
[DRIVER] Physical time: 9608.92 
[DRIVER] LAG: 8.92 
----------------------------------------------------------
----------------------------------------------------------
[sterr,brake,accel] Logical time: 9601.96 
[sterr,brake,accel] Physical time: 9609.83 
[sterr,brake,accel] LAG: 7.88 
----------------------------------------------------------
[DRIVER STATE] accel=0.27058823529411763 brake=0.0
----------------------------------------------------------
[DRIVER REACTION 1] Logical time: 9601.96 
[DRIVER REACTION 1] Physical time: 9610.29 
[DRIVER REACTION 1] LAG: 8.33 
----------------------------------------------------------
The event throttle: 0.2549019607843137
The event throttle: 0.26666666666666666
----------------------------------------------------------
[sterr,brake,accel] Logical time: 9625.71 
[sterr,brake,accel] Physical time: 9625.88 
[sterr,brake,accel] LAG: 0.17 
----------------------------------------------------------
[DRIVER STATE] accel=0.26666666666666666 brake=0.0
----------------------------------------------------------
[DRIVER REACTION 1] Logical time: 9625.71 
[DRIVER REACTION 1] Physical time: 9626.31 
[DRIVER REACTION 1] LAG: 0.60 
----------------------------------------------------------
The event throttle: 0.27058823529411763
The event throttle: 0.27450980392156865
The event throttle: 0.25882352941176473
----------------------------------------------------------
[sterr,brake,accel] Logical time: 9649.80 
[sterr,brake,accel] Physical time: 9650.06 
[sterr,brake,accel] LAG: 0.26 
----------------------------------------------------------
[DRIVER STATE] accel=0.25882352941176473 brake=0.0
----------------------------------------------------------
[DRIVER REACTION 1] Logical time: 9649.80 
[DRIVER REACTION 1] Physical time: 9650.74 
[DRIVER REACTION 1] LAG: 0.94 
----------------------------------------------------------
The event throttle: 0.27450980392156865
The event throttle: 0.2627450980392157
The event throttle: 0.27450980392156865
----------------------------------------------------------
[sterr,brake,accel] Logical time: 9673.81 
[sterr,brake,accel] Physical time: 9674.05 
[sterr,brake,accel] LAG: 0.25 
----------------------------------------------------------
[DRIVER STATE] accel=0.27450980392156865 brake=0.0
----------------------------------------------------------
[DRIVER REACTION 1] Logical time: 9673.81 
[DRIVER REACTION 1] Physical time: 9674.71 
[DRIVER REACTION 1] LAG: 0.90 
----------------------------------------------------------
The event throttle: 0.27058823529411763
The event throttle: 0.2823529411764706
The event throttle: 0.27058823529411763
----------------------------------------------------------
[sterr,brake,accel] Logical time: 9697.76 
[sterr,brake,accel] Physical time: 9698.02 
[sterr,brake,accel] LAG: 0.26 
----------------------------------------------------------
[DRIVER STATE] accel=0.27058823529411763 brake=0.0
----------------------------------------------------------
[DRIVER REACTION 1] Logical time: 9697.76 
[DRIVER REACTION 1] Physical time: 9698.71 
[DRIVER REACTION 1] LAG: 0.96 
----------------------------------------------------------
----------------------------------------------------------
[DRIVER] Logical time: 9700.00 
[DRIVER] Physical time: 9700.38 
[DRIVER] LAG: 0.38 
----------------------------------------------------------
The event throttle: 0.27450980392156865
----------------------------------------------------------
[sterr,brake,accel] Logical time: 9721.88 
[sterr,brake,accel] Physical time: 9722.15 
[sterr,brake,accel] LAG: 0.27 
----------------------------------------------------------
[DRIVER STATE] accel=0.27450980392156865 brake=0.0
----------------------------------------------------------
[DRIVER REACTION 1] Logical time: 9721.88 
[DRIVER REACTION 1] Physical time: 9722.87 
[DRIVER REACTION 1] LAG: 0.99 
----------------------------------------------------------
The event throttle: 0.2784313725490196
The event throttle: 0.27450980392156865
The event throttle: 0.25882352941176473
----------------------------------------------------------
[sterr,brake,accel] Logical time: 9745.76 
[sterr,brake,accel] Physical time: 9745.98 
[sterr,brake,accel] LAG: 0.23 
----------------------------------------------------------
[DRIVER STATE] accel=0.25882352941176473 brake=0.0
----------------------------------------------------------
[DRIVER REACTION 1] Logical time: 9745.76 
[DRIVER REACTION 1] Physical time: 9746.69 
[DRIVER REACTION 1] LAG: 0.94 
----------------------------------------------------------
The event throttle: 0.27450980392156865
The event throttle: 0.27058823529411763
The event throttle: 0.27450980392156865
----------------------------------------------------------
[sterr,brake,accel] Logical time: 9769.78 
[sterr,brake,accel] Physical time: 9770.02 
[sterr,brake,accel] LAG: 0.24 
----------------------------------------------------------
[DRIVER STATE] accel=0.27450980392156865 brake=0.0
----------------------------------------------------------
[DRIVER REACTION 1] Logical time: 9769.78 
[DRIVER REACTION 1] Physical time: 9770.62 
[DRIVER REACTION 1] LAG: 0.85 
----------------------------------------------------------
The event throttle: 0.27058823529411763
[DEVICE READER CAM read] Physical time: 9805.35 
[DEVICE READER CAM read] LAG: 5.35 
----------------------------------------------------------
[DEVICE READER CAM TIMER] Logical time: 9800.00 
[DEVICE READER CAM TIMER] Physical time: 9805.68 
[DEVICE READER CAM TIMER] LAG: 5.68 
----------------------------------------------------------
The event throttle: 0.28627450980392155
The event throttle: 0.27450980392156865
Faces: 0
The event throttle: 0.26666666666666666
The event throttle: 0.27450980392156865
The event throttle: 0.2823529411764706
The event throttle: 0.27450980392156865
The event throttle: 0.27058823529411763
Saved debug (no face)
----------------------------------------------------------
[FACE DETECTOR] Logical time: 9800.00 
[FACE DETECTOR] Physical time: 9882.56 
[FACE DETECTOR] LAG: 82.56 
----------------------------------------------------------
[DRIVER STATE] accel=0.27450980392156865 brake=0.0
----------------------------------------------------------
[DRIVER REACTION 1] Logical time: 9800.00 
[DRIVER REACTION 1] Physical time: 9883.41 
[DRIVER REACTION 1] LAG: 83.41 
----------------------------------------------------------
----------------------------------------------------------
[DRIVER] Logical time: 9800.00 
[DRIVER] Physical time: 9883.58 
[DRIVER] LAG: 83.58 
----------------------------------------------------------
----------------------------------------------------------
[sterr,brake,accel] Logical time: 9817.98 
[sterr,brake,accel] Physical time: 9884.14 
[sterr,brake,accel] LAG: 66.16 
----------------------------------------------------------
[DRIVER STATE] accel=0.28627450980392155 brake=0.0
----------------------------------------------------------
[DRIVER REACTION 1] Logical time: 9817.98 
[DRIVER REACTION 1] Physical time: 9884.44 
[DRIVER REACTION 1] LAG: 66.46 
----------------------------------------------------------
----------------------------------------------------------
[sterr,brake,accel] Logical time: 9849.83 
[sterr,brake,accel] Physical time: 9884.59 
[sterr,brake,accel] LAG: 34.75 
----------------------------------------------------------
[DRIVER STATE] accel=0.26666666666666666 brake=0.0
----------------------------------------------------------
[DRIVER REACTION 1] Logical time: 9849.83 
[DRIVER REACTION 1] Physical time: 9884.80 
[DRIVER REACTION 1] LAG: 34.96 
----------------------------------------------------------
----------------------------------------------------------
[sterr,brake,accel] Logical time: 9873.79 
[sterr,brake,accel] Physical time: 9884.93 
[sterr,brake,accel] LAG: 11.14 
----------------------------------------------------------
[DRIVER STATE] accel=0.27450980392156865 brake=0.0
----------------------------------------------------------
[DRIVER REACTION 1] Logical time: 9873.79 
[DRIVER REACTION 1] Physical time: 9885.14 
[DRIVER REACTION 1] LAG: 11.36 
----------------------------------------------------------
The event throttle: 0.27450980392156865
The event throttle: 0.27058823529411763
----------------------------------------------------------
[sterr,brake,accel] Logical time: 9897.83 
[sterr,brake,accel] Physical time: 9898.04 
[sterr,brake,accel] LAG: 0.20 
----------------------------------------------------------
[DRIVER STATE] accel=0.27058823529411763 brake=0.0
----------------------------------------------------------
[DRIVER REACTION 1] Logical time: 9897.83 
[DRIVER REACTION 1] Physical time: 9898.52 
[DRIVER REACTION 1] LAG: 0.69 
----------------------------------------------------------
----------------------------------------------------------
[DRIVER] Logical time: 9900.00 
[DRIVER] Physical time: 9900.28 
[DRIVER] LAG: 0.28 
----------------------------------------------------------
The event throttle: 0.27450980392156865
The event throttle: 0.2784313725490196
The event throttle: 0.27450980392156865
----------------------------------------------------------
[sterr,brake,accel] Logical time: 9921.82 
[sterr,brake,accel] Physical time: 9922.08 
[sterr,brake,accel] LAG: 0.26 
----------------------------------------------------------
[DRIVER STATE] accel=0.27450980392156865 brake=0.0
----------------------------------------------------------
[DRIVER REACTION 1] Logical time: 9921.82 
[DRIVER REACTION 1] Physical time: 9922.69 
[DRIVER REACTION 1] LAG: 0.87 
----------------------------------------------------------
The event throttle: 0.2784313725490196
The event throttle: 0.27450980392156865
The event throttle: 0.28627450980392155
----------------------------------------------------------
[sterr,brake,accel] Logical time: 9945.85 
[sterr,brake,accel] Physical time: 9946.12 
[sterr,brake,accel] LAG: 0.27 
----------------------------------------------------------
[DRIVER STATE] accel=0.28627450980392155 brake=0.0
----------------------------------------------------------
[DRIVER REACTION 1] Logical time: 9945.85 
[DRIVER REACTION 1] Physical time: 9946.82 
[DRIVER REACTION 1] LAG: 0.97 
----------------------------------------------------------
The event throttle: 0.27450980392156865
The event throttle: 0.27058823529411763
The event throttle: 0.27450980392156865
----------------------------------------------------------
[sterr,brake,accel] Logical time: 9969.82 
[sterr,brake,accel] Physical time: 9970.09 
[sterr,brake,accel] LAG: 0.26 
----------------------------------------------------------
[DRIVER STATE] accel=0.27450980392156865 brake=0.0
----------------------------------------------------------
[DRIVER REACTION 1] Logical time: 9969.82 
[DRIVER REACTION 1] Physical time: 9970.76 
[DRIVER REACTION 1] LAG: 0.94 
----------------------------------------------------------
The event throttle: 0.2784313725490196
The event throttle: 0.26666666666666666
[DEVICE READER CAM read] Physical time: 10004.43 
[DEVICE READER CAM read] LAG: 4.43 
----------------------------------------------------------
[DEVICE READER CAM TIMER] Logical time: 10000.00 
[DEVICE READER CAM TIMER] Physical time: 10004.66 
[DEVICE READER CAM TIMER] LAG: 4.66 
----------------------------------------------------------
----------------------------------------------------------
[DRIVER] Logical time: 10000.00 
[DRIVER] Physical time: 10005.31 
[DRIVER] LAG: 5.31 
----------------------------------------------------------
----------------------------------------------------------
[sterr,brake,accel] Logical time: 10002.10 
[sterr,brake,accel] Physical time: 10006.80 
[sterr,brake,accel] LAG: 4.71 
----------------------------------------------------------
[DRIVER STATE] accel=0.26666666666666666 brake=0.0
----------------------------------------------------------
[DRIVER REACTION 1] Logical time: 10002.10 
[DRIVER REACTION 1] Physical time: 10007.13 
[DRIVER REACTION 1] LAG: 5.03 
----------------------------------------------------------
The event throttle: 0.2823529411764706
The event throttle: 0.2784313725490196
----------------------------------------------------------
[sterr,brake,accel] Logical time: 10025.82 
[sterr,brake,accel] Physical time: 10025.96 
[sterr,brake,accel] LAG: 0.14 
----------------------------------------------------------
[DRIVER STATE] accel=0.2784313725490196 brake=0.0
----------------------------------------------------------
[DRIVER REACTION 1] Logical time: 10025.82 
[DRIVER REACTION 1] Physical time: 10026.20 
[DRIVER REACTION 1] LAG: 0.38 
----------------------------------------------------------
The event throttle: 0.27450980392156865
The event throttle: 0.2784313725490196
----------------------------------------------------------
[sterr,brake,accel] Logical time: 10049.84 
[sterr,brake,accel] Physical time: 10049.99 
[sterr,brake,accel] LAG: 0.14 
----------------------------------------------------------
[DRIVER STATE] accel=0.2784313725490196 brake=0.0
----------------------------------------------------------
[DRIVER REACTION 1] Logical time: 10049.84 
[DRIVER REACTION 1] Physical time: 10050.27 
[DRIVER REACTION 1] LAG: 0.42 
----------------------------------------------------------
The event throttle: 0.27450980392156865
The event throttle: 0.2823529411764706
The event throttle: 0.27450980392156865
----------------------------------------------------------
[sterr,brake,accel] Logical time: 10073.83 
[sterr,brake,accel] Physical time: 10073.98 
[sterr,brake,accel] LAG: 0.15 
----------------------------------------------------------
[DRIVER STATE] accel=0.27450980392156865 brake=0.0
----------------------------------------------------------
[DRIVER REACTION 1] Logical time: 10073.83 
[DRIVER REACTION 1] Physical time: 10074.33 
[DRIVER REACTION 1] LAG: 0.50 
----------------------------------------------------------
The event throttle: 0.27058823529411763
The event throttle: 0.27450980392156865
The event throttle: 0.2823529411764706
----------------------------------------------------------
[sterr,brake,accel] Logical time: 10097.87 
[sterr,brake,accel] Physical time: 10098.04 
[sterr,brake,accel] LAG: 0.16 
----------------------------------------------------------
[DRIVER STATE] accel=0.2823529411764706 brake=0.0
----------------------------------------------------------
[DRIVER REACTION 1] Logical time: 10097.87 
[DRIVER REACTION 1] Physical time: 10098.44 
[DRIVER REACTION 1] LAG: 0.56 
----------------------------------------------------------
----------------------------------------------------------
[DRIVER] Logical time: 10100.00 
[DRIVER] Physical time: 10100.20 
[DRIVER] LAG: 0.20 
----------------------------------------------------------
The event throttle: 0.27450980392156865
The event throttle: 0.27058823529411763
----------------------------------------------------------
[sterr,brake,accel] Logical time: 10130.00 
[sterr,brake,accel] Physical time: 10130.36 
[sterr,brake,accel] LAG: 0.36 
----------------------------------------------------------
[DRIVER STATE] accel=0.27058823529411763 brake=0.0
----------------------------------------------------------
[DRIVER REACTION 1] Logical time: 10130.00 
[DRIVER REACTION 1] Physical time: 10131.10 
[DRIVER REACTION 1] LAG: 1.10 
----------------------------------------------------------
The event throttle: 0.27450980392156865
The event throttle: 0.2823529411764706
The event throttle: 0.27450980392156865
----------------------------------------------------------
[sterr,brake,accel] Logical time: 10153.90 
[sterr,brake,accel] Physical time: 10154.14 
[sterr,brake,accel] LAG: 0.24 
----------------------------------------------------------
[DRIVER STATE] accel=0.27450980392156865 brake=0.0
----------------------------------------------------------
[DRIVER REACTION 1] Logical time: 10153.90 
[DRIVER REACTION 1] Physical time: 10154.74 
[DRIVER REACTION 1] LAG: 0.84 
----------------------------------------------------------
The event throttle: 0.2784313725490196
The event throttle: 0.27450980392156865
----------------------------------------------------------
[sterr,brake,accel] Logical time: 10177.83 
[sterr,brake,accel] Physical time: 10178.06 
[sterr,brake,accel] LAG: 0.23 
----------------------------------------------------------
[DRIVER STATE] accel=0.27450980392156865 brake=0.0
----------------------------------------------------------
[DRIVER REACTION 1] Logical time: 10177.83 
[DRIVER REACTION 1] Physical time: 10178.62 
[DRIVER REACTION 1] LAG: 0.79 
----------------------------------------------------------
The event throttle: 0.2784313725490196
The event throttle: 0.27450980392156865
[DEVICE READER CAM read] Physical time: 10204.45 
[DEVICE READER CAM read] LAG: 4.45 
----------------------------------------------------------
[DEVICE READER CAM TIMER] Logical time: 10200.00 
[DEVICE READER CAM TIMER] Physical time: 10204.68 
[DEVICE READER CAM TIMER] LAG: 4.68 
----------------------------------------------------------
----------------------------------------------------------
[DRIVER] Logical time: 10200.00 
[DRIVER] Physical time: 10205.31 
[DRIVER] LAG: 5.31 
----------------------------------------------------------
----------------------------------------------------------
[sterr,brake,accel] Logical time: 10202.05 
[sterr,brake,accel] Physical time: 10206.73 
[sterr,brake,accel] LAG: 4.68 
----------------------------------------------------------
[DRIVER STATE] accel=0.27450980392156865 brake=0.0
----------------------------------------------------------
[DRIVER REACTION 1] Logical time: 10202.05 
[DRIVER REACTION 1] Physical time: 10207.09 
[DRIVER REACTION 1] LAG: 5.04 
----------------------------------------------------------
The event throttle: 0.2784313725490196
The event throttle: 0.26666666666666666
The event throttle: 0.2784313725490196
----------------------------------------------------------
[sterr,brake,accel] Logical time: 10225.75 
[sterr,brake,accel] Physical time: 10225.83 
[sterr,brake,accel] LAG: 0.08 
----------------------------------------------------------
[DRIVER STATE] accel=0.2784313725490196 brake=0.0
----------------------------------------------------------
[DRIVER REACTION 1] Logical time: 10225.75 
[DRIVER REACTION 1] Physical time: 10225.98 
[DRIVER REACTION 1] LAG: 0.24 
----------------------------------------------------------
The event throttle: 0.27450980392156865
The event throttle: 0.27058823529411763
----------------------------------------------------------
[sterr,brake,accel] Logical time: 10249.87 
[sterr,brake,accel] Physical time: 10250.02 
[sterr,brake,accel] LAG: 0.15 
----------------------------------------------------------
[DRIVER STATE] accel=0.27058823529411763 brake=0.0
----------------------------------------------------------
[DRIVER REACTION 1] Logical time: 10249.87 
[DRIVER REACTION 1] Physical time: 10250.39 
[DRIVER REACTION 1] LAG: 0.52 
----------------------------------------------------------
The event throttle: 0.2784313725490196
The event throttle: 0.2823529411764706
The event throttle: 0.2784313725490196
----------------------------------------------------------
[sterr,brake,accel] Logical time: 10273.86 
[sterr,brake,accel] Physical time: 10274.01 
[sterr,brake,accel] LAG: 0.15 
----------------------------------------------------------
[DRIVER STATE] accel=0.2784313725490196 brake=0.0
----------------------------------------------------------
[DRIVER REACTION 1] Logical time: 10273.86 
[DRIVER REACTION 1] Physical time: 10274.31 
[DRIVER REACTION 1] LAG: 0.46 
----------------------------------------------------------
The event throttle: 0.2823529411764706
----------------------------------------------------------
[sterr,brake,accel] Logical time: 10297.94 
[sterr,brake,accel] Physical time: 10298.07 
[sterr,brake,accel] LAG: 0.13 
----------------------------------------------------------
[DRIVER STATE] accel=0.2823529411764706 brake=0.0
----------------------------------------------------------
[DRIVER REACTION 1] Logical time: 10297.94 
[DRIVER REACTION 1] Physical time: 10298.42 
[DRIVER REACTION 1] LAG: 0.49 
----------------------------------------------------------
----------------------------------------------------------
[DRIVER] Logical time: 10300.00 
[DRIVER] Physical time: 10300.20 
[DRIVER] LAG: 0.20 
----------------------------------------------------------
The event throttle: 0.2901960784313726
----------------------------------------------------------
[sterr,brake,accel] Logical time: 10330.05 
[sterr,brake,accel] Physical time: 10330.35 
[sterr,brake,accel] LAG: 0.30 
----------------------------------------------------------
[DRIVER STATE] accel=0.2901960784313726 brake=0.0
----------------------------------------------------------
[DRIVER REACTION 1] Logical time: 10330.05 
[DRIVER REACTION 1] Physical time: 10330.97 
[DRIVER REACTION 1] LAG: 0.91 
----------------------------------------------------------
The event throttle: 0.2823529411764706
The event throttle: 0.28627450980392155
----------------------------------------------------------
[sterr,brake,accel] Logical time: 10353.98 
[sterr,brake,accel] Physical time: 10354.29 
[sterr,brake,accel] LAG: 0.31 
----------------------------------------------------------
[DRIVER STATE] accel=0.28627450980392155 brake=0.0
----------------------------------------------------------
[DRIVER REACTION 1] Logical time: 10353.98 
[DRIVER REACTION 1] Physical time: 10354.85 
[DRIVER REACTION 1] LAG: 0.87 
----------------------------------------------------------
The event throttle: 0.2901960784313726
----------------------------------------------------------
[sterr,brake,accel] Logical time: 10385.99 
[sterr,brake,accel] Physical time: 10386.30 
[sterr,brake,accel] LAG: 0.31 
----------------------------------------------------------
[DRIVER STATE] accel=0.2901960784313726 brake=0.0
----------------------------------------------------------
[DRIVER REACTION 1] Logical time: 10385.99 
[DRIVER REACTION 1] Physical time: 10386.91 
[DRIVER REACTION 1] LAG: 0.91 
----------------------------------------------------------
[DEVICE READER CAM read] Physical time: 10404.39 
[DEVICE READER CAM read] LAG: 4.39 
----------------------------------------------------------
[DEVICE READER CAM TIMER] Logical time: 10400.00 
[DEVICE READER CAM TIMER] Physical time: 10404.62 
[DEVICE READER CAM TIMER] LAG: 4.62 
----------------------------------------------------------
----------------------------------------------------------
[DRIVER] Logical time: 10400.00 
[DRIVER] Physical time: 10405.21 
[DRIVER] LAG: 5.21 
----------------------------------------------------------
The event throttle: 0.29411764705882354
----------------------------------------------------------
[sterr,brake,accel] Logical time: 10410.03 
[sterr,brake,accel] Physical time: 10410.34 
[sterr,brake,accel] LAG: 0.31 
----------------------------------------------------------
[DRIVER STATE] accel=0.29411764705882354 brake=0.0
----------------------------------------------------------
[DRIVER REACTION 1] Logical time: 10410.03 
[DRIVER REACTION 1] Physical time: 10410.80 
[DRIVER REACTION 1] LAG: 0.77 
----------------------------------------------------------
The event throttle: 0.30196078431372547
The event throttle: 0.29411764705882354
The event throttle: 0.2901960784313726
----------------------------------------------------------
[sterr,brake,accel] Logical time: 10433.86 
[sterr,brake,accel] Physical time: 10434.09 
[sterr,brake,accel] LAG: 0.23 
----------------------------------------------------------
[DRIVER STATE] accel=0.2901960784313726 brake=0.0
----------------------------------------------------------
[DRIVER REACTION 1] Logical time: 10433.86 
[DRIVER REACTION 1] Physical time: 10434.68 
[DRIVER REACTION 1] LAG: 0.82 
----------------------------------------------------------
The event throttle: 0.29411764705882354
The event throttle: 0.3058823529411765
The event throttle: 0.30980392156862746
----------------------------------------------------------
[sterr,brake,accel] Logical time: 10457.93 
[sterr,brake,accel] Physical time: 10458.17 
[sterr,brake,accel] LAG: 0.24 
----------------------------------------------------------
[DRIVER STATE] accel=0.30980392156862746 brake=0.0
----------------------------------------------------------
[DRIVER REACTION 1] Logical time: 10457.93 
[DRIVER REACTION 1] Physical time: 10458.78 
[DRIVER REACTION 1] LAG: 0.85 
----------------------------------------------------------
The event throttle: 0.3215686274509804
The event throttle: 0.3137254901960784
The event throttle: 0.30980392156862746
----------------------------------------------------------
[sterr,brake,accel] Logical time: 10481.90 
[sterr,brake,accel] Physical time: 10482.15 
[sterr,brake,accel] LAG: 0.25 
----------------------------------------------------------
[DRIVER STATE] accel=0.30980392156862746 brake=0.0
----------------------------------------------------------
[DRIVER REACTION 1] Logical time: 10481.90 
[DRIVER REACTION 1] Physical time: 10482.79 
[DRIVER REACTION 1] LAG: 0.89 
----------------------------------------------------------
The event throttle: 0.3137254901960784
----------------------------------------------------------
[DRIVER] Logical time: 10500.00 
[DRIVER] Physical time: 10500.41 
[DRIVER] LAG: 0.41 
----------------------------------------------------------
The event throttle: 0.3176470588235294
----------------------------------------------------------
[sterr,brake,accel] Logical time: 10514.05 
[sterr,brake,accel] Physical time: 10514.21 
[sterr,brake,accel] LAG: 0.16 
----------------------------------------------------------
[DRIVER STATE] accel=0.3176470588235294 brake=0.0
----------------------------------------------------------
[DRIVER REACTION 1] Logical time: 10514.05 
[DRIVER REACTION 1] Physical time: 10514.55 
[DRIVER REACTION 1] LAG: 0.50 
----------------------------------------------------------
The event throttle: 0.3215686274509804
----------------------------------------------------------
[sterr,brake,accel] Logical time: 10562.13 
[sterr,brake,accel] Physical time: 10562.35 
[sterr,brake,accel] LAG: 0.22 
----------------------------------------------------------
[DRIVER STATE] accel=0.3215686274509804 brake=0.0
----------------------------------------------------------
[DRIVER REACTION 1] Logical time: 10562.13 
[DRIVER REACTION 1] Physical time: 10562.69 
[DRIVER REACTION 1] LAG: 0.56 
----------------------------------------------------------
[DEVICE READER CAM read] Physical time: 10604.39 
[DEVICE READER CAM read] LAG: 4.39 
----------------------------------------------------------
[DEVICE READER CAM TIMER] Logical time: 10600.00 
[DEVICE READER CAM TIMER] Physical time: 10604.62 
[DEVICE READER CAM TIMER] LAG: 4.62 
----------------------------------------------------------
----------------------------------------------------------
[DRIVER] Logical time: 10600.00 
[DRIVER] Physical time: 10604.82 
[DRIVER] LAG: 4.82 
----------------------------------------------------------
The event throttle: 0.3254901960784314
----------------------------------------------------------
[sterr,brake,accel] Logical time: 10618.05 
[sterr,brake,accel] Physical time: 10618.39 
[sterr,brake,accel] LAG: 0.34 
----------------------------------------------------------
[DRIVER STATE] accel=0.3254901960784314 brake=0.0
----------------------------------------------------------
[DRIVER REACTION 1] Logical time: 10618.05 
[DRIVER REACTION 1] Physical time: 10619.03 
[DRIVER REACTION 1] LAG: 0.98 
----------------------------------------------------------
The event throttle: 0.3215686274509804
----------------------------------------------------------
[sterr,brake,accel] Logical time: 10642.12 
[sterr,brake,accel] Physical time: 10642.49 
[sterr,brake,accel] LAG: 0.37 
----------------------------------------------------------
[DRIVER STATE] accel=0.3215686274509804 brake=0.0
----------------------------------------------------------
[DRIVER REACTION 1] Logical time: 10642.12 
[DRIVER REACTION 1] Physical time: 10643.12 
[DRIVER REACTION 1] LAG: 1.01 
----------------------------------------------------------
The event throttle: 0.3254901960784314
The event throttle: 0.3215686274509804
----------------------------------------------------------
[sterr,brake,accel] Logical time: 10665.92 
[sterr,brake,accel] Physical time: 10666.15 
[sterr,brake,accel] LAG: 0.23 
----------------------------------------------------------
[DRIVER STATE] accel=0.3215686274509804 brake=0.0
----------------------------------------------------------
[DRIVER REACTION 1] Logical time: 10665.92 
[DRIVER REACTION 1] Physical time: 10666.81 
[DRIVER REACTION 1] LAG: 0.89 
----------------------------------------------------------
The event throttle: 0.3254901960784314
The event throttle: 0.3215686274509804
----------------------------------------------------------
[sterr,brake,accel] Logical time: 10698.09 
[sterr,brake,accel] Physical time: 10698.41 
[sterr,brake,accel] LAG: 0.32 
----------------------------------------------------------
[DRIVER STATE] accel=0.3215686274509804 brake=0.0
----------------------------------------------------------
[DRIVER REACTION 1] Logical time: 10698.09 
[DRIVER REACTION 1] Physical time: 10699.02 
[DRIVER REACTION 1] LAG: 0.93 
----------------------------------------------------------
----------------------------------------------------------
[DRIVER] Logical time: 10700.00 
[DRIVER] Physical time: 10700.35 
[DRIVER] LAG: 0.35 
----------------------------------------------------------
The event throttle: 0.3254901960784314
The event throttle: 0.3215686274509804
The event throttle: 0.3254901960784314
----------------------------------------------------------
[sterr,brake,accel] Logical time: 10722.00 
[sterr,brake,accel] Physical time: 10722.15 
[sterr,brake,accel] LAG: 0.15 
----------------------------------------------------------
[DRIVER STATE] accel=0.3254901960784314 brake=0.0
----------------------------------------------------------
[DRIVER REACTION 1] Logical time: 10722.00 
[DRIVER REACTION 1] Physical time: 10722.47 
[DRIVER REACTION 1] LAG: 0.47 
----------------------------------------------------------
The event throttle: 0.3215686274509804
----------------------------------------------------------
[sterr,brake,accel] Logical time: 10746.03 
[sterr,brake,accel] Physical time: 10746.18 
[sterr,brake,accel] LAG: 0.14 
----------------------------------------------------------
[DRIVER STATE] accel=0.3215686274509804 brake=0.0
----------------------------------------------------------
[DRIVER REACTION 1] Logical time: 10746.03 
[DRIVER REACTION 1] Physical time: 10746.48 
[DRIVER REACTION 1] LAG: 0.45 
----------------------------------------------------------
The event throttle: 0.3254901960784314
The event throttle: 0.3215686274509804
----------------------------------------------------------
[sterr,brake,accel] Logical time: 10786.01 
[sterr,brake,accel] Physical time: 10786.18 
[sterr,brake,accel] LAG: 0.18 
----------------------------------------------------------
[DRIVER STATE] accel=0.3215686274509804 brake=0.0
----------------------------------------------------------
[DRIVER REACTION 1] Logical time: 10786.01 
[DRIVER REACTION 1] Physical time: 10786.61 
[DRIVER REACTION 1] LAG: 0.60 
----------------------------------------------------------
The event throttle: 0.3254901960784314
[DEVICE READER CAM read] Physical time: 10804.49 
[DEVICE READER CAM read] LAG: 4.49 
----------------------------------------------------------
[DEVICE READER CAM TIMER] Logical time: 10800.00 
[DEVICE READER CAM TIMER] Physical time: 10804.72 
[DEVICE READER CAM TIMER] LAG: 4.72 
----------------------------------------------------------
Faces: 0
The event throttle: 0.32941176470588235
The event throttle: 0.3254901960784314
The event throttle: 0.32941176470588235
The event throttle: 0.3254901960784314
Saved debug (no face)
----------------------------------------------------------
[FACE DETECTOR] Logical time: 10800.00 
[FACE DETECTOR] Physical time: 10873.46 
[FACE DETECTOR] LAG: 73.46 
----------------------------------------------------------
[DRIVER STATE] accel=0.3215686274509804 brake=0.0
----------------------------------------------------------
[DRIVER REACTION 1] Logical time: 10800.00 
[DRIVER REACTION 1] Physical time: 10873.64 
[DRIVER REACTION 1] LAG: 73.64 
----------------------------------------------------------
----------------------------------------------------------
[DRIVER] Logical time: 10800.00 
[DRIVER] Physical time: 10873.71 
[DRIVER] LAG: 73.71 
----------------------------------------------------------
The event throttle: 0.32941176470588235
----------------------------------------------------------
[sterr,brake,accel] Logical time: 10841.95 
[sterr,brake,accel] Physical time: 10874.46 
[sterr,brake,accel] LAG: 32.51 
----------------------------------------------------------
[DRIVER STATE] accel=0.32941176470588235 brake=0.0
----------------------------------------------------------
[DRIVER REACTION 1] Logical time: 10841.95 
[DRIVER REACTION 1] Physical time: 10874.75 
[DRIVER REACTION 1] LAG: 32.80 
----------------------------------------------------------
----------------------------------------------------------
[sterr,brake,accel] Logical time: 10865.92 
[sterr,brake,accel] Physical time: 10874.90 
[sterr,brake,accel] LAG: 8.98 
----------------------------------------------------------
[DRIVER STATE] accel=0.3254901960784314 brake=0.0
----------------------------------------------------------
[DRIVER REACTION 1] Logical time: 10865.92 
[DRIVER REACTION 1] Physical time: 10875.10 
[DRIVER REACTION 1] LAG: 9.18 
----------------------------------------------------------
----------------------------------------------------------
[DRIVER] Logical time: 10900.00 
[DRIVER] Physical time: 10900.42 
[DRIVER] LAG: 0.42 
----------------------------------------------------------
[DEVICE READER CAM read] Physical time: 11005.17 
[DEVICE READER CAM read] LAG: 5.17 
----------------------------------------------------------
[DEVICE READER CAM TIMER] Logical time: 11000.00 
[DEVICE READER CAM TIMER] Physical time: 11005.45 
[DEVICE READER CAM TIMER] LAG: 5.45 
----------------------------------------------------------
----------------------------------------------------------
[DRIVER] Logical time: 11000.00 
[DRIVER] Physical time: 11006.12 
[DRIVER] LAG: 6.12 
----------------------------------------------------------
The event throttle: 0.3254901960784314
----------------------------------------------------------
[sterr,brake,accel] Logical time: 11017.96 
[sterr,brake,accel] Physical time: 11018.04 
[sterr,brake,accel] LAG: 0.08 
----------------------------------------------------------
[DRIVER STATE] accel=0.3254901960784314 brake=0.0
----------------------------------------------------------
[DRIVER REACTION 1] Logical time: 11017.96 
[DRIVER REACTION 1] Physical time: 11018.27 
[DRIVER REACTION 1] LAG: 0.31 
----------------------------------------------------------
The event throttle: 0.32941176470588235
The event throttle: 0.3254901960784314
----------------------------------------------------------
[sterr,brake,accel] Logical time: 11042.07 
[sterr,brake,accel] Physical time: 11042.22 
[sterr,brake,accel] LAG: 0.16 
----------------------------------------------------------
[DRIVER STATE] accel=0.3254901960784314 brake=0.0
----------------------------------------------------------
[DRIVER REACTION 1] Logical time: 11042.07 
[DRIVER REACTION 1] Physical time: 11042.54 
[DRIVER REACTION 1] LAG: 0.47 
----------------------------------------------------------
The event throttle: 0.32941176470588235
The event throttle: 0.3254901960784314
----------------------------------------------------------
[DRIVER] Logical time: 11100.00 
[DRIVER] Physical time: 11100.34 
[DRIVER] LAG: 0.34 
----------------------------------------------------------
The event throttle: 0.32941176470588235
----------------------------------------------------------
[sterr,brake,accel] Logical time: 11106.11 
[sterr,brake,accel] Physical time: 11106.40 
[sterr,brake,accel] LAG: 0.28 
----------------------------------------------------------
[DRIVER STATE] accel=0.32941176470588235 brake=0.0
----------------------------------------------------------
[DRIVER REACTION 1] Logical time: 11106.11 
[DRIVER REACTION 1] Physical time: 11107.05 
[DRIVER REACTION 1] LAG: 0.94 
----------------------------------------------------------
The event throttle: 0.3254901960784314
The event throttle: 0.32941176470588235
----------------------------------------------------------
[sterr,brake,accel] Logical time: 11130.03 
[sterr,brake,accel] Physical time: 11130.35 
[sterr,brake,accel] LAG: 0.32 
----------------------------------------------------------
[DRIVER STATE] accel=0.32941176470588235 brake=0.0
----------------------------------------------------------
[DRIVER REACTION 1] Logical time: 11130.03 
[DRIVER REACTION 1] Physical time: 11130.97 
[DRIVER REACTION 1] LAG: 0.94 
----------------------------------------------------------
The event throttle: 0.3333333333333333
----------------------------------------------------------
[sterr,brake,accel] Logical time: 11194.13 
[sterr,brake,accel] Physical time: 11194.45 
[sterr,brake,accel] LAG: 0.32 
----------------------------------------------------------
[DRIVER STATE] accel=0.3333333333333333 brake=0.0
----------------------------------------------------------
[DRIVER REACTION 1] Logical time: 11194.13 
[DRIVER REACTION 1] Physical time: 11195.09 
[DRIVER REACTION 1] LAG: 0.96 
----------------------------------------------------------
The event throttle: 0.32941176470588235
[DEVICE READER CAM read] Physical time: 11204.46 
[DEVICE READER CAM read] LAG: 4.46 
----------------------------------------------------------
[DEVICE READER CAM TIMER] Logical time: 11200.00 
[DEVICE READER CAM TIMER] Physical time: 11204.69 
[DEVICE READER CAM TIMER] LAG: 4.69 
----------------------------------------------------------
----------------------------------------------------------
[DRIVER] Logical time: 11200.00 
[DRIVER] Physical time: 11205.29 
[DRIVER] LAG: 5.29 
----------------------------------------------------------
The event throttle: 0.3333333333333333
The event throttle: 0.33725490196078434
----------------------------------------------------------
[sterr,brake,accel] Logical time: 11282.18 
[sterr,brake,accel] Physical time: 11282.50 
[sterr,brake,accel] LAG: 0.31 
----------------------------------------------------------
[DRIVER STATE] accel=0.33725490196078434 brake=0.0
----------------------------------------------------------
[DRIVER REACTION 1] Logical time: 11282.18 
[DRIVER REACTION 1] Physical time: 11283.21 
[DRIVER REACTION 1] LAG: 1.02 
----------------------------------------------------------
The event throttle: 0.3333333333333333
----------------------------------------------------------
[DRIVER] Logical time: 11300.00 
[DRIVER] Physical time: 11300.39 
[DRIVER] LAG: 0.39 
----------------------------------------------------------
The event throttle: 0.33725490196078434
----------------------------------------------------------
[sterr,brake,accel] Logical time: 11330.14 
[sterr,brake,accel] Physical time: 11330.45 
[sterr,brake,accel] LAG: 0.30 
----------------------------------------------------------
[DRIVER STATE] accel=0.33725490196078434 brake=0.0
----------------------------------------------------------
[DRIVER REACTION 1] Logical time: 11330.14 
[DRIVER REACTION 1] Physical time: 11331.14 
[DRIVER REACTION 1] LAG: 1.00 
----------------------------------------------------------
The event throttle: 0.3333333333333333
----------------------------------------------------------
[sterr,brake,accel] Logical time: 11354.14 
[sterr,brake,accel] Physical time: 11354.41 
[sterr,brake,accel] LAG: 0.27 
----------------------------------------------------------
[DRIVER STATE] accel=0.3333333333333333 brake=0.0
----------------------------------------------------------
[DRIVER REACTION 1] Logical time: 11354.14 
[DRIVER REACTION 1] Physical time: 11354.88 
[DRIVER REACTION 1] LAG: 0.75 
----------------------------------------------------------
The event throttle: 0.33725490196078434
[DEVICE READER CAM read] Physical time: 11405.40 
[DEVICE READER CAM read] LAG: 5.40 
----------------------------------------------------------
[DEVICE READER CAM TIMER] Logical time: 11400.00 
[DEVICE READER CAM TIMER] Physical time: 11405.62 
[DEVICE READER CAM TIMER] LAG: 5.62 
----------------------------------------------------------
----------------------------------------------------------
[DRIVER] Logical time: 11400.00 
[DRIVER] Physical time: 11406.21 
[DRIVER] LAG: 6.21 
----------------------------------------------------------
The event throttle: 0.3333333333333333
----------------------------------------------------------
[sterr,brake,accel] Logical time: 11410.38 
[sterr,brake,accel] Physical time: 11410.52 
[sterr,brake,accel] LAG: 0.14 
----------------------------------------------------------
[DRIVER STATE] accel=0.3333333333333333 brake=0.0
----------------------------------------------------------
[DRIVER REACTION 1] Logical time: 11410.38 
[DRIVER REACTION 1] Physical time: 11410.82 
[DRIVER REACTION 1] LAG: 0.44 
----------------------------------------------------------
The event throttle: 0.33725490196078434
----------------------------------------------------------
[sterr,brake,accel] Logical time: 11458.17 
[sterr,brake,accel] Physical time: 11458.35 
[sterr,brake,accel] LAG: 0.18 
----------------------------------------------------------
[DRIVER STATE] accel=0.33725490196078434 brake=0.0
----------------------------------------------------------
[DRIVER REACTION 1] Logical time: 11458.17 
[DRIVER REACTION 1] Physical time: 11458.64 
[DRIVER REACTION 1] LAG: 0.47 
----------------------------------------------------------
The event throttle: 0.3333333333333333
The event throttle: 0.33725490196078434
The event throttle: 0.3333333333333333
----------------------------------------------------------
[sterr,brake,accel] Logical time: 11490.18 
[sterr,brake,accel] Physical time: 11490.41 
[sterr,brake,accel] LAG: 0.23 
----------------------------------------------------------
[DRIVER STATE] accel=0.3333333333333333 brake=0.0
----------------------------------------------------------
[DRIVER REACTION 1] Logical time: 11490.18 
[DRIVER REACTION 1] Physical time: 11490.68 
[DRIVER REACTION 1] LAG: 0.50 
----------------------------------------------------------
----------------------------------------------------------
[DRIVER] Logical time: 11500.00 
[DRIVER] Physical time: 11500.19 
[DRIVER] LAG: 0.19 
----------------------------------------------------------
The event throttle: 0.33725490196078434
----------------------------------------------------------
[sterr,brake,accel] Logical time: 11514.20 
[sterr,brake,accel] Physical time: 11514.46 
[sterr,brake,accel] LAG: 0.26 
----------------------------------------------------------
[DRIVER STATE] accel=0.33725490196078434 brake=0.0
----------------------------------------------------------
[DRIVER REACTION 1] Logical time: 11514.20 
[DRIVER REACTION 1] Physical time: 11515.04 
[DRIVER REACTION 1] LAG: 0.84 
----------------------------------------------------------
The event throttle: 0.3333333333333333
The event throttle: 0.33725490196078434
[DEVICE READER CAM read] Physical time: 11605.14 
[DEVICE READER CAM read] LAG: 5.14 
----------------------------------------------------------
[DEVICE READER CAM TIMER] Logical time: 11600.00 
[DEVICE READER CAM TIMER] Physical time: 11605.49 
[DEVICE READER CAM TIMER] LAG: 5.49 
----------------------------------------------------------
----------------------------------------------------------
[DRIVER] Logical time: 11600.00 
[DRIVER] Physical time: 11606.16 
[DRIVER] LAG: 6.16 
----------------------------------------------------------
The event throttle: 0.3333333333333333
----------------------------------------------------------
[sterr,brake,accel] Logical time: 11618.22 
[sterr,brake,accel] Physical time: 11618.58 
[sterr,brake,accel] LAG: 0.36 
----------------------------------------------------------
[DRIVER STATE] accel=0.3333333333333333 brake=0.0
----------------------------------------------------------
[DRIVER REACTION 1] Logical time: 11618.22 
[DRIVER REACTION 1] Physical time: 11619.22 
[DRIVER REACTION 1] LAG: 1.00 
----------------------------------------------------------
The event throttle: 0.33725490196078434
The event throttle: 0.3333333333333333
----------------------------------------------------------
[sterr,brake,accel] Logical time: 11642.11 
[sterr,brake,accel] Physical time: 11642.41 
[sterr,brake,accel] LAG: 0.30 
----------------------------------------------------------
[DRIVER STATE] accel=0.3333333333333333 brake=0.0
----------------------------------------------------------
[DRIVER REACTION 1] Logical time: 11642.11 
[DRIVER REACTION 1] Physical time: 11642.97 
[DRIVER REACTION 1] LAG: 0.86 
----------------------------------------------------------
The event throttle: 0.33725490196078434
The event throttle: 0.3333333333333333
The event throttle: 0.33725490196078434
----------------------------------------------------------
[sterr,brake,accel] Logical time: 11666.04 
[sterr,brake,accel] Physical time: 11666.31 
[sterr,brake,accel] LAG: 0.27 
----------------------------------------------------------
[DRIVER STATE] accel=0.33725490196078434 brake=0.0
----------------------------------------------------------
[DRIVER REACTION 1] Logical time: 11666.04 
[DRIVER REACTION 1] Physical time: 11666.97 
[DRIVER REACTION 1] LAG: 0.93 
----------------------------------------------------------
The event throttle: 0.3333333333333333
----------------------------------------------------------
[DRIVER] Logical time: 11700.00 
[DRIVER] Physical time: 11700.37 
[DRIVER] LAG: 0.37 
----------------------------------------------------------
The event throttle: 0.33725490196078434
----------------------------------------------------------
[sterr,brake,accel] Logical time: 11754.29 
[sterr,brake,accel] Physical time: 11754.57 
[sterr,brake,accel] LAG: 0.28 
----------------------------------------------------------
[DRIVER STATE] accel=0.33725490196078434 brake=0.0
----------------------------------------------------------
[DRIVER REACTION 1] Logical time: 11754.29 
[DRIVER REACTION 1] Physical time: 11755.18 
[DRIVER REACTION 1] LAG: 0.90 
----------------------------------------------------------
The event throttle: 0.3333333333333333
The event throttle: 0.33725490196078434
----------------------------------------------------------
[sterr,brake,accel] Logical time: 11778.10 
[sterr,brake,accel] Physical time: 11778.37 
[sterr,brake,accel] LAG: 0.27 
----------------------------------------------------------
[DRIVER STATE] accel=0.33725490196078434 brake=0.0
----------------------------------------------------------
[DRIVER REACTION 1] Logical time: 11778.10 
[DRIVER REACTION 1] Physical time: 11778.90 
[DRIVER REACTION 1] LAG: 0.79 
----------------------------------------------------------
The event throttle: 0.3333333333333333
[DEVICE READER CAM read] Physical time: 11804.63 
[DEVICE READER CAM read] LAG: 4.63 
----------------------------------------------------------
[DEVICE READER CAM TIMER] Logical time: 11800.00 
[DEVICE READER CAM TIMER] Physical time: 11804.86 
[DEVICE READER CAM TIMER] LAG: 4.86 
----------------------------------------------------------
Faces: 0
Saved debug (no face)
----------------------------------------------------------
[FACE DETECTOR] Logical time: 11800.00 
[FACE DETECTOR] Physical time: 11877.37 
[FACE DETECTOR] LAG: 77.37 
----------------------------------------------------------
[DRIVER STATE] accel=0.33725490196078434 brake=0.0
----------------------------------------------------------
[DRIVER REACTION 1] Logical time: 11800.00 
[DRIVER REACTION 1] Physical time: 11877.70 
[DRIVER REACTION 1] LAG: 77.70 
----------------------------------------------------------
----------------------------------------------------------
[DRIVER] Logical time: 11800.00 
[DRIVER] Physical time: 11877.84 
[DRIVER] LAG: 77.84 
----------------------------------------------------------
----------------------------------------------------------
[DRIVER] Logical time: 11900.00 
[DRIVER] Physical time: 11900.34 
[DRIVER] LAG: 0.34 
----------------------------------------------------------
[DEVICE READER CAM read] Physical time: 12005.61 
[DEVICE READER CAM read] LAG: 5.61 
----------------------------------------------------------
[DEVICE READER CAM TIMER] Logical time: 12000.00 
[DEVICE READER CAM TIMER] Physical time: 12005.92 
[DEVICE READER CAM TIMER] LAG: 5.92 
----------------------------------------------------------
----------------------------------------------------------
[DRIVER] Logical time: 12000.00 
[DRIVER] Physical time: 12006.66 
[DRIVER] LAG: 6.66 
----------------------------------------------------------
The event throttle: 0.32941176470588235
----------------------------------------------------------
[sterr,brake,accel] Logical time: 12050.32 
[sterr,brake,accel] Physical time: 12050.60 
[sterr,brake,accel] LAG: 0.28 
----------------------------------------------------------
[DRIVER STATE] accel=0.32941176470588235 brake=0.0
----------------------------------------------------------
[DRIVER REACTION 1] Logical time: 12050.32 
[DRIVER REACTION 1] Physical time: 12051.33 
[DRIVER REACTION 1] LAG: 1.01 
----------------------------------------------------------
The event throttle: 0.3333333333333333
----------------------------------------------------------
[DRIVER] Logical time: 12100.00 
[DRIVER] Physical time: 12100.40 
[DRIVER] LAG: 0.40 
----------------------------------------------------------
[DEVICE READER CAM read] Physical time: 12209.77 
[DEVICE READER CAM read] LAG: 9.77 
----------------------------------------------------------
[DEVICE READER CAM TIMER] Logical time: 12200.00 
[DEVICE READER CAM TIMER] Physical time: 12210.19 
[DEVICE READER CAM TIMER] LAG: 10.19 
----------------------------------------------------------
----------------------------------------------------------
[DRIVER] Logical time: 12200.00 
[DRIVER] Physical time: 12210.88 
[DRIVER] LAG: 10.88 
----------------------------------------------------------
The event throttle: 0.32941176470588235
----------------------------------------------------------
[sterr,brake,accel] Logical time: 12266.45 
[sterr,brake,accel] Physical time: 12266.77 
[sterr,brake,accel] LAG: 0.33 
----------------------------------------------------------
[DRIVER STATE] accel=0.32941176470588235 brake=0.0
----------------------------------------------------------
[DRIVER REACTION 1] Logical time: 12266.45 
[DRIVER REACTION 1] Physical time: 12267.64 
[DRIVER REACTION 1] LAG: 1.19 
----------------------------------------------------------
The event throttle: 0.3333333333333333
----------------------------------------------------------
[DRIVER] Logical time: 12300.00 
[DRIVER] Physical time: 12300.40 
[DRIVER] LAG: 0.40 
----------------------------------------------------------
[DEVICE READER CAM read] Physical time: 12404.35 
[DEVICE READER CAM read] LAG: 4.35 
----------------------------------------------------------
[DEVICE READER CAM TIMER] Logical time: 12400.00 
[DEVICE READER CAM TIMER] Physical time: 12404.59 
[DEVICE READER CAM TIMER] LAG: 4.59 
----------------------------------------------------------
----------------------------------------------------------
[DRIVER] Logical time: 12400.00 
[DRIVER] Physical time: 12404.79 
[DRIVER] LAG: 4.79 
----------------------------------------------------------
----------------------------------------------------------
[DRIVER] Logical time: 12500.00 
[DRIVER] Physical time: 12500.49 
[DRIVER] LAG: 0.49 
----------------------------------------------------------
The event throttle: 0.32941176470588235
----------------------------------------------------------
[sterr,brake,accel] Logical time: 12506.37 
[sterr,brake,accel] Physical time: 12506.63 
[sterr,brake,accel] LAG: 0.26 
----------------------------------------------------------
[DRIVER STATE] accel=0.32941176470588235 brake=0.0
----------------------------------------------------------
[DRIVER REACTION 1] Logical time: 12506.37 
[DRIVER REACTION 1] Physical time: 12507.35 
[DRIVER REACTION 1] LAG: 0.98 
----------------------------------------------------------
The event throttle: 0.3333333333333333
[DEVICE READER CAM read] Physical time: 12604.48 
[DEVICE READER CAM read] LAG: 4.48 
----------------------------------------------------------
[DEVICE READER CAM TIMER] Logical time: 12600.00 
[DEVICE READER CAM TIMER] Physical time: 12604.71 
[DEVICE READER CAM TIMER] LAG: 4.71 
----------------------------------------------------------
----------------------------------------------------------
[DRIVER] Logical time: 12600.00 
[DRIVER] Physical time: 12605.39 
[DRIVER] LAG: 5.39 
----------------------------------------------------------
The event throttle: 0.33725490196078434
----------------------------------------------------------
[sterr,brake,accel] Logical time: 12682.56 
[sterr,brake,accel] Physical time: 12682.90 
[sterr,brake,accel] LAG: 0.34 
----------------------------------------------------------
[DRIVER STATE] accel=0.33725490196078434 brake=0.0
----------------------------------------------------------
[DRIVER REACTION 1] Logical time: 12682.56 
[DRIVER REACTION 1] Physical time: 12683.76 
[DRIVER REACTION 1] LAG: 1.20 
----------------------------------------------------------
The event throttle: 0.3333333333333333
----------------------------------------------------------
[DRIVER] Logical time: 12700.00 
[DRIVER] Physical time: 12700.35 
[DRIVER] LAG: 0.35 
----------------------------------------------------------
The event throttle: 0.32941176470588235
----------------------------------------------------------
[sterr,brake,accel] Logical time: 12786.49 
[sterr,brake,accel] Physical time: 12786.78 
[sterr,brake,accel] LAG: 0.29 
----------------------------------------------------------
[DRIVER STATE] accel=0.32941176470588235 brake=0.0
----------------------------------------------------------
[DRIVER REACTION 1] Logical time: 12786.49 
[DRIVER REACTION 1] Physical time: 12787.46 
[DRIVER REACTION 1] LAG: 0.98 
----------------------------------------------------------
The event throttle: 0.3333333333333333
[DEVICE READER CAM read] Physical time: 12803.94 
[DEVICE READER CAM read] LAG: 3.94 
----------------------------------------------------------
[DEVICE READER CAM TIMER] Logical time: 12800.00 
[DEVICE READER CAM TIMER] Physical time: 12804.16 
[DEVICE READER CAM TIMER] LAG: 4.16 
----------------------------------------------------------
Faces: 0
Saved debug (no face)
----------------------------------------------------------
[FACE DETECTOR] Logical time: 12800.00 
[FACE DETECTOR] Physical time: 12877.11 
[FACE DETECTOR] LAG: 77.11 
----------------------------------------------------------
[DRIVER STATE] accel=0.32941176470588235 brake=0.0
----------------------------------------------------------
[DRIVER REACTION 1] Logical time: 12800.00 
[DRIVER REACTION 1] Physical time: 12877.48 
[DRIVER REACTION 1] LAG: 77.48 
----------------------------------------------------------
----------------------------------------------------------
[DRIVER] Logical time: 12800.00 
[DRIVER] Physical time: 12877.64 
[DRIVER] LAG: 77.64 
----------------------------------------------------------
----------------------------------------------------------
[DRIVER] Logical time: 12900.00 
[DRIVER] Physical time: 12900.42 
[DRIVER] LAG: 0.42 
----------------------------------------------------------
[DEVICE READER CAM read] Physical time: 13004.92 
[DEVICE READER CAM read] LAG: 4.92 
----------------------------------------------------------
[DEVICE READER CAM TIMER] Logical time: 13000.00 
[DEVICE READER CAM TIMER] Physical time: 13005.17 
[DEVICE READER CAM TIMER] LAG: 5.17 
----------------------------------------------------------
----------------------------------------------------------
[DRIVER] Logical time: 13000.00 
[DRIVER] Physical time: 13006.01 
[DRIVER] LAG: 6.01 
----------------------------------------------------------
The event throttle: 0.32941176470588235
----------------------------------------------------------
[sterr,brake,accel] Logical time: 13098.50 
[sterr,brake,accel] Physical time: 13098.79 
[sterr,brake,accel] LAG: 0.29 
----------------------------------------------------------
[DRIVER STATE] accel=0.32941176470588235 brake=0.0
----------------------------------------------------------
[DRIVER REACTION 1] Logical time: 13098.50 
[DRIVER REACTION 1] Physical time: 13099.60 
[DRIVER REACTION 1] LAG: 1.09 
----------------------------------------------------------
----------------------------------------------------------
[DRIVER] Logical time: 13100.00 
[DRIVER] Physical time: 13100.32 
[DRIVER] LAG: 0.32 
----------------------------------------------------------
The event throttle: 0.3333333333333333
The event throttle: 0.33725490196078434
----------------------------------------------------------
[sterr,brake,accel] Logical time: 13154.40 
[sterr,brake,accel] Physical time: 13154.65 
[sterr,brake,accel] LAG: 0.25 
----------------------------------------------------------
[DRIVER STATE] accel=0.33725490196078434 brake=0.0
----------------------------------------------------------
[DRIVER REACTION 1] Logical time: 13154.40 
[DRIVER REACTION 1] Physical time: 13155.18 
[DRIVER REACTION 1] LAG: 0.78 
----------------------------------------------------------
The event throttle: 0.3333333333333333
The event throttle: 0.33725490196078434
----------------------------------------------------------
[sterr,brake,accel] Logical time: 13178.33 
[sterr,brake,accel] Physical time: 13178.55 
[sterr,brake,accel] LAG: 0.22 
----------------------------------------------------------
[DRIVER STATE] accel=0.33725490196078434 brake=0.0
----------------------------------------------------------
[DRIVER REACTION 1] Logical time: 13178.33 
[DRIVER REACTION 1] Physical time: 13179.05 
[DRIVER REACTION 1] LAG: 0.72 
----------------------------------------------------------
[DEVICE READER CAM read] Physical time: 13207.29 
[DEVICE READER CAM read] LAG: 7.29 
----------------------------------------------------------
[DEVICE READER CAM TIMER] Logical time: 13200.00 
[DEVICE READER CAM TIMER] Physical time: 13207.49 
[DEVICE READER CAM TIMER] LAG: 7.49 
----------------------------------------------------------
----------------------------------------------------------
[DRIVER] Logical time: 13200.00 
[DRIVER] Physical time: 13208.20 
[DRIVER] LAG: 8.20 
----------------------------------------------------------
The event throttle: 0.3333333333333333
----------------------------------------------------------
[sterr,brake,accel] Logical time: 13274.47 
[sterr,brake,accel] Physical time: 13274.78 
[sterr,brake,accel] LAG: 0.31 
----------------------------------------------------------
[DRIVER STATE] accel=0.3333333333333333 brake=0.0
----------------------------------------------------------
[DRIVER REACTION 1] Logical time: 13274.47 
[DRIVER REACTION 1] Physical time: 13275.55 
[DRIVER REACTION 1] LAG: 1.08 
----------------------------------------------------------
The event throttle: 0.33725490196078434
The event throttle: 0.3333333333333333
----------------------------------------------------------
[sterr,brake,accel] Logical time: 13298.33 
[sterr,brake,accel] Physical time: 13298.61 
[sterr,brake,accel] LAG: 0.27 
----------------------------------------------------------
[DRIVER STATE] accel=0.3333333333333333 brake=0.0
----------------------------------------------------------
[DRIVER REACTION 1] Logical time: 13298.33 
[DRIVER REACTION 1] Physical time: 13299.33 
[DRIVER REACTION 1] LAG: 1.00 
----------------------------------------------------------
----------------------------------------------------------
[DRIVER] Logical time: 13300.00 
[DRIVER] Physical time: 13300.38 
[DRIVER] LAG: 0.38 
----------------------------------------------------------
The event throttle: 0.33725490196078434
The event throttle: 0.3333333333333333
----------------------------------------------------------
[sterr,brake,accel] Logical time: 13338.56 
[sterr,brake,accel] Physical time: 13338.90 
[sterr,brake,accel] LAG: 0.34 
----------------------------------------------------------
[DRIVER STATE] accel=0.3333333333333333 brake=0.0
----------------------------------------------------------
[DRIVER REACTION 1] Logical time: 13338.56 
[DRIVER REACTION 1] Physical time: 13339.99 
[DRIVER REACTION 1] LAG: 1.42 
----------------------------------------------------------
The event throttle: 0.33725490196078434
The event throttle: 0.3333333333333333
----------------------------------------------------------
[sterr,brake,accel] Logical time: 13362.39 
[sterr,brake,accel] Physical time: 13362.66 
[sterr,brake,accel] LAG: 0.27 
----------------------------------------------------------
[DRIVER STATE] accel=0.3333333333333333 brake=0.0
----------------------------------------------------------
[DRIVER REACTION 1] Logical time: 13362.39 
[DRIVER REACTION 1] Physical time: 13363.33 
[DRIVER REACTION 1] LAG: 0.93 
----------------------------------------------------------
The event throttle: 0.33725490196078434
----------------------------------------------------------
[sterr,brake,accel] Logical time: 13386.45 
[sterr,brake,accel] Physical time: 13386.70 
[sterr,brake,accel] LAG: 0.25 
----------------------------------------------------------
[DRIVER STATE] accel=0.33725490196078434 brake=0.0
----------------------------------------------------------
[DRIVER REACTION 1] Logical time: 13386.45 
[DRIVER REACTION 1] Physical time: 13387.33 
[DRIVER REACTION 1] LAG: 0.87 
----------------------------------------------------------
The event throttle: 0.3333333333333333
[DEVICE READER CAM read] Physical time: 13403.87 
[DEVICE READER CAM read] LAG: 3.87 
----------------------------------------------------------
[DEVICE READER CAM TIMER] Logical time: 13400.00 
[DEVICE READER CAM TIMER] Physical time: 13404.09 
[DEVICE READER CAM TIMER] LAG: 4.09 
----------------------------------------------------------
----------------------------------------------------------
[DRIVER] Logical time: 13400.00 
[DRIVER] Physical time: 13404.65 
[DRIVER] LAG: 4.65 
----------------------------------------------------------
The event throttle: 0.33725490196078434
----------------------------------------------------------
[sterr,brake,accel] Logical time: 13410.29 
[sterr,brake,accel] Physical time: 13410.47 
[sterr,brake,accel] LAG: 0.17 
----------------------------------------------------------
[DRIVER STATE] accel=0.33725490196078434 brake=0.0
----------------------------------------------------------
[DRIVER REACTION 1] Logical time: 13410.29 
[DRIVER REACTION 1] Physical time: 13410.86 
[DRIVER REACTION 1] LAG: 0.56 
----------------------------------------------------------
The event throttle: 0.3333333333333333
The event throttle: 0.33725490196078434
----------------------------------------------------------
[sterr,brake,accel] Logical time: 13450.39 
[sterr,brake,accel] Physical time: 13450.69 
[sterr,brake,accel] LAG: 0.30 
----------------------------------------------------------
[DRIVER STATE] accel=0.33725490196078434 brake=0.0
----------------------------------------------------------
[DRIVER REACTION 1] Logical time: 13450.39 
[DRIVER REACTION 1] Physical time: 13451.51 
[DRIVER REACTION 1] LAG: 1.12 
----------------------------------------------------------
The event throttle: 0.3333333333333333
----------------------------------------------------------
[sterr,brake,accel] Logical time: 13474.45 
[sterr,brake,accel] Physical time: 13474.71 
[sterr,brake,accel] LAG: 0.26 
----------------------------------------------------------
[DRIVER STATE] accel=0.3333333333333333 brake=0.0
----------------------------------------------------------
[DRIVER REACTION 1] Logical time: 13474.45 
[DRIVER REACTION 1] Physical time: 13475.32 
[DRIVER REACTION 1] LAG: 0.87 
----------------------------------------------------------
The event throttle: 0.33725490196078434
----------------------------------------------------------
[DRIVER] Logical time: 13500.00 
[DRIVER] Physical time: 13500.42 
[DRIVER] LAG: 0.42 
----------------------------------------------------------
[DEVICE READER CAM read] Physical time: 13604.44 
[DEVICE READER CAM read] LAG: 4.44 
----------------------------------------------------------
[DEVICE READER CAM TIMER] Logical time: 13600.00 
[DEVICE READER CAM TIMER] Physical time: 13604.67 
[DEVICE READER CAM TIMER] LAG: 4.67 
----------------------------------------------------------
----------------------------------------------------------
[DRIVER] Logical time: 13600.00 
[DRIVER] Physical time: 13605.35 
[DRIVER] LAG: 5.35 
----------------------------------------------------------
The event throttle: 0.3411764705882353
----------------------------------------------------------
[sterr,brake,accel] Logical time: 13674.52 
[sterr,brake,accel] Physical time: 13674.82 
[sterr,brake,accel] LAG: 0.31 
----------------------------------------------------------
[DRIVER STATE] accel=0.3411764705882353 brake=0.0
----------------------------------------------------------
[DRIVER REACTION 1] Logical time: 13674.52 
[DRIVER REACTION 1] Physical time: 13675.65 
[DRIVER REACTION 1] LAG: 1.13 
----------------------------------------------------------
The event throttle: 0.33725490196078434
----------------------------------------------------------
[sterr,brake,accel] Logical time: 13698.44 
[sterr,brake,accel] Physical time: 13698.69 
[sterr,brake,accel] LAG: 0.25 
----------------------------------------------------------
[DRIVER STATE] accel=0.33725490196078434 brake=0.0
----------------------------------------------------------
[DRIVER REACTION 1] Logical time: 13698.44 
[DRIVER REACTION 1] Physical time: 13699.44 
[DRIVER REACTION 1] LAG: 0.99 
----------------------------------------------------------
----------------------------------------------------------
[DRIVER] Logical time: 13700.00 
[DRIVER] Physical time: 13700.40 
[DRIVER] LAG: 0.40 
----------------------------------------------------------
The event throttle: 0.3411764705882353
The event throttle: 0.33725490196078434
The event throttle: 0.3411764705882353
----------------------------------------------------------
[sterr,brake,accel] Logical time: 13722.41 
[sterr,brake,accel] Physical time: 13722.58 
[sterr,brake,accel] LAG: 0.17 
----------------------------------------------------------
[DRIVER STATE] accel=0.3411764705882353 brake=0.0
----------------------------------------------------------
[DRIVER REACTION 1] Logical time: 13722.41 
[DRIVER REACTION 1] Physical time: 13722.93 
[DRIVER REACTION 1] LAG: 0.52 
----------------------------------------------------------
The event throttle: 0.34509803921568627
----------------------------------------------------------
[sterr,brake,accel] Logical time: 13746.46 
[sterr,brake,accel] Physical time: 13746.60 
[sterr,brake,accel] LAG: 0.14 
----------------------------------------------------------
[DRIVER STATE] accel=0.34509803921568627 brake=0.0
----------------------------------------------------------
[DRIVER REACTION 1] Logical time: 13746.46 
[DRIVER REACTION 1] Physical time: 13746.85 
[DRIVER REACTION 1] LAG: 0.39 
----------------------------------------------------------
The event throttle: 0.34901960784313724
----------------------------------------------------------
[sterr,brake,accel] Logical time: 13770.48 
[sterr,brake,accel] Physical time: 13770.64 
[sterr,brake,accel] LAG: 0.15 
----------------------------------------------------------
[DRIVER STATE] accel=0.34901960784313724 brake=0.0
----------------------------------------------------------
[DRIVER REACTION 1] Logical time: 13770.48 
[DRIVER REACTION 1] Physical time: 13770.92 
[DRIVER REACTION 1] LAG: 0.44 
----------------------------------------------------------
The event throttle: 0.35294117647058826
[DEVICE READER CAM read] Physical time: 13804.75 
[DEVICE READER CAM read] LAG: 4.75 
----------------------------------------------------------
[DEVICE READER CAM TIMER] Logical time: 13800.00 
[DEVICE READER CAM TIMER] Physical time: 13804.98 
[DEVICE READER CAM TIMER] LAG: 4.98 
----------------------------------------------------------
The event throttle: 0.3568627450980392
The event throttle: 0.3607843137254902
Faces: 0
The event throttle: 0.36470588235294116
The event throttle: 0.37254901960784315
The event throttle: 0.3686274509803922
Saved debug (no face)
----------------------------------------------------------
[FACE DETECTOR] Logical time: 13800.00 
[FACE DETECTOR] Physical time: 13874.98 
[FACE DETECTOR] LAG: 74.98 
----------------------------------------------------------
[DRIVER STATE] accel=0.34901960784313724 brake=0.0
----------------------------------------------------------
[DRIVER REACTION 1] Logical time: 13800.00 
[DRIVER REACTION 1] Physical time: 13875.18 
[DRIVER REACTION 1] LAG: 75.18 
----------------------------------------------------------
----------------------------------------------------------
[DRIVER] Logical time: 13800.00 
[DRIVER] Physical time: 13875.28 
[DRIVER] LAG: 75.28 
----------------------------------------------------------
----------------------------------------------------------
[sterr,brake,accel] Logical time: 13810.59 
[sterr,brake,accel] Physical time: 13875.94 
[sterr,brake,accel] LAG: 65.35 
----------------------------------------------------------
[DRIVER STATE] accel=0.3568627450980392 brake=0.0
----------------------------------------------------------
[DRIVER REACTION 1] Logical time: 13810.59 
[DRIVER REACTION 1] Physical time: 13876.29 
[DRIVER REACTION 1] LAG: 65.70 
----------------------------------------------------------
----------------------------------------------------------
[sterr,brake,accel] Logical time: 13850.35 
[sterr,brake,accel] Physical time: 13876.50 
[sterr,brake,accel] LAG: 26.15 
----------------------------------------------------------
[DRIVER STATE] accel=0.36470588235294116 brake=0.0
----------------------------------------------------------
[DRIVER REACTION 1] Logical time: 13850.35 
[DRIVER REACTION 1] Physical time: 13876.76 
[DRIVER REACTION 1] LAG: 26.42 
----------------------------------------------------------
----------------------------------------------------------
[sterr,brake,accel] Logical time: 13874.37 
[sterr,brake,accel] Physical time: 13876.95 
[sterr,brake,accel] LAG: 2.58 
----------------------------------------------------------
[DRIVER STATE] accel=0.3686274509803922 brake=0.0
----------------------------------------------------------
[DRIVER REACTION 1] Logical time: 13874.37 
[DRIVER REACTION 1] Physical time: 13877.18 
[DRIVER REACTION 1] LAG: 2.82 
----------------------------------------------------------
----------------------------------------------------------
[DRIVER] Logical time: 13900.00 
[DRIVER] Physical time: 13900.42 
[DRIVER] LAG: 0.42 
----------------------------------------------------------
The event throttle: 0.37254901960784315
----------------------------------------------------------
[sterr,brake,accel] Logical time: 13906.59 
[sterr,brake,accel] Physical time: 13906.74 
[sterr,brake,accel] LAG: 0.14 
----------------------------------------------------------
[DRIVER STATE] accel=0.37254901960784315 brake=0.0
----------------------------------------------------------
[DRIVER REACTION 1] Logical time: 13906.59 
[DRIVER REACTION 1] Physical time: 13907.03 
[DRIVER REACTION 1] LAG: 0.43 
----------------------------------------------------------
The event throttle: 0.3764705882352941
The event throttle: 0.3843137254901961
----------------------------------------------------------
[sterr,brake,accel] Logical time: 13938.47 
[sterr,brake,accel] Physical time: 13938.63 
[sterr,brake,accel] LAG: 0.16 
----------------------------------------------------------
[DRIVER STATE] accel=0.3843137254901961 brake=0.0
----------------------------------------------------------
[DRIVER REACTION 1] Logical time: 13938.47 
[DRIVER REACTION 1] Physical time: 13938.92 
[DRIVER REACTION 1] LAG: 0.45 
----------------------------------------------------------
The event throttle: 0.396078431372549
The event throttle: 0.4
----------------------------------------------------------
[sterr,brake,accel] Logical time: 13962.48 
[sterr,brake,accel] Physical time: 13962.64 
[sterr,brake,accel] LAG: 0.16 
----------------------------------------------------------
[DRIVER STATE] accel=0.4 brake=0.0
----------------------------------------------------------
[DRIVER REACTION 1] Logical time: 13962.48 
[DRIVER REACTION 1] Physical time: 13962.98 
[DRIVER REACTION 1] LAG: 0.50 
----------------------------------------------------------
The event throttle: 0.403921568627451
The event throttle: 0.40784313725490196
----------------------------------------------------------
[sterr,brake,accel] Logical time: 13994.48 
[sterr,brake,accel] Physical time: 13994.63 
[sterr,brake,accel] LAG: 0.16 
----------------------------------------------------------
[DRIVER STATE] accel=0.40784313725490196 brake=0.0
----------------------------------------------------------
[DRIVER REACTION 1] Logical time: 13994.48 
[DRIVER REACTION 1] Physical time: 13994.91 
[DRIVER REACTION 1] LAG: 0.43 
----------------------------------------------------------
The event throttle: 0.4117647058823529
[DEVICE READER CAM read] Physical time: 14004.36 
[DEVICE READER CAM read] LAG: 4.36 
----------------------------------------------------------
[DEVICE READER CAM TIMER] Logical time: 14000.00 
[DEVICE READER CAM TIMER] Physical time: 14004.57 
[DEVICE READER CAM TIMER] LAG: 4.57 
----------------------------------------------------------
----------------------------------------------------------
[DRIVER] Logical time: 14000.00 
[DRIVER] Physical time: 14004.84 
[DRIVER] LAG: 4.84 
----------------------------------------------------------
The event throttle: 0.41568627450980394
----------------------------------------------------------
[sterr,brake,accel] Logical time: 14026.50 
[sterr,brake,accel] Physical time: 14026.76 
[sterr,brake,accel] LAG: 0.26 
----------------------------------------------------------
[DRIVER STATE] accel=0.41568627450980394 brake=0.0
----------------------------------------------------------
[DRIVER REACTION 1] Logical time: 14026.50 
[DRIVER REACTION 1] Physical time: 14027.42 
[DRIVER REACTION 1] LAG: 0.92 
----------------------------------------------------------
The event throttle: 0.4196078431372549
The event throttle: 0.4235294117647059
----------------------------------------------------------
[sterr,brake,accel] Logical time: 14058.46 
[sterr,brake,accel] Physical time: 14058.74 
[sterr,brake,accel] LAG: 0.27 
----------------------------------------------------------
[DRIVER STATE] accel=0.4235294117647059 brake=0.0
----------------------------------------------------------
[DRIVER REACTION 1] Logical time: 14058.46 
[DRIVER REACTION 1] Physical time: 14059.46 
[DRIVER REACTION 1] LAG: 0.99 
----------------------------------------------------------
The event throttle: 0.4196078431372549
The event throttle: 0.4235294117647059
----------------------------------------------------------
[DRIVER] Logical time: 14100.00 
[DRIVER] Physical time: 14100.45 
[DRIVER] LAG: 0.45 
----------------------------------------------------------
The event throttle: 0.42745098039215684
----------------------------------------------------------
[sterr,brake,accel] Logical time: 14106.55 
[sterr,brake,accel] Physical time: 14106.73 
[sterr,brake,accel] LAG: 0.18 
----------------------------------------------------------
[DRIVER STATE] accel=0.42745098039215684 brake=0.0
----------------------------------------------------------
[DRIVER REACTION 1] Logical time: 14106.55 
[DRIVER REACTION 1] Physical time: 14107.07 
[DRIVER REACTION 1] LAG: 0.52 
----------------------------------------------------------
The event throttle: 0.43137254901960786
The event throttle: 0.43529411764705883
----------------------------------------------------------
[sterr,brake,accel] Logical time: 14146.52 
[sterr,brake,accel] Physical time: 14146.71 
[sterr,brake,accel] LAG: 0.19 
----------------------------------------------------------
[DRIVER STATE] accel=0.43529411764705883 brake=0.0
----------------------------------------------------------
[DRIVER REACTION 1] Logical time: 14146.52 
[DRIVER REACTION 1] Physical time: 14147.05 
[DRIVER REACTION 1] LAG: 0.54 
----------------------------------------------------------
The event throttle: 0.4392156862745098
The event throttle: 0.44313725490196076
The event throttle: 0.4470588235294118
----------------------------------------------------------
[sterr,brake,accel] Logical time: 14170.42 
[sterr,brake,accel] Physical time: 14170.59 
[sterr,brake,accel] LAG: 0.16 
----------------------------------------------------------
[DRIVER STATE] accel=0.4470588235294118 brake=0.0
----------------------------------------------------------
[DRIVER REACTION 1] Logical time: 14170.42 
[DRIVER REACTION 1] Physical time: 14170.98 
[DRIVER REACTION 1] LAG: 0.56 
----------------------------------------------------------
The event throttle: 0.45098039215686275
The event throttle: 0.4588235294117647
The event throttle: 0.4666666666666667
[DEVICE READER CAM read] Physical time: 14204.73 
[DEVICE READER CAM read] LAG: 4.73 
----------------------------------------------------------
[DEVICE READER CAM TIMER] Logical time: 14200.00 
[DEVICE READER CAM TIMER] Physical time: 14204.95 
[DEVICE READER CAM TIMER] LAG: 4.95 
----------------------------------------------------------
----------------------------------------------------------
[DRIVER] Logical time: 14200.00 
[DRIVER] Physical time: 14205.15 
[DRIVER] LAG: 5.15 
----------------------------------------------------------
----------------------------------------------------------
[sterr,brake,accel] Logical time: 14202.63 
[sterr,brake,accel] Physical time: 14206.55 
[sterr,brake,accel] LAG: 3.92 
----------------------------------------------------------
[DRIVER STATE] accel=0.4666666666666667 brake=0.0
----------------------------------------------------------
[DRIVER REACTION 1] Logical time: 14202.63 
[DRIVER REACTION 1] Physical time: 14207.17 
[DRIVER REACTION 1] LAG: 4.54 
----------------------------------------------------------
The event throttle: 0.47058823529411764
The event throttle: 0.4745098039215686
----------------------------------------------------------
[sterr,brake,accel] Logical time: 14226.46 
[sterr,brake,accel] Physical time: 14226.67 
[sterr,brake,accel] LAG: 0.20 
----------------------------------------------------------
[DRIVER STATE] accel=0.4745098039215686 brake=0.0
----------------------------------------------------------
[DRIVER REACTION 1] Logical time: 14226.46 
[DRIVER REACTION 1] Physical time: 14227.11 
[DRIVER REACTION 1] LAG: 0.65 
----------------------------------------------------------
The event throttle: 0.47843137254901963
The event throttle: 0.4823529411764706
The event throttle: 0.48627450980392156
----------------------------------------------------------
[sterr,brake,accel] Logical time: 14258.55 
[sterr,brake,accel] Physical time: 14258.84 
[sterr,brake,accel] LAG: 0.29 
----------------------------------------------------------
[DRIVER STATE] accel=0.48627450980392156 brake=0.0
----------------------------------------------------------
[DRIVER REACTION 1] Logical time: 14258.55 
[DRIVER REACTION 1] Physical time: 14259.58 
[DRIVER REACTION 1] LAG: 1.04 
----------------------------------------------------------
The event throttle: 0.49019607843137253
The event throttle: 0.4980392156862745
----------------------------------------------------------
[sterr,brake,accel] Logical time: 14282.42 
[sterr,brake,accel] Physical time: 14282.66 
[sterr,brake,accel] LAG: 0.24 
----------------------------------------------------------
[DRIVER STATE] accel=0.4980392156862745 brake=0.0
----------------------------------------------------------
[DRIVER REACTION 1] Logical time: 14282.42 
[DRIVER REACTION 1] Physical time: 14283.31 
[DRIVER REACTION 1] LAG: 0.89 
----------------------------------------------------------
The event throttle: 0.5058823529411764
The event throttle: 0.5098039215686274
----------------------------------------------------------
[DRIVER] Logical time: 14300.00 
[DRIVER] Physical time: 14300.38 
[DRIVER] LAG: 0.38 
----------------------------------------------------------
The event throttle: 0.5137254901960784
----------------------------------------------------------
[sterr,brake,accel] Logical time: 14306.48 
[sterr,brake,accel] Physical time: 14306.72 
[sterr,brake,accel] LAG: 0.24 
----------------------------------------------------------
[DRIVER STATE] accel=0.5137254901960784 brake=0.0
----------------------------------------------------------
[DRIVER REACTION 1] Logical time: 14306.48 
[DRIVER REACTION 1] Physical time: 14307.35 
[DRIVER REACTION 1] LAG: 0.87 
----------------------------------------------------------
The event throttle: 0.5215686274509804
The event throttle: 0.5254901960784314
----------------------------------------------------------
[sterr,brake,accel] Logical time: 14330.49 
[sterr,brake,accel] Physical time: 14330.79 
[sterr,brake,accel] LAG: 0.30 
----------------------------------------------------------
[DRIVER STATE] accel=0.5254901960784314 brake=0.0
----------------------------------------------------------
[DRIVER REACTION 1] Logical time: 14330.49 
[DRIVER REACTION 1] Physical time: 14331.50 
[DRIVER REACTION 1] LAG: 1.01 
----------------------------------------------------------
The event throttle: 0.5333333333333333
The event throttle: 0.5372549019607843
----------------------------------------------------------
[sterr,brake,accel] Logical time: 14378.47 
[sterr,brake,accel] Physical time: 14378.75 
[sterr,brake,accel] LAG: 0.28 
----------------------------------------------------------
[DRIVER STATE] accel=0.5372549019607843 brake=0.0
----------------------------------------------------------
[DRIVER REACTION 1] Logical time: 14378.47 
[DRIVER REACTION 1] Physical time: 14379.44 
[DRIVER REACTION 1] LAG: 0.97 
----------------------------------------------------------
The event throttle: 0.5411764705882353
[DEVICE READER CAM read] Physical time: 14404.29 
[DEVICE READER CAM read] LAG: 4.29 
----------------------------------------------------------
[DEVICE READER CAM TIMER] Logical time: 14400.00 
[DEVICE READER CAM TIMER] Physical time: 14404.52 
[DEVICE READER CAM TIMER] LAG: 4.52 
----------------------------------------------------------
----------------------------------------------------------
[DRIVER] Logical time: 14400.00 
[DRIVER] Physical time: 14405.09 
[DRIVER] LAG: 5.09 
----------------------------------------------------------
The event throttle: 0.5490196078431373
----------------------------------------------------------
[sterr,brake,accel] Logical time: 14410.65 
[sterr,brake,accel] Physical time: 14410.90 
[sterr,brake,accel] LAG: 0.25 
----------------------------------------------------------
[DRIVER STATE] accel=0.5490196078431373 brake=0.0
----------------------------------------------------------
[DRIVER REACTION 1] Logical time: 14410.65 
[DRIVER REACTION 1] Physical time: 14411.57 
[DRIVER REACTION 1] LAG: 0.92 
----------------------------------------------------------
The event throttle: 0.5529411764705883
The event throttle: 0.5607843137254902
----------------------------------------------------------
[sterr,brake,accel] Logical time: 14434.43 
[sterr,brake,accel] Physical time: 14434.66 
[sterr,brake,accel] LAG: 0.23 
----------------------------------------------------------
[DRIVER STATE] accel=0.5607843137254902 brake=0.0
----------------------------------------------------------
[DRIVER REACTION 1] Logical time: 14434.43 
[DRIVER REACTION 1] Physical time: 14435.16 
[DRIVER REACTION 1] LAG: 0.72 
----------------------------------------------------------
The event throttle: 0.5647058823529412
The event throttle: 0.5686274509803921
The event throttle: 0.5725490196078431
----------------------------------------------------------
[sterr,brake,accel] Logical time: 14458.47 
[sterr,brake,accel] Physical time: 14458.73 
[sterr,brake,accel] LAG: 0.27 
----------------------------------------------------------
[DRIVER STATE] accel=0.5725490196078431 brake=0.0
----------------------------------------------------------
[DRIVER REACTION 1] Logical time: 14458.47 
[DRIVER REACTION 1] Physical time: 14459.42 
[DRIVER REACTION 1] LAG: 0.96 
----------------------------------------------------------
The event throttle: 0.5764705882352941
The event throttle: 0.5725490196078431
----------------------------------------------------------
[sterr,brake,accel] Logical time: 14482.43 
[sterr,brake,accel] Physical time: 14482.71 
[sterr,brake,accel] LAG: 0.27 
----------------------------------------------------------
[DRIVER STATE] accel=0.5725490196078431 brake=0.0
----------------------------------------------------------
[DRIVER REACTION 1] Logical time: 14482.43 
[DRIVER REACTION 1] Physical time: 14483.37 
[DRIVER REACTION 1] LAG: 0.94 
----------------------------------------------------------
The event throttle: 0.5764705882352941
----------------------------------------------------------
[DRIVER] Logical time: 14500.00 
[DRIVER] Physical time: 14500.41 
[DRIVER] LAG: 0.41 
----------------------------------------------------------
The event throttle: 0.5803921568627451
----------------------------------------------------------
[sterr,brake,accel] Logical time: 14514.51 
[sterr,brake,accel] Physical time: 14514.69 
[sterr,brake,accel] LAG: 0.18 
----------------------------------------------------------
[DRIVER STATE] accel=0.5803921568627451 brake=0.0
----------------------------------------------------------
[DRIVER REACTION 1] Logical time: 14514.51 
[DRIVER REACTION 1] Physical time: 14514.93 
[DRIVER REACTION 1] LAG: 0.42 
----------------------------------------------------------
The event throttle: 0.5764705882352941
The event throttle: 0.5803921568627451
The event throttle: 0.5764705882352941
----------------------------------------------------------
[sterr,brake,accel] Logical time: 14586.62 
[sterr,brake,accel] Physical time: 14586.81 
[sterr,brake,accel] LAG: 0.19 
----------------------------------------------------------
[DRIVER STATE] accel=0.5764705882352941 brake=0.0
----------------------------------------------------------
[DRIVER REACTION 1] Logical time: 14586.62 
[DRIVER REACTION 1] Physical time: 14587.15 
[DRIVER REACTION 1] LAG: 0.53 
----------------------------------------------------------
The event throttle: 0.5803921568627451
[DEVICE READER CAM read] Physical time: 14604.68 
[DEVICE READER CAM read] LAG: 4.68 
----------------------------------------------------------
[DEVICE READER CAM TIMER] Logical time: 14600.00 
[DEVICE READER CAM TIMER] Physical time: 14604.88 
[DEVICE READER CAM TIMER] LAG: 4.88 
----------------------------------------------------------
----------------------------------------------------------
[DRIVER] Logical time: 14600.00 
[DRIVER] Physical time: 14605.05 
[DRIVER] LAG: 5.05 
----------------------------------------------------------
The event throttle: 0.5764705882352941
----------------------------------------------------------
[sterr,brake,accel] Logical time: 14618.45 
[sterr,brake,accel] Physical time: 14618.63 
[sterr,brake,accel] LAG: 0.17 
----------------------------------------------------------
[DRIVER STATE] accel=0.5764705882352941 brake=0.0
----------------------------------------------------------
[DRIVER REACTION 1] Logical time: 14618.45 
[DRIVER REACTION 1] Physical time: 14619.04 
[DRIVER REACTION 1] LAG: 0.59 
----------------------------------------------------------
The event throttle: 0.5803921568627451
The event throttle: 0.5764705882352941
The event throttle: 0.5803921568627451
----------------------------------------------------------
[sterr,brake,accel] Logical time: 14642.64 
[sterr,brake,accel] Physical time: 14642.92 
[sterr,brake,accel] LAG: 0.29 
----------------------------------------------------------
[DRIVER STATE] accel=0.5803921568627451 brake=0.0
----------------------------------------------------------
[DRIVER REACTION 1] Logical time: 14642.64 
[DRIVER REACTION 1] Physical time: 14643.68 
[DRIVER REACTION 1] LAG: 1.04 
----------------------------------------------------------
The event throttle: 0.5764705882352941
----------------------------------------------------------
[sterr,brake,accel] Logical time: 14674.61 
[sterr,brake,accel] Physical time: 14674.89 
[sterr,brake,accel] LAG: 0.28 
----------------------------------------------------------
[DRIVER STATE] accel=0.5764705882352941 brake=0.0
----------------------------------------------------------
[DRIVER REACTION 1] Logical time: 14674.61 
[DRIVER REACTION 1] Physical time: 14675.60 
[DRIVER REACTION 1] LAG: 0.99 
----------------------------------------------------------
The event throttle: 0.5803921568627451
----------------------------------------------------------
[sterr,brake,accel] Logical time: 14698.62 
[sterr,brake,accel] Physical time: 14698.90 
[sterr,brake,accel] LAG: 0.28 
----------------------------------------------------------
[DRIVER STATE] accel=0.5803921568627451 brake=0.0
----------------------------------------------------------
[DRIVER REACTION 1] Logical time: 14698.62 
[DRIVER REACTION 1] Physical time: 14699.56 
[DRIVER REACTION 1] LAG: 0.94 
----------------------------------------------------------
----------------------------------------------------------
[DRIVER] Logical time: 14700.00 
[DRIVER] Physical time: 14700.39 
[DRIVER] LAG: 0.39 
----------------------------------------------------------
The event throttle: 0.5764705882352941
The event throttle: 0.5803921568627451
----------------------------------------------------------
[sterr,brake,accel] Logical time: 14722.45 
[sterr,brake,accel] Physical time: 14722.61 
[sterr,brake,accel] LAG: 0.16 
----------------------------------------------------------
[DRIVER STATE] accel=0.5803921568627451 brake=0.0
----------------------------------------------------------
[DRIVER REACTION 1] Logical time: 14722.45 
[DRIVER REACTION 1] Physical time: 14722.91 
[DRIVER REACTION 1] LAG: 0.46 
----------------------------------------------------------
The event throttle: 0.5764705882352941
The event throttle: 0.5803921568627451
----------------------------------------------------------
[sterr,brake,accel] Logical time: 14754.66 
[sterr,brake,accel] Physical time: 14754.85 
[sterr,brake,accel] LAG: 0.19 
----------------------------------------------------------
[DRIVER STATE] accel=0.5803921568627451 brake=0.0
----------------------------------------------------------
[DRIVER REACTION 1] Logical time: 14754.66 
[DRIVER REACTION 1] Physical time: 14755.18 
[DRIVER REACTION 1] LAG: 0.52 
----------------------------------------------------------
The event throttle: 0.5764705882352941
The event throttle: 0.5803921568627451
----------------------------------------------------------
[sterr,brake,accel] Logical time: 14778.51 
[sterr,brake,accel] Physical time: 14778.66 
[sterr,brake,accel] LAG: 0.15 
----------------------------------------------------------
[DRIVER STATE] accel=0.5803921568627451 brake=0.0
----------------------------------------------------------
[DRIVER REACTION 1] Logical time: 14778.51 
[DRIVER REACTION 1] Physical time: 14779.00 
[DRIVER REACTION 1] LAG: 0.49 
----------------------------------------------------------
The event throttle: 0.5764705882352941
The event throttle: 0.5803921568627451
[DEVICE READER CAM read] Physical time: 14803.99 
[DEVICE READER CAM read] LAG: 3.99 
----------------------------------------------------------
[DEVICE READER CAM TIMER] Logical time: 14800.00 
[DEVICE READER CAM TIMER] Physical time: 14804.20 
[DEVICE READER CAM TIMER] LAG: 4.20 
----------------------------------------------------------
The event throttle: 0.5764705882352941
The event throttle: 0.5803921568627451
Faces: 0
The event throttle: 0.5764705882352941
Saved debug (no face)
----------------------------------------------------------
[FACE DETECTOR] Logical time: 14800.00 
[FACE DETECTOR] Physical time: 14873.84 
[FACE DETECTOR] LAG: 73.84 
----------------------------------------------------------
[DRIVER STATE] accel=0.5803921568627451 brake=0.0
----------------------------------------------------------
[DRIVER REACTION 1] Logical time: 14800.00 
[DRIVER REACTION 1] Physical time: 14874.05 
[DRIVER REACTION 1] LAG: 74.05 
----------------------------------------------------------
----------------------------------------------------------
[DRIVER] Logical time: 14800.00 
[DRIVER] Physical time: 14874.11 
[DRIVER] LAG: 74.11 
----------------------------------------------------------
----------------------------------------------------------
[sterr,brake,accel] Logical time: 14810.68 
[sterr,brake,accel] Physical time: 14874.73 
[sterr,brake,accel] LAG: 64.06 
----------------------------------------------------------
[DRIVER STATE] accel=0.5764705882352941 brake=0.0
----------------------------------------------------------
[DRIVER REACTION 1] Logical time: 14810.68 
[DRIVER REACTION 1] Physical time: 14875.05 
[DRIVER REACTION 1] LAG: 64.37 
----------------------------------------------------------
----------------------------------------------------------
[sterr,brake,accel] Logical time: 14858.49 
[sterr,brake,accel] Physical time: 14875.19 
[sterr,brake,accel] LAG: 16.71 
----------------------------------------------------------
[DRIVER STATE] accel=0.5764705882352941 brake=0.0
----------------------------------------------------------
[DRIVER REACTION 1] Logical time: 14858.49 
[DRIVER REACTION 1] Physical time: 14875.51 
[DRIVER REACTION 1] LAG: 17.02 
----------------------------------------------------------
----------------------------------------------------------
[DRIVER] Logical time: 14900.00 
[DRIVER] Physical time: 14900.39 
[DRIVER] LAG: 0.39 
----------------------------------------------------------
The event throttle: 0.5803921568627451
----------------------------------------------------------
[sterr,brake,accel] Logical time: 14906.59 
[sterr,brake,accel] Physical time: 14906.73 
[sterr,brake,accel] LAG: 0.14 
----------------------------------------------------------
[DRIVER STATE] accel=0.5803921568627451 brake=0.0
----------------------------------------------------------
[DRIVER REACTION 1] Logical time: 14906.59 
[DRIVER REACTION 1] Physical time: 14907.04 
[DRIVER REACTION 1] LAG: 0.45 
----------------------------------------------------------
The event throttle: 0.5764705882352941
The event throttle: 0.5803921568627451
----------------------------------------------------------
[sterr,brake,accel] Logical time: 14946.68 
[sterr,brake,accel] Physical time: 14946.86 
[sterr,brake,accel] LAG: 0.18 
----------------------------------------------------------
[DRIVER STATE] accel=0.5803921568627451 brake=0.0
----------------------------------------------------------
[DRIVER REACTION 1] Logical time: 14946.68 
[DRIVER REACTION 1] Physical time: 14947.30 
[DRIVER REACTION 1] LAG: 0.62 
----------------------------------------------------------
The event throttle: 0.5764705882352941
The event throttle: 0.5803921568627451
----------------------------------------------------------
[sterr,brake,accel] Logical time: 14978.61 
[sterr,brake,accel] Physical time: 14978.78 
[sterr,brake,accel] LAG: 0.17 
----------------------------------------------------------
[DRIVER STATE] accel=0.5803921568627451 brake=0.0
----------------------------------------------------------
[DRIVER REACTION 1] Logical time: 14978.61 
[DRIVER REACTION 1] Physical time: 14979.10 
[DRIVER REACTION 1] LAG: 0.49 
----------------------------------------------------------
The event throttle: 0.5764705882352941
[DEVICE READER CAM read] Physical time: 15004.32 
[DEVICE READER CAM read] LAG: 4.32 
----------------------------------------------------------
[DEVICE READER CAM TIMER] Logical time: 15000.00 
[DEVICE READER CAM TIMER] Physical time: 15004.54 
[DEVICE READER CAM TIMER] LAG: 4.54 
----------------------------------------------------------
----------------------------------------------------------
[DRIVER] Logical time: 15000.00 
[DRIVER] Physical time: 15004.74 
[DRIVER] LAG: 4.74 
----------------------------------------------------------
The event throttle: 0.5803921568627451
----------------------------------------------------------
[sterr,brake,accel] Logical time: 15050.72 
[sterr,brake,accel] Physical time: 15050.98 
[sterr,brake,accel] LAG: 0.26 
----------------------------------------------------------
[DRIVER STATE] accel=0.5803921568627451 brake=0.0
----------------------------------------------------------
[DRIVER REACTION 1] Logical time: 15050.72 
[DRIVER REACTION 1] Physical time: 15051.70 
[DRIVER REACTION 1] LAG: 0.98 
----------------------------------------------------------
The event throttle: 0.5764705882352941
----------------------------------------------------------
[DRIVER] Logical time: 15100.00 
[DRIVER] Physical time: 15100.52 
[DRIVER] LAG: 0.52 
----------------------------------------------------------
The event throttle: 0.5803921568627451
----------------------------------------------------------
[sterr,brake,accel] Logical time: 15154.77 
[sterr,brake,accel] Physical time: 15155.05 
[sterr,brake,accel] LAG: 0.28 
----------------------------------------------------------
[DRIVER STATE] accel=0.5803921568627451 brake=0.0
----------------------------------------------------------
[DRIVER REACTION 1] Logical time: 15154.77 
[DRIVER REACTION 1] Physical time: 15155.74 
[DRIVER REACTION 1] LAG: 0.97 
----------------------------------------------------------
The event throttle: 0.5764705882352941
The event throttle: 0.5803921568627451
----------------------------------------------------------
[sterr,brake,accel] Logical time: 15178.62 
[sterr,brake,accel] Physical time: 15178.87 
[sterr,brake,accel] LAG: 0.25 
----------------------------------------------------------
[DRIVER STATE] accel=0.5803921568627451 brake=0.0
----------------------------------------------------------
[DRIVER REACTION 1] Logical time: 15178.62 
[DRIVER REACTION 1] Physical time: 15179.50 
[DRIVER REACTION 1] LAG: 0.88 
----------------------------------------------------------
[DEVICE READER CAM read] Physical time: 15206.96 
[DEVICE READER CAM read] LAG: 6.96 
----------------------------------------------------------
[DEVICE READER CAM TIMER] Logical time: 15200.00 
[DEVICE READER CAM TIMER] Physical time: 15207.18 
[DEVICE READER CAM TIMER] LAG: 7.18 
----------------------------------------------------------
----------------------------------------------------------
[DRIVER] Logical time: 15200.00 
[DRIVER] Physical time: 15207.77 
[DRIVER] LAG: 7.77 
----------------------------------------------------------
The event throttle: 0.5764705882352941
----------------------------------------------------------
[sterr,brake,accel] Logical time: 15210.64 
[sterr,brake,accel] Physical time: 15210.76 
[sterr,brake,accel] LAG: 0.12 
----------------------------------------------------------
[DRIVER STATE] accel=0.5764705882352941 brake=0.0
----------------------------------------------------------
[DRIVER REACTION 1] Logical time: 15210.64 
[DRIVER REACTION 1] Physical time: 15211.02 
[DRIVER REACTION 1] LAG: 0.38 
----------------------------------------------------------
The event throttle: 0.5803921568627451
The event throttle: 0.5764705882352941
----------------------------------------------------------
[sterr,brake,accel] Logical time: 15242.55 
[sterr,brake,accel] Physical time: 15242.69 
[sterr,brake,accel] LAG: 0.14 
----------------------------------------------------------
[DRIVER STATE] accel=0.5764705882352941 brake=0.0
----------------------------------------------------------
[DRIVER REACTION 1] Logical time: 15242.55 
[DRIVER REACTION 1] Physical time: 15242.94 
[DRIVER REACTION 1] LAG: 0.39 
----------------------------------------------------------
The event throttle: 0.5803921568627451
----------------------------------------------------------
[DRIVER] Logical time: 15300.00 
[DRIVER] Physical time: 15300.22 
[DRIVER] LAG: 0.22 
----------------------------------------------------------
[DEVICE READER CAM read] Physical time: 15404.50 
[DEVICE READER CAM read] LAG: 4.50 
----------------------------------------------------------
[DEVICE READER CAM TIMER] Logical time: 15400.00 
[DEVICE READER CAM TIMER] Physical time: 15404.74 
[DEVICE READER CAM TIMER] LAG: 4.74 
----------------------------------------------------------
----------------------------------------------------------
[DRIVER] Logical time: 15400.00 
[DRIVER] Physical time: 15405.39 
[DRIVER] LAG: 5.39 
----------------------------------------------------------
The event throttle: 0.5764705882352941
----------------------------------------------------------
[sterr,brake,accel] Logical time: 15418.56 
[sterr,brake,accel] Physical time: 15418.72 
[sterr,brake,accel] LAG: 0.17 
----------------------------------------------------------
[DRIVER STATE] accel=0.5764705882352941 brake=0.0
----------------------------------------------------------
[DRIVER REACTION 1] Logical time: 15418.56 
[DRIVER REACTION 1] Physical time: 15419.36 
[DRIVER REACTION 1] LAG: 0.80 
----------------------------------------------------------
The event throttle: 0.5803921568627451
The event throttle: 0.5764705882352941
----------------------------------------------------------
[sterr,brake,accel] Logical time: 15450.61 
[sterr,brake,accel] Physical time: 15450.88 
[sterr,brake,accel] LAG: 0.27 
----------------------------------------------------------
[DRIVER STATE] accel=0.5764705882352941 brake=0.0
----------------------------------------------------------
[DRIVER REACTION 1] Logical time: 15450.61 
[DRIVER REACTION 1] Physical time: 15451.59 
[DRIVER REACTION 1] LAG: 0.98 
----------------------------------------------------------
The event throttle: 0.5803921568627451
The event throttle: 0.5764705882352941
----------------------------------------------------------
[sterr,brake,accel] Logical time: 15474.59 
[sterr,brake,accel] Physical time: 15474.89 
[sterr,brake,accel] LAG: 0.29 
----------------------------------------------------------
[DRIVER STATE] accel=0.5764705882352941 brake=0.0
----------------------------------------------------------
[DRIVER REACTION 1] Logical time: 15474.59 
[DRIVER REACTION 1] Physical time: 15475.61 
[DRIVER REACTION 1] LAG: 1.01 
----------------------------------------------------------
The event throttle: 0.5803921568627451
----------------------------------------------------------
[DRIVER] Logical time: 15500.00 
[DRIVER] Physical time: 15500.36 
[DRIVER] LAG: 0.36 
----------------------------------------------------------
The event throttle: 0.5764705882352941
----------------------------------------------------------
[sterr,brake,accel] Logical time: 15506.66 
[sterr,brake,accel] Physical time: 15506.88 
[sterr,brake,accel] LAG: 0.22 
----------------------------------------------------------
[DRIVER STATE] accel=0.5764705882352941 brake=0.0
----------------------------------------------------------
[DRIVER REACTION 1] Logical time: 15506.66 
[DRIVER REACTION 1] Physical time: 15507.50 
[DRIVER REACTION 1] LAG: 0.84 
----------------------------------------------------------
The event throttle: 0.5803921568627451
----------------------------------------------------------
[sterr,brake,accel] Logical time: 15538.72 
[sterr,brake,accel] Physical time: 15539.01 
[sterr,brake,accel] LAG: 0.29 
----------------------------------------------------------
[DRIVER STATE] accel=0.5803921568627451 brake=0.0
----------------------------------------------------------
[DRIVER REACTION 1] Logical time: 15538.72 
[DRIVER REACTION 1] Physical time: 15539.70 
[DRIVER REACTION 1] LAG: 0.98 
----------------------------------------------------------
The event throttle: 0.5764705882352941
The event throttle: 0.5803921568627451
The event throttle: 0.5764705882352941
----------------------------------------------------------
[sterr,brake,accel] Logical time: 15578.63 
[sterr,brake,accel] Physical time: 15578.90 
[sterr,brake,accel] LAG: 0.28 
----------------------------------------------------------
[DRIVER STATE] accel=0.5764705882352941 brake=0.0
----------------------------------------------------------
[DRIVER REACTION 1] Logical time: 15578.63 
[DRIVER REACTION 1] Physical time: 15579.59 
[DRIVER REACTION 1] LAG: 0.96 
----------------------------------------------------------
[DEVICE READER CAM read] Physical time: 15604.29 
[DEVICE READER CAM read] LAG: 4.29 
----------------------------------------------------------
[DEVICE READER CAM TIMER] Logical time: 15600.00 
[DEVICE READER CAM TIMER] Physical time: 15604.52 
[DEVICE READER CAM TIMER] LAG: 4.52 
----------------------------------------------------------
----------------------------------------------------------
[DRIVER] Logical time: 15600.00 
[DRIVER] Physical time: 15605.11 
[DRIVER] LAG: 5.11 
----------------------------------------------------------
The event throttle: 0.5803921568627451
----------------------------------------------------------
[sterr,brake,accel] Logical time: 15610.73 
[sterr,brake,accel] Physical time: 15610.99 
[sterr,brake,accel] LAG: 0.26 
----------------------------------------------------------
[DRIVER STATE] accel=0.5803921568627451 brake=0.0
----------------------------------------------------------
[DRIVER REACTION 1] Logical time: 15610.73 
[DRIVER REACTION 1] Physical time: 15611.67 
[DRIVER REACTION 1] LAG: 0.94 
----------------------------------------------------------
The event throttle: 0.5764705882352941
The event throttle: 0.5803921568627451
----------------------------------------------------------
[sterr,brake,accel] Logical time: 15642.66 
[sterr,brake,accel] Physical time: 15642.92 
[sterr,brake,accel] LAG: 0.26 
----------------------------------------------------------
[DRIVER STATE] accel=0.5803921568627451 brake=0.0
----------------------------------------------------------
[DRIVER REACTION 1] Logical time: 15642.66 
[DRIVER REACTION 1] Physical time: 15643.61 
[DRIVER REACTION 1] LAG: 0.95 
----------------------------------------------------------
The event throttle: 0.5764705882352941
----------------------------------------------------------
[DRIVER] Logical time: 15700.00 
[DRIVER] Physical time: 15700.22 
[DRIVER] LAG: 0.22 
----------------------------------------------------------
The event throttle: 0.5803921568627451
----------------------------------------------------------
[sterr,brake,accel] Logical time: 15738.81 
[sterr,brake,accel] Physical time: 15739.09 
[sterr,brake,accel] LAG: 0.27 
----------------------------------------------------------
[DRIVER STATE] accel=0.5803921568627451 brake=0.0
----------------------------------------------------------
[DRIVER REACTION 1] Logical time: 15738.81 
[DRIVER REACTION 1] Physical time: 15739.80 
[DRIVER REACTION 1] LAG: 0.99 
----------------------------------------------------------
The event throttle: 0.5764705882352941
The event throttle: 0.5803921568627451
The event throttle: 0.5764705882352941
----------------------------------------------------------
[sterr,brake,accel] Logical time: 15762.64 
[sterr,brake,accel] Physical time: 15762.91 
[sterr,brake,accel] LAG: 0.27 
----------------------------------------------------------
[DRIVER STATE] accel=0.5764705882352941 brake=0.0
----------------------------------------------------------
[DRIVER REACTION 1] Logical time: 15762.64 
[DRIVER REACTION 1] Physical time: 15763.59 
[DRIVER REACTION 1] LAG: 0.96 
----------------------------------------------------------
[DEVICE READER CAM read] Physical time: 15804.49 
[DEVICE READER CAM read] LAG: 4.49 
----------------------------------------------------------
[DEVICE READER CAM TIMER] Logical time: 15800.00 
[DEVICE READER CAM TIMER] Physical time: 15804.71 
[DEVICE READER CAM TIMER] LAG: 4.71 
----------------------------------------------------------
Faces: 0
The event throttle: 0.5803921568627451
The event throttle: 0.5764705882352941
Saved debug (no face)
----------------------------------------------------------
[FACE DETECTOR] Logical time: 15800.00 
[FACE DETECTOR] Physical time: 15877.18 
[FACE DETECTOR] LAG: 77.18 
----------------------------------------------------------
[DRIVER STATE] accel=0.5764705882352941 brake=0.0
----------------------------------------------------------
[DRIVER REACTION 1] Logical time: 15800.00 
[DRIVER REACTION 1] Physical time: 15878.04 
[DRIVER REACTION 1] LAG: 78.04 
----------------------------------------------------------
----------------------------------------------------------
[DRIVER] Logical time: 15800.00 
[DRIVER] Physical time: 15878.18 
[DRIVER] LAG: 78.18 
----------------------------------------------------------
----------------------------------------------------------
[sterr,brake,accel] Logical time: 15842.62 
[sterr,brake,accel] Physical time: 15878.77 
[sterr,brake,accel] LAG: 36.15 
----------------------------------------------------------
[DRIVER STATE] accel=0.5803921568627451 brake=0.0
----------------------------------------------------------
[DRIVER REACTION 1] Logical time: 15842.62 
[DRIVER REACTION 1] Physical time: 15878.94 
[DRIVER REACTION 1] LAG: 36.32 
----------------------------------------------------------
----------------------------------------------------------
[DRIVER] Logical time: 15900.00 
[DRIVER] Physical time: 15900.33 
[DRIVER] LAG: 0.33 
----------------------------------------------------------
[DEVICE READER CAM read] Physical time: 16005.88 
[DEVICE READER CAM read] LAG: 5.88 
----------------------------------------------------------
[DEVICE READER CAM TIMER] Logical time: 16000.00 
[DEVICE READER CAM TIMER] Physical time: 16006.11 
[DEVICE READER CAM TIMER] LAG: 6.11 
----------------------------------------------------------
----------------------------------------------------------
[DRIVER] Logical time: 16000.00 
[DRIVER] Physical time: 16006.79 
[DRIVER] LAG: 6.79 
----------------------------------------------------------
The event throttle: 0.5803921568627451
----------------------------------------------------------
[sterr,brake,accel] Logical time: 16018.62 
[sterr,brake,accel] Physical time: 16018.79 
[sterr,brake,accel] LAG: 0.17 
----------------------------------------------------------
[DRIVER STATE] accel=0.5803921568627451 brake=0.0
----------------------------------------------------------
[DRIVER REACTION 1] Logical time: 16018.62 
[DRIVER REACTION 1] Physical time: 16019.19 
[DRIVER REACTION 1] LAG: 0.57 
----------------------------------------------------------
The event throttle: 0.5764705882352941
The event throttle: 0.5803921568627451
The event throttle: 0.5764705882352941
----------------------------------------------------------
[sterr,brake,accel] Logical time: 16042.61 
[sterr,brake,accel] Physical time: 16042.87 
[sterr,brake,accel] LAG: 0.26 
----------------------------------------------------------
[DRIVER STATE] accel=0.5764705882352941 brake=0.0
----------------------------------------------------------
[DRIVER REACTION 1] Logical time: 16042.61 
[DRIVER REACTION 1] Physical time: 16043.53 
[DRIVER REACTION 1] LAG: 0.92 
----------------------------------------------------------
----------------------------------------------------------
[DRIVER] Logical time: 16100.00 
[DRIVER] Physical time: 16100.44 
[DRIVER] LAG: 0.44 
----------------------------------------------------------
The event throttle: 0.5803921568627451
----------------------------------------------------------
[sterr,brake,accel] Logical time: 16154.81 
[sterr,brake,accel] Physical time: 16155.11 
[sterr,brake,accel] LAG: 0.30 
----------------------------------------------------------
[DRIVER STATE] accel=0.5803921568627451 brake=0.0
----------------------------------------------------------
[DRIVER REACTION 1] Logical time: 16154.81 
[DRIVER REACTION 1] Physical time: 16155.82 
[DRIVER REACTION 1] LAG: 1.01 
----------------------------------------------------------
The event throttle: 0.5764705882352941
[DEVICE READER CAM read] Physical time: 16207.82 
[DEVICE READER CAM read] LAG: 7.82 
----------------------------------------------------------
[DEVICE READER CAM TIMER] Logical time: 16200.00 
[DEVICE READER CAM TIMER] Physical time: 16208.04 
[DEVICE READER CAM TIMER] LAG: 8.04 
----------------------------------------------------------
----------------------------------------------------------
[DRIVER] Logical time: 16200.00 
[DRIVER] Physical time: 16208.62 
[DRIVER] LAG: 8.62 
----------------------------------------------------------
The event throttle: 0.5803921568627451
----------------------------------------------------------
[sterr,brake,accel] Logical time: 16210.67 
[sterr,brake,accel] Physical time: 16210.84 
[sterr,brake,accel] LAG: 0.17 
----------------------------------------------------------
[DRIVER STATE] accel=0.5803921568627451 brake=0.0
----------------------------------------------------------
[DRIVER REACTION 1] Logical time: 16210.67 
[DRIVER REACTION 1] Physical time: 16211.27 
[DRIVER REACTION 1] LAG: 0.60 
----------------------------------------------------------
The event throttle: 0.5764705882352941
The event throttle: 0.5803921568627451
----------------------------------------------------------
[sterr,brake,accel] Logical time: 16242.76 
[sterr,brake,accel] Physical time: 16243.03 
[sterr,brake,accel] LAG: 0.27 
----------------------------------------------------------
[DRIVER STATE] accel=0.5803921568627451 brake=0.0
----------------------------------------------------------
[DRIVER REACTION 1] Logical time: 16242.76 
[DRIVER REACTION 1] Physical time: 16243.69 
[DRIVER REACTION 1] LAG: 0.94 
----------------------------------------------------------
The event throttle: 0.5764705882352941
The event throttle: 0.5803921568627451
The event throttle: 0.5764705882352941
----------------------------------------------------------
[sterr,brake,accel] Logical time: 16266.67 
[sterr,brake,accel] Physical time: 16266.94 
[sterr,brake,accel] LAG: 0.27 
----------------------------------------------------------
[DRIVER STATE] accel=0.5764705882352941 brake=0.0
----------------------------------------------------------
[DRIVER REACTION 1] Logical time: 16266.67 
[DRIVER REACTION 1] Physical time: 16267.63 
[DRIVER REACTION 1] LAG: 0.96 
----------------------------------------------------------
The event throttle: 0.5803921568627451
The event throttle: 0.5882352941176471
The event throttle: 0.5764705882352941
----------------------------------------------------------
[sterr,brake,accel] Logical time: 16290.77 
[sterr,brake,accel] Physical time: 16291.04 
[sterr,brake,accel] LAG: 0.27 
----------------------------------------------------------
[DRIVER STATE] accel=0.5764705882352941 brake=0.0
----------------------------------------------------------
[DRIVER REACTION 1] Logical time: 16290.77 
[DRIVER REACTION 1] Physical time: 16291.67 
[DRIVER REACTION 1] LAG: 0.90 
----------------------------------------------------------
----------------------------------------------------------
[DRIVER] Logical time: 16300.00 
[DRIVER] Physical time: 16300.39 
[DRIVER] LAG: 0.39 
----------------------------------------------------------
The event throttle: 0.5607843137254902
[DEVICE READER CAM read] Physical time: 16405.04 
[DEVICE READER CAM read] LAG: 5.04 
----------------------------------------------------------
[DEVICE READER CAM TIMER] Logical time: 16400.00 
[DEVICE READER CAM TIMER] Physical time: 16405.36 
[DEVICE READER CAM TIMER] LAG: 5.36 
----------------------------------------------------------
----------------------------------------------------------
[DRIVER] Logical time: 16400.00 
[DRIVER] Physical time: 16405.99 
[DRIVER] LAG: 5.99 
----------------------------------------------------------
----------------------------------------------------------
[sterr,brake,accel] Logical time: 16403.02 
[sterr,brake,accel] Physical time: 16407.37 
[sterr,brake,accel] LAG: 4.35 
----------------------------------------------------------
[DRIVER STATE] accel=0.5607843137254902 brake=0.0
----------------------------------------------------------
[DRIVER REACTION 1] Logical time: 16403.02 
[DRIVER REACTION 1] Physical time: 16407.85 
[DRIVER REACTION 1] LAG: 4.83 
----------------------------------------------------------
The event throttle: 0.5764705882352941
The event throttle: 0.5686274509803921
The event throttle: 0.5764705882352941
----------------------------------------------------------
[sterr,brake,accel] Logical time: 16426.67 
[sterr,brake,accel] Physical time: 16426.87 
[sterr,brake,accel] LAG: 0.19 
----------------------------------------------------------
[DRIVER STATE] accel=0.5764705882352941 brake=0.0
----------------------------------------------------------
[DRIVER REACTION 1] Logical time: 16426.67 
[DRIVER REACTION 1] Physical time: 16427.41 
[DRIVER REACTION 1] LAG: 0.73 
----------------------------------------------------------
The event throttle: 0.5686274509803921
----------------------------------------------------------
[sterr,brake,accel] Logical time: 16466.85 
[sterr,brake,accel] Physical time: 16467.15 
[sterr,brake,accel] LAG: 0.30 
----------------------------------------------------------
[DRIVER STATE] accel=0.5686274509803921 brake=0.0
----------------------------------------------------------
[DRIVER REACTION 1] Logical time: 16466.85 
[DRIVER REACTION 1] Physical time: 16467.86 
[DRIVER REACTION 1] LAG: 1.00 
----------------------------------------------------------
The event throttle: 0.5764705882352941
The event throttle: 0.5803921568627451
The event throttle: 0.5764705882352941
----------------------------------------------------------
[sterr,brake,accel] Logical time: 16490.78 
[sterr,brake,accel] Physical time: 16491.02 
[sterr,brake,accel] LAG: 0.24 
----------------------------------------------------------
[DRIVER STATE] accel=0.5764705882352941 brake=0.0
----------------------------------------------------------
[DRIVER REACTION 1] Logical time: 16490.78 
[DRIVER REACTION 1] Physical time: 16491.64 
[DRIVER REACTION 1] LAG: 0.86 
----------------------------------------------------------
----------------------------------------------------------
[DRIVER] Logical time: 16500.00 
[DRIVER] Physical time: 16500.40 
[DRIVER] LAG: 0.40 
----------------------------------------------------------
The event throttle: 0.5843137254901961
----------------------------------------------------------
[sterr,brake,accel] Logical time: 16514.78 
[sterr,brake,accel] Physical time: 16514.91 
[sterr,brake,accel] LAG: 0.13 
----------------------------------------------------------
[DRIVER STATE] accel=0.5843137254901961 brake=0.0
----------------------------------------------------------
[DRIVER REACTION 1] Logical time: 16514.78 
[DRIVER REACTION 1] Physical time: 16515.15 
[DRIVER REACTION 1] LAG: 0.37 
----------------------------------------------------------
The event throttle: 0.5803921568627451
The event throttle: 0.5764705882352941
The event throttle: 0.5843137254901961
[DEVICE READER CAM read] Physical time: 16604.32 
[DEVICE READER CAM read] LAG: 4.32 
----------------------------------------------------------
[DEVICE READER CAM TIMER] Logical time: 16600.00 
[DEVICE READER CAM TIMER] Physical time: 16604.55 
[DEVICE READER CAM TIMER] LAG: 4.55 
----------------------------------------------------------
----------------------------------------------------------
[DRIVER] Logical time: 16600.00 
[DRIVER] Physical time: 16604.82 
[DRIVER] LAG: 4.82 
----------------------------------------------------------
----------------------------------------------------------
[sterr,brake,accel] Logical time: 16603.03 
[sterr,brake,accel] Physical time: 16606.04 
[sterr,brake,accel] LAG: 3.01 
----------------------------------------------------------
[DRIVER STATE] accel=0.5843137254901961 brake=0.0
----------------------------------------------------------
[DRIVER REACTION 1] Logical time: 16603.03 
[DRIVER REACTION 1] Physical time: 16606.75 
[DRIVER REACTION 1] LAG: 3.72 
----------------------------------------------------------
The event throttle: 0.5764705882352941
The event throttle: 0.5686274509803921
The event throttle: 0.5764705882352941
----------------------------------------------------------
[sterr,brake,accel] Logical time: 16626.71 
[sterr,brake,accel] Physical time: 16626.97 
[sterr,brake,accel] LAG: 0.26 
----------------------------------------------------------
[DRIVER STATE] accel=0.5764705882352941 brake=0.0
----------------------------------------------------------
[DRIVER REACTION 1] Logical time: 16626.71 
[DRIVER REACTION 1] Physical time: 16627.60 
[DRIVER REACTION 1] LAG: 0.89 
----------------------------------------------------------
The event throttle: 0.5803921568627451
The event throttle: 0.5882352941176471
----------------------------------------------------------
[sterr,brake,accel] Logical time: 16650.83 
[sterr,brake,accel] Physical time: 16651.12 
[sterr,brake,accel] LAG: 0.29 
----------------------------------------------------------
[DRIVER STATE] accel=0.5882352941176471 brake=0.0
----------------------------------------------------------
[DRIVER REACTION 1] Logical time: 16650.83 
[DRIVER REACTION 1] Physical time: 16651.81 
[DRIVER REACTION 1] LAG: 0.98 
----------------------------------------------------------
The event throttle: 0.5803921568627451
The event throttle: 0.5882352941176471
----------------------------------------------------------
[sterr,brake,accel] Logical time: 16682.82 
[sterr,brake,accel] Physical time: 16683.11 
[sterr,brake,accel] LAG: 0.29 
----------------------------------------------------------
[DRIVER STATE] accel=0.5882352941176471 brake=0.0
----------------------------------------------------------
[DRIVER REACTION 1] Logical time: 16682.82 
[DRIVER REACTION 1] Physical time: 16683.77 
[DRIVER REACTION 1] LAG: 0.95 
----------------------------------------------------------
The event throttle: 0.5803921568627451
The event throttle: 0.5764705882352941
----------------------------------------------------------
[DRIVER] Logical time: 16700.00 
[DRIVER] Physical time: 16700.39 
[DRIVER] LAG: 0.39 
----------------------------------------------------------
The event throttle: 0.5803921568627451
----------------------------------------------------------
[sterr,brake,accel] Logical time: 16706.86 
[sterr,brake,accel] Physical time: 16707.01 
[sterr,brake,accel] LAG: 0.15 
----------------------------------------------------------
[DRIVER STATE] accel=0.5803921568627451 brake=0.0
----------------------------------------------------------
[DRIVER REACTION 1] Logical time: 16706.86 
[DRIVER REACTION 1] Physical time: 16707.36 
[DRIVER REACTION 1] LAG: 0.50 
----------------------------------------------------------
The event throttle: 0.5764705882352941
The event throttle: 0.5647058823529412
----------------------------------------------------------
[sterr,brake,accel] Logical time: 16738.85 
[sterr,brake,accel] Physical time: 16739.01 
[sterr,brake,accel] LAG: 0.17 
----------------------------------------------------------
[DRIVER STATE] accel=0.5647058823529412 brake=0.0
----------------------------------------------------------
[DRIVER REACTION 1] Logical time: 16738.85 
[DRIVER REACTION 1] Physical time: 16739.43 
[DRIVER REACTION 1] LAG: 0.58 
----------------------------------------------------------
The event throttle: 0.5764705882352941
The event throttle: 0.5803921568627451
----------------------------------------------------------
[sterr,brake,accel] Logical time: 16786.93 
[sterr,brake,accel] Physical time: 16787.10 
[sterr,brake,accel] LAG: 0.17 
----------------------------------------------------------
[DRIVER STATE] accel=0.5803921568627451 brake=0.0
----------------------------------------------------------
[DRIVER REACTION 1] Logical time: 16786.93 
[DRIVER REACTION 1] Physical time: 16787.48 
[DRIVER REACTION 1] LAG: 0.54 
----------------------------------------------------------
The event throttle: 0.5764705882352941
The event throttle: 0.5843137254901961
[DEVICE READER CAM read] Physical time: 16803.98 
[DEVICE READER CAM read] LAG: 3.98 
----------------------------------------------------------
[DEVICE READER CAM TIMER] Logical time: 16800.00 
[DEVICE READER CAM TIMER] Physical time: 16804.19 
[DEVICE READER CAM TIMER] LAG: 4.19 
----------------------------------------------------------
The event throttle: 0.5764705882352941
The event throttle: 0.5843137254901961
The event throttle: 0.5764705882352941
Faces: 0
Saved debug (no face)
----------------------------------------------------------
[FACE DETECTOR] Logical time: 16800.00 
[FACE DETECTOR] Physical time: 16872.07 
[FACE DETECTOR] LAG: 72.07 
----------------------------------------------------------
[DRIVER STATE] accel=0.5803921568627451 brake=0.0
----------------------------------------------------------
[DRIVER REACTION 1] Logical time: 16800.00 
[DRIVER REACTION 1] Physical time: 16872.29 
[DRIVER REACTION 1] LAG: 72.29 
----------------------------------------------------------
----------------------------------------------------------
[DRIVER] Logical time: 16800.00 
[DRIVER] Physical time: 16872.36 
[DRIVER] LAG: 72.36 
----------------------------------------------------------
----------------------------------------------------------
[sterr,brake,accel] Logical time: 16810.99 
[sterr,brake,accel] Physical time: 16872.91 
[sterr,brake,accel] LAG: 61.92 
----------------------------------------------------------
[DRIVER STATE] accel=0.5764705882352941 brake=0.0
----------------------------------------------------------
[DRIVER REACTION 1] Logical time: 16810.99 
[DRIVER REACTION 1] Physical time: 16873.21 
[DRIVER REACTION 1] LAG: 62.22 
----------------------------------------------------------
The event throttle: 0.5725490196078431
----------------------------------------------------------
[sterr,brake,accel] Logical time: 16882.70 
[sterr,brake,accel] Physical time: 16882.85 
[sterr,brake,accel] LAG: 0.15 
----------------------------------------------------------
[DRIVER STATE] accel=0.5725490196078431 brake=0.0
----------------------------------------------------------
[DRIVER REACTION 1] Logical time: 16882.70 
[DRIVER REACTION 1] Physical time: 16883.18 
[DRIVER REACTION 1] LAG: 0.47 
----------------------------------------------------------
The event throttle: 0.5764705882352941
----------------------------------------------------------
[DRIVER] Logical time: 16900.00 
[DRIVER] Physical time: 16900.38 
[DRIVER] LAG: 0.38 
----------------------------------------------------------
The event throttle: 0.5725490196078431
----------------------------------------------------------
[sterr,brake,accel] Logical time: 16922.93 
[sterr,brake,accel] Physical time: 16923.20 
[sterr,brake,accel] LAG: 0.27 
----------------------------------------------------------
[DRIVER STATE] accel=0.5725490196078431 brake=0.0
----------------------------------------------------------
[DRIVER REACTION 1] Logical time: 16922.93 
[DRIVER REACTION 1] Physical time: 16923.89 
[DRIVER REACTION 1] LAG: 0.95 
----------------------------------------------------------
The event throttle: 0.5764705882352941
The event throttle: 0.5725490196078431
----------------------------------------------------------
[sterr,brake,accel] Logical time: 16986.94 
[sterr,brake,accel] Physical time: 16987.22 
[sterr,brake,accel] LAG: 0.28 
----------------------------------------------------------
[DRIVER STATE] accel=0.5725490196078431 brake=0.0
----------------------------------------------------------
[DRIVER REACTION 1] Logical time: 16986.94 
[DRIVER REACTION 1] Physical time: 16987.91 
[DRIVER REACTION 1] LAG: 0.97 
----------------------------------------------------------
The event throttle: 0.5764705882352941
The event throttle: 0.5490196078431373
[DEVICE READER CAM read] Physical time: 17007.86 
[DEVICE READER CAM read] LAG: 7.86 
----------------------------------------------------------
[DEVICE READER CAM TIMER] Logical time: 17000.00 
[DEVICE READER CAM TIMER] Physical time: 17008.06 
[DEVICE READER CAM TIMER] LAG: 8.06 
----------------------------------------------------------
----------------------------------------------------------
[DRIVER] Logical time: 17000.00 
[DRIVER] Physical time: 17008.62 
[DRIVER] LAG: 8.62 
----------------------------------------------------------
The event throttle: 0.5764705882352941
----------------------------------------------------------
[sterr,brake,accel] Logical time: 17010.86 
[sterr,brake,accel] Physical time: 17011.07 
[sterr,brake,accel] LAG: 0.21 
----------------------------------------------------------
[DRIVER STATE] accel=0.5764705882352941 brake=0.0
----------------------------------------------------------
[DRIVER REACTION 1] Logical time: 17010.86 
[DRIVER REACTION 1] Physical time: 17011.45 
[DRIVER REACTION 1] LAG: 0.59 
----------------------------------------------------------
The event throttle: 0.5686274509803921
The event throttle: 0.5764705882352941
The event throttle: 0.5803921568627451
----------------------------------------------------------
[sterr,brake,accel] Logical time: 17058.89 
[sterr,brake,accel] Physical time: 17059.14 
[sterr,brake,accel] LAG: 0.26 
----------------------------------------------------------
[DRIVER STATE] accel=0.5803921568627451 brake=0.0
----------------------------------------------------------
[DRIVER REACTION 1] Logical time: 17058.89 
[DRIVER REACTION 1] Physical time: 17059.78 
[DRIVER REACTION 1] LAG: 0.89 
----------------------------------------------------------
The event throttle: 0.5725490196078431
The event throttle: 0.5764705882352941
The event throttle: 0.5843137254901961
----------------------------------------------------------
[sterr,brake,accel] Logical time: 17082.78 
[sterr,brake,accel] Physical time: 17083.06 
[sterr,brake,accel] LAG: 0.28 
----------------------------------------------------------
[DRIVER STATE] accel=0.5843137254901961 brake=0.0
----------------------------------------------------------
[DRIVER REACTION 1] Logical time: 17082.78 
[DRIVER REACTION 1] Physical time: 17083.73 
[DRIVER REACTION 1] LAG: 0.96 
----------------------------------------------------------
The event throttle: 0.5764705882352941
----------------------------------------------------------
[DRIVER] Logical time: 17100.00 
[DRIVER] Physical time: 17100.49 
[DRIVER] LAG: 0.49 
----------------------------------------------------------
The event throttle: 0.5882352941176471
----------------------------------------------------------
[sterr,brake,accel] Logical time: 17106.99 
[sterr,brake,accel] Physical time: 17107.19 
[sterr,brake,accel] LAG: 0.20 
----------------------------------------------------------
[DRIVER STATE] accel=0.5882352941176471 brake=0.0
----------------------------------------------------------
[DRIVER REACTION 1] Logical time: 17106.99 
[DRIVER REACTION 1] Physical time: 17107.52 
[DRIVER REACTION 1] LAG: 0.53 
----------------------------------------------------------
The event throttle: 0.5764705882352941
The event throttle: 0.5882352941176471
The event throttle: 0.5764705882352941
----------------------------------------------------------
[sterr,brake,accel] Logical time: 17130.75 
[sterr,brake,accel] Physical time: 17130.90 
[sterr,brake,accel] LAG: 0.14 
----------------------------------------------------------
[DRIVER STATE] accel=0.5764705882352941 brake=0.0
----------------------------------------------------------
[DRIVER REACTION 1] Logical time: 17130.75 
[DRIVER REACTION 1] Physical time: 17131.23 
[DRIVER REACTION 1] LAG: 0.47 
----------------------------------------------------------
The event throttle: 0.5803921568627451
The event throttle: 0.5764705882352941
The event throttle: 0.5882352941176471
----------------------------------------------------------
[sterr,brake,accel] Logical time: 17186.98 
[sterr,brake,accel] Physical time: 17187.16 
[sterr,brake,accel] LAG: 0.18 
----------------------------------------------------------
[DRIVER STATE] accel=0.5882352941176471 brake=0.0
----------------------------------------------------------
[DRIVER REACTION 1] Logical time: 17186.98 
[DRIVER REACTION 1] Physical time: 17187.54 
[DRIVER REACTION 1] LAG: 0.56 
----------------------------------------------------------
The event throttle: 0.5764705882352941
The event throttle: 0.5803921568627451
[DEVICE READER CAM read] Physical time: 17203.95 
[DEVICE READER CAM read] LAG: 3.95 
----------------------------------------------------------
[DEVICE READER CAM TIMER] Logical time: 17200.00 
[DEVICE READER CAM TIMER] Physical time: 17204.16 
[DEVICE READER CAM TIMER] LAG: 4.16 
----------------------------------------------------------
----------------------------------------------------------
[DRIVER] Logical time: 17200.00 
[DRIVER] Physical time: 17204.39 
[DRIVER] LAG: 4.39 
----------------------------------------------------------
The event throttle: 0.5764705882352941
----------------------------------------------------------
[sterr,brake,accel] Logical time: 17210.91 
[sterr,brake,accel] Physical time: 17211.14 
[sterr,brake,accel] LAG: 0.24 
----------------------------------------------------------
[DRIVER STATE] accel=0.5764705882352941 brake=0.0
----------------------------------------------------------
[DRIVER REACTION 1] Logical time: 17210.91 
[DRIVER REACTION 1] Physical time: 17211.75 
[DRIVER REACTION 1] LAG: 0.84 
----------------------------------------------------------
The event throttle: 0.5882352941176471
The event throttle: 0.5764705882352941
The event throttle: 0.5843137254901961
----------------------------------------------------------
[sterr,brake,accel] Logical time: 17242.98 
[sterr,brake,accel] Physical time: 17243.31 
[sterr,brake,accel] LAG: 0.33 
----------------------------------------------------------
[DRIVER STATE] accel=0.5843137254901961 brake=0.0
----------------------------------------------------------
[DRIVER REACTION 1] Logical time: 17242.98 
[DRIVER REACTION 1] Physical time: 17243.99 
[DRIVER REACTION 1] LAG: 1.00 
----------------------------------------------------------
The event throttle: 0.5764705882352941
The event throttle: 0.5843137254901961
The event throttle: 0.5764705882352941
----------------------------------------------------------
[sterr,brake,accel] Logical time: 17266.78 
[sterr,brake,accel] Physical time: 17266.98 
[sterr,brake,accel] LAG: 0.20 
----------------------------------------------------------
[DRIVER STATE] accel=0.5764705882352941 brake=0.0
----------------------------------------------------------
[DRIVER REACTION 1] Logical time: 17266.78 
[DRIVER REACTION 1] Physical time: 17267.43 
[DRIVER REACTION 1] LAG: 0.65 
----------------------------------------------------------
The event throttle: 0.5725490196078431
The event throttle: 0.5764705882352941
----------------------------------------------------------
[sterr,brake,accel] Logical time: 17290.79 
[sterr,brake,accel] Physical time: 17291.03 
[sterr,brake,accel] LAG: 0.24 
----------------------------------------------------------
[DRIVER STATE] accel=0.5764705882352941 brake=0.0
----------------------------------------------------------
[DRIVER REACTION 1] Logical time: 17290.79 
[DRIVER REACTION 1] Physical time: 17291.70 
[DRIVER REACTION 1] LAG: 0.91 
----------------------------------------------------------
----------------------------------------------------------
[DRIVER] Logical time: 17300.00 
[DRIVER] Physical time: 17300.41 
[DRIVER] LAG: 0.41 
----------------------------------------------------------
The event throttle: 0.5803921568627451
----------------------------------------------------------
[sterr,brake,accel] Logical time: 17322.88 
[sterr,brake,accel] Physical time: 17323.01 
[sterr,brake,accel] LAG: 0.13 
----------------------------------------------------------
[DRIVER STATE] accel=0.5803921568627451 brake=0.0
----------------------------------------------------------
[DRIVER REACTION 1] Logical time: 17322.88 
[DRIVER REACTION 1] Physical time: 17323.45 
[DRIVER REACTION 1] LAG: 0.57 
----------------------------------------------------------
The event throttle: 0.5764705882352941
The event throttle: 0.5725490196078431
The event throttle: 0.5764705882352941
----------------------------------------------------------
[sterr,brake,accel] Logical time: 17346.84 
[sterr,brake,accel] Physical time: 17347.01 
[sterr,brake,accel] LAG: 0.17 
----------------------------------------------------------
[DRIVER STATE] accel=0.5764705882352941 brake=0.0
----------------------------------------------------------
[DRIVER REACTION 1] Logical time: 17346.84 
[DRIVER REACTION 1] Physical time: 17347.36 
[DRIVER REACTION 1] LAG: 0.52 
----------------------------------------------------------
The event throttle: 0.5843137254901961
[DEVICE READER CAM read] Physical time: 17404.89 
[DEVICE READER CAM read] LAG: 4.89 
----------------------------------------------------------
[DEVICE READER CAM TIMER] Logical time: 17400.00 
[DEVICE READER CAM TIMER] Physical time: 17405.14 
[DEVICE READER CAM TIMER] LAG: 5.14 
----------------------------------------------------------
----------------------------------------------------------
[DRIVER] Logical time: 17400.00 
[DRIVER] Physical time: 17405.42 
[DRIVER] LAG: 5.42 
----------------------------------------------------------
----------------------------------------------------------
[sterr,brake,accel] Logical time: 17403.12 
[sterr,brake,accel] Physical time: 17406.85 
[sterr,brake,accel] LAG: 3.73 
----------------------------------------------------------
[DRIVER STATE] accel=0.5843137254901961 brake=0.0
----------------------------------------------------------
[DRIVER REACTION 1] Logical time: 17403.12 
[DRIVER REACTION 1] Physical time: 17407.85 
[DRIVER REACTION 1] LAG: 4.74 
----------------------------------------------------------
The event throttle: 0.5803921568627451
The event throttle: 0.5686274509803921
The event throttle: 0.5764705882352941
----------------------------------------------------------
[sterr,brake,accel] Logical time: 17426.82 
[sterr,brake,accel] Physical time: 17427.10 
[sterr,brake,accel] LAG: 0.28 
----------------------------------------------------------
[DRIVER STATE] accel=0.5764705882352941 brake=0.0
----------------------------------------------------------
[DRIVER REACTION 1] Logical time: 17426.82 
[DRIVER REACTION 1] Physical time: 17427.78 
[DRIVER REACTION 1] LAG: 0.96 
----------------------------------------------------------
The event throttle: 0.5725490196078431
The event throttle: 0.5764705882352941
----------------------------------------------------------
[sterr,brake,accel] Logical time: 17458.83 
[sterr,brake,accel] Physical time: 17459.11 
[sterr,brake,accel] LAG: 0.28 
----------------------------------------------------------
[DRIVER STATE] accel=0.5764705882352941 brake=0.0
----------------------------------------------------------
[DRIVER REACTION 1] Logical time: 17458.83 
[DRIVER REACTION 1] Physical time: 17459.92 
[DRIVER REACTION 1] LAG: 1.09 
----------------------------------------------------------
The event throttle: 0.5803921568627451
The event throttle: 0.615686274509804
----------------------------------------------------------
[sterr,brake,accel] Logical time: 17483.07 
[sterr,brake,accel] Physical time: 17483.42 
[sterr,brake,accel] LAG: 0.35 
----------------------------------------------------------
[DRIVER STATE] accel=0.615686274509804 brake=0.0
----------------------------------------------------------
[DRIVER REACTION 1] Logical time: 17483.07 
[DRIVER REACTION 1] Physical time: 17484.07 
[DRIVER REACTION 1] LAG: 1.00 
----------------------------------------------------------
The event throttle: 0.5803921568627451
The event throttle: 0.592156862745098
----------------------------------------------------------
[DRIVER] Logical time: 17500.00 
[DRIVER] Physical time: 17500.36 
[DRIVER] LAG: 0.36 
----------------------------------------------------------
The event throttle: 0.5803921568627451
----------------------------------------------------------
[sterr,brake,accel] Logical time: 17506.87 
[sterr,brake,accel] Physical time: 17507.10 
[sterr,brake,accel] LAG: 0.23 
----------------------------------------------------------
[DRIVER STATE] accel=0.5803921568627451 brake=0.0
----------------------------------------------------------
[DRIVER REACTION 1] Logical time: 17506.87 
[DRIVER REACTION 1] Physical time: 17507.68 
[DRIVER REACTION 1] LAG: 0.81 
----------------------------------------------------------
The event throttle: 0.6
The event throttle: 0.5843137254901961
----------------------------------------------------------
[sterr,brake,accel] Logical time: 17530.79 
[sterr,brake,accel] Physical time: 17531.03 
[sterr,brake,accel] LAG: 0.24 
----------------------------------------------------------
[DRIVER STATE] accel=0.5843137254901961 brake=0.0
----------------------------------------------------------
[DRIVER REACTION 1] Logical time: 17530.79 
[DRIVER REACTION 1] Physical time: 17531.70 
[DRIVER REACTION 1] LAG: 0.91 
----------------------------------------------------------
The event throttle: 0.596078431372549
The event throttle: 0.5882352941176471
The event throttle: 0.5843137254901961
----------------------------------------------------------
[sterr,brake,accel] Logical time: 17554.80 
[sterr,brake,accel] Physical time: 17555.07 
[sterr,brake,accel] LAG: 0.27 
----------------------------------------------------------
[DRIVER STATE] accel=0.5843137254901961 brake=0.0
----------------------------------------------------------
[DRIVER REACTION 1] Logical time: 17554.80 
[DRIVER REACTION 1] Physical time: 17555.67 
[DRIVER REACTION 1] LAG: 0.87 
----------------------------------------------------------
The event throttle: 0.5882352941176471
The event throttle: 0.596078431372549
----------------------------------------------------------
[sterr,brake,accel] Logical time: 17578.81 
[sterr,brake,accel] Physical time: 17579.03 
[sterr,brake,accel] LAG: 0.22 
----------------------------------------------------------
[DRIVER STATE] accel=0.596078431372549 brake=0.0
----------------------------------------------------------
[DRIVER REACTION 1] Logical time: 17578.81 
[DRIVER REACTION 1] Physical time: 17579.62 
[DRIVER REACTION 1] LAG: 0.82 
----------------------------------------------------------
The event throttle: 0.592156862745098
The event throttle: 0.5882352941176471
The event throttle: 0.615686274509804
[DEVICE READER CAM read] Physical time: 17604.32 
[DEVICE READER CAM read] LAG: 4.32 
----------------------------------------------------------
[DEVICE READER CAM TIMER] Logical time: 17600.00 
[DEVICE READER CAM TIMER] Physical time: 17604.55 
[DEVICE READER CAM TIMER] LAG: 4.55 
----------------------------------------------------------
----------------------------------------------------------
[DRIVER] Logical time: 17600.00 
[DRIVER] Physical time: 17605.12 
[DRIVER] LAG: 5.12 
----------------------------------------------------------
----------------------------------------------------------
[sterr,brake,accel] Logical time: 17603.04 
[sterr,brake,accel] Physical time: 17606.90 
[sterr,brake,accel] LAG: 3.86 
----------------------------------------------------------
[DRIVER STATE] accel=0.615686274509804 brake=0.0
----------------------------------------------------------
[DRIVER REACTION 1] Logical time: 17603.04 
[DRIVER REACTION 1] Physical time: 17607.66 
[DRIVER REACTION 1] LAG: 4.62 
----------------------------------------------------------
The event throttle: 0.596078431372549
The event throttle: 0.592156862745098
----------------------------------------------------------
[sterr,brake,accel] Logical time: 17626.93 
[sterr,brake,accel] Physical time: 17627.20 
[sterr,brake,accel] LAG: 0.27 
----------------------------------------------------------
[DRIVER STATE] accel=0.592156862745098 brake=0.0
----------------------------------------------------------
[DRIVER REACTION 1] Logical time: 17626.93 
[DRIVER REACTION 1] Physical time: 17627.84 
[DRIVER REACTION 1] LAG: 0.91 
----------------------------------------------------------
The event throttle: 0.5843137254901961
The event throttle: 0.596078431372549
----------------------------------------------------------
[sterr,brake,accel] Logical time: 17650.92 
[sterr,brake,accel] Physical time: 17651.20 
[sterr,brake,accel] LAG: 0.28 
----------------------------------------------------------
[DRIVER STATE] accel=0.596078431372549 brake=0.0
----------------------------------------------------------
[DRIVER REACTION 1] Logical time: 17650.92 
[DRIVER REACTION 1] Physical time: 17651.85 
[DRIVER REACTION 1] LAG: 0.93 
----------------------------------------------------------
The event throttle: 0.6
The event throttle: 0.596078431372549
The event throttle: 0.5803921568627451
----------------------------------------------------------
[sterr,brake,accel] Logical time: 17674.88 
[sterr,brake,accel] Physical time: 17675.18 
[sterr,brake,accel] LAG: 0.29 
----------------------------------------------------------
[DRIVER STATE] accel=0.5803921568627451 brake=0.0
----------------------------------------------------------
[DRIVER REACTION 1] Logical time: 17674.88 
[DRIVER REACTION 1] Physical time: 17675.84 
[DRIVER REACTION 1] LAG: 0.96 
----------------------------------------------------------
The event throttle: 0.592156862745098
The event throttle: 0.6
----------------------------------------------------------
[sterr,brake,accel] Logical time: 17698.95 
[sterr,brake,accel] Physical time: 17699.30 
[sterr,brake,accel] LAG: 0.35 
----------------------------------------------------------
[DRIVER STATE] accel=0.6 brake=0.0
----------------------------------------------------------
[DRIVER REACTION 1] Logical time: 17698.95 
[DRIVER REACTION 1] Physical time: 17699.95 
[DRIVER REACTION 1] LAG: 1.00 
----------------------------------------------------------
----------------------------------------------------------
[DRIVER] Logical time: 17700.00 
[DRIVER] Physical time: 17700.60 
[DRIVER] LAG: 0.60 
----------------------------------------------------------
The event throttle: 0.596078431372549
The event throttle: 0.5882352941176471
The event throttle: 0.592156862745098
----------------------------------------------------------
[sterr,brake,accel] Logical time: 17722.85 
[sterr,brake,accel] Physical time: 17723.01 
[sterr,brake,accel] LAG: 0.16 
----------------------------------------------------------
[DRIVER STATE] accel=0.592156862745098 brake=0.0
----------------------------------------------------------
[DRIVER REACTION 1] Logical time: 17722.85 
[DRIVER REACTION 1] Physical time: 17723.36 
[DRIVER REACTION 1] LAG: 0.50 
----------------------------------------------------------
The event throttle: 0.596078431372549
The event throttle: 0.592156862745098
----------------------------------------------------------
[sterr,brake,accel] Logical time: 17746.85 
[sterr,brake,accel] Physical time: 17747.01 
[sterr,brake,accel] LAG: 0.16 
----------------------------------------------------------
[DRIVER STATE] accel=0.592156862745098 brake=0.0
----------------------------------------------------------
[DRIVER REACTION 1] Logical time: 17746.85 
[DRIVER REACTION 1] Physical time: 17747.35 
[DRIVER REACTION 1] LAG: 0.49 
----------------------------------------------------------
The event throttle: 0.6
The event throttle: 0.592156862745098
The event throttle: 0.5882352941176471
----------------------------------------------------------
[sterr,brake,accel] Logical time: 17770.86 
[sterr,brake,accel] Physical time: 17771.00 
[sterr,brake,accel] LAG: 0.13 
----------------------------------------------------------
[DRIVER STATE] accel=0.5882352941176471 brake=0.0
----------------------------------------------------------
[DRIVER REACTION 1] Logical time: 17770.86 
[DRIVER REACTION 1] Physical time: 17771.29 
[DRIVER REACTION 1] LAG: 0.42 
----------------------------------------------------------
The event throttle: 0.6039215686274509
The event throttle: 0.592156862745098
The event throttle: 0.6078431372549019
----------------------------------------------------------
[sterr,brake,accel] Logical time: 17794.78 
[sterr,brake,accel] Physical time: 17794.91 
[sterr,brake,accel] LAG: 0.12 
----------------------------------------------------------
[DRIVER STATE] accel=0.6078431372549019 brake=0.0
----------------------------------------------------------
[DRIVER REACTION 1] Logical time: 17794.78 
[DRIVER REACTION 1] Physical time: 17795.20 
[DRIVER REACTION 1] LAG: 0.41 
----------------------------------------------------------
The event throttle: 0.5843137254901961
[DEVICE READER CAM read] Physical time: 17804.96 
[DEVICE READER CAM read] LAG: 4.96 
----------------------------------------------------------
[DEVICE READER CAM TIMER] Logical time: 17800.00 
[DEVICE READER CAM TIMER] Physical time: 17805.21 
[DEVICE READER CAM TIMER] LAG: 5.21 
----------------------------------------------------------
The event throttle: 0.592156862745098
The event throttle: 0.596078431372549
The event throttle: 0.592156862745098
Faces: 0
The event throttle: 0.5843137254901961
The event throttle: 0.5882352941176471
The event throttle: 0.592156862745098
Saved debug (no face)
----------------------------------------------------------
[FACE DETECTOR] Logical time: 17800.00 
[FACE DETECTOR] Physical time: 17873.71 
[FACE DETECTOR] LAG: 73.71 
----------------------------------------------------------
[DRIVER STATE] accel=0.6078431372549019 brake=0.0
----------------------------------------------------------
[DRIVER REACTION 1] Logical time: 17800.00 
[DRIVER REACTION 1] Physical time: 17873.89 
[DRIVER REACTION 1] LAG: 73.89 
----------------------------------------------------------
----------------------------------------------------------
[DRIVER] Logical time: 17800.00 
[DRIVER] Physical time: 17873.96 
[DRIVER] LAG: 73.96 
----------------------------------------------------------
----------------------------------------------------------
[sterr,brake,accel] Logical time: 17818.84 
[sterr,brake,accel] Physical time: 17874.57 
[sterr,brake,accel] LAG: 55.73 
----------------------------------------------------------
The event throttle: 0.5803921568627451
[DRIVER STATE] accel=0.596078431372549 brake=0.0
----------------------------------------------------------
[DRIVER REACTION 1] Logical time: 17818.84 
[DRIVER REACTION 1] Physical time: 17875.08 
[DRIVER REACTION 1] LAG: 56.24 
----------------------------------------------------------
----------------------------------------------------------
[sterr,brake,accel] Logical time: 17842.87 
[sterr,brake,accel] Physical time: 17875.26 
[sterr,brake,accel] LAG: 32.40 
----------------------------------------------------------
[DRIVER STATE] accel=0.5843137254901961 brake=0.0
----------------------------------------------------------
[DRIVER REACTION 1] Logical time: 17842.87 
[DRIVER REACTION 1] Physical time: 17875.50 
[DRIVER REACTION 1] LAG: 32.64 
----------------------------------------------------------
----------------------------------------------------------
[sterr,brake,accel] Logical time: 17874.83 
[sterr,brake,accel] Physical time: 17875.64 
[sterr,brake,accel] LAG: 0.81 
----------------------------------------------------------
[DRIVER STATE] accel=0.5803921568627451 brake=0.0
----------------------------------------------------------
[DRIVER REACTION 1] Logical time: 17874.83 
[DRIVER REACTION 1] Physical time: 17875.85 
[DRIVER REACTION 1] LAG: 1.01 
----------------------------------------------------------
The event throttle: 0.596078431372549
The event throttle: 0.5882352941176471
The event throttle: 0.592156862745098
----------------------------------------------------------
[sterr,brake,accel] Logical time: 17898.86 
[sterr,brake,accel] Physical time: 17899.12 
[sterr,brake,accel] LAG: 0.26 
----------------------------------------------------------
[DRIVER STATE] accel=0.592156862745098 brake=0.0
----------------------------------------------------------
[DRIVER REACTION 1] Logical time: 17898.86 
[DRIVER REACTION 1] Physical time: 17899.74 
[DRIVER REACTION 1] LAG: 0.88 
----------------------------------------------------------
----------------------------------------------------------
[DRIVER] Logical time: 17900.00 
[DRIVER] Physical time: 17900.49 
[DRIVER] LAG: 0.49 
----------------------------------------------------------
The event throttle: 0.5803921568627451
----------------------------------------------------------
[sterr,brake,accel] Logical time: 17931.04 
[sterr,brake,accel] Physical time: 17931.36 
[sterr,brake,accel] LAG: 0.32 
----------------------------------------------------------
[DRIVER STATE] accel=0.5803921568627451 brake=0.0
----------------------------------------------------------
[DRIVER REACTION 1] Logical time: 17931.04 
[DRIVER REACTION 1] Physical time: 17932.02 
[DRIVER REACTION 1] LAG: 0.98 
----------------------------------------------------------
The event throttle: 0.592156862745098
The event throttle: 0.5803921568627451
----------------------------------------------------------
[sterr,brake,accel] Logical time: 17970.99 
[sterr,brake,accel] Physical time: 17971.36 
[sterr,brake,accel] LAG: 0.37 
----------------------------------------------------------
[DRIVER STATE] accel=0.5803921568627451 brake=0.0
----------------------------------------------------------
[DRIVER REACTION 1] Logical time: 17970.99 
[DRIVER REACTION 1] Physical time: 17972.08 
[DRIVER REACTION 1] LAG: 1.09 
----------------------------------------------------------
The event throttle: 0.592156862745098
The event throttle: 0.5882352941176471
[DEVICE READER CAM read] Physical time: 18004.48 
[DEVICE READER CAM read] LAG: 4.48 
----------------------------------------------------------
[DEVICE READER CAM TIMER] Logical time: 18000.00 
[DEVICE READER CAM TIMER] Physical time: 18004.68 
[DEVICE READER CAM TIMER] LAG: 4.68 
----------------------------------------------------------
----------------------------------------------------------
[DRIVER] Logical time: 18000.00 
[DRIVER] Physical time: 18005.31 
[DRIVER] LAG: 5.31 
----------------------------------------------------------
----------------------------------------------------------
[sterr,brake,accel] Logical time: 18003.11 
[sterr,brake,accel] Physical time: 18006.80 
[sterr,brake,accel] LAG: 3.69 
----------------------------------------------------------
[DRIVER STATE] accel=0.5882352941176471 brake=0.0
----------------------------------------------------------
[DRIVER REACTION 1] Logical time: 18003.11 
[DRIVER REACTION 1] Physical time: 18007.63 
[DRIVER REACTION 1] LAG: 4.52 
----------------------------------------------------------
The event throttle: 0.592156862745098
The event throttle: 0.596078431372549
----------------------------------------------------------
[sterr,brake,accel] Logical time: 18034.93 
[sterr,brake,accel] Physical time: 18035.20 
[sterr,brake,accel] LAG: 0.28 
----------------------------------------------------------
[DRIVER STATE] accel=0.596078431372549 brake=0.0
----------------------------------------------------------
[DRIVER REACTION 1] Logical time: 18034.93 
[DRIVER REACTION 1] Physical time: 18035.88 
[DRIVER REACTION 1] LAG: 0.95 
----------------------------------------------------------
The event throttle: 0.592156862745098
The event throttle: 0.6
The event throttle: 0.592156862745098
----------------------------------------------------------
[sterr,brake,accel] Logical time: 18058.91 
[sterr,brake,accel] Physical time: 18059.18 
[sterr,brake,accel] LAG: 0.27 
----------------------------------------------------------
[DRIVER STATE] accel=0.592156862745098 brake=0.0
----------------------------------------------------------
[DRIVER REACTION 1] Logical time: 18058.91 
[DRIVER REACTION 1] Physical time: 18059.84 
[DRIVER REACTION 1] LAG: 0.94 
----------------------------------------------------------
The event throttle: 0.5882352941176471
The event throttle: 0.5843137254901961
The event throttle: 0.592156862745098
----------------------------------------------------------
[sterr,brake,accel] Logical time: 18083.00 
[sterr,brake,accel] Physical time: 18083.33 
[sterr,brake,accel] LAG: 0.34 
----------------------------------------------------------
[DRIVER STATE] accel=0.592156862745098 brake=0.0
----------------------------------------------------------
[DRIVER REACTION 1] Logical time: 18083.00 
[DRIVER REACTION 1] Physical time: 18083.96 
[DRIVER REACTION 1] LAG: 0.96 
----------------------------------------------------------
The event throttle: 0.6039215686274509
The event throttle: 0.596078431372549
----------------------------------------------------------
[DRIVER] Logical time: 18100.00 
[DRIVER] Physical time: 18100.44 
[DRIVER] LAG: 0.44 
----------------------------------------------------------
The event throttle: 0.592156862745098
----------------------------------------------------------
[sterr,brake,accel] Logical time: 18106.99 
[sterr,brake,accel] Physical time: 18107.12 
[sterr,brake,accel] LAG: 0.13 
----------------------------------------------------------
[DRIVER STATE] accel=0.592156862745098 brake=0.0
----------------------------------------------------------
[DRIVER REACTION 1] Logical time: 18106.99 
[DRIVER REACTION 1] Physical time: 18107.47 
[DRIVER REACTION 1] LAG: 0.48 
----------------------------------------------------------
The event throttle: 0.6078431372549019
The event throttle: 0.6
----------------------------------------------------------
[sterr,brake,accel] Logical time: 18130.91 
[sterr,brake,accel] Physical time: 18131.07 
[sterr,brake,accel] LAG: 0.16 
----------------------------------------------------------
[DRIVER STATE] accel=0.6 brake=0.0
----------------------------------------------------------
[DRIVER REACTION 1] Logical time: 18130.91 
[DRIVER REACTION 1] Physical time: 18131.41 
[DRIVER REACTION 1] LAG: 0.50 
----------------------------------------------------------
The event throttle: 0.592156862745098
----------------------------------------------------------
[sterr,brake,accel] Logical time: 18155.00 
[sterr,brake,accel] Physical time: 18155.14 
[sterr,brake,accel] LAG: 0.14 
----------------------------------------------------------
[DRIVER STATE] accel=0.592156862745098 brake=0.0
----------------------------------------------------------
[DRIVER REACTION 1] Logical time: 18155.00 
[DRIVER REACTION 1] Physical time: 18155.45 
[DRIVER REACTION 1] LAG: 0.45 
----------------------------------------------------------
The event throttle: 0.6039215686274509
The event throttle: 0.6
The event throttle: 0.6039215686274509
----------------------------------------------------------
[sterr,brake,accel] Logical time: 18178.92 
[sterr,brake,accel] Physical time: 18179.06 
[sterr,brake,accel] LAG: 0.14 
----------------------------------------------------------
[DRIVER STATE] accel=0.6039215686274509 brake=0.0
----------------------------------------------------------
[DRIVER REACTION 1] Logical time: 18178.92 
[DRIVER REACTION 1] Physical time: 18179.45 
[DRIVER REACTION 1] LAG: 0.53 
----------------------------------------------------------
The event throttle: 0.6
The event throttle: 0.6039215686274509
[DEVICE READER CAM read] Physical time: 18204.45 
[DEVICE READER CAM read] LAG: 4.45 
----------------------------------------------------------
[DEVICE READER CAM TIMER] Logical time: 18200.00 
[DEVICE READER CAM TIMER] Physical time: 18204.67 
[DEVICE READER CAM TIMER] LAG: 4.67 
----------------------------------------------------------
----------------------------------------------------------
[DRIVER] Logical time: 18200.00 
[DRIVER] Physical time: 18204.87 
[DRIVER] LAG: 4.87 
----------------------------------------------------------
The event throttle: 0.6078431372549019
----------------------------------------------------------
[sterr,brake,accel] Logical time: 18210.98 
[sterr,brake,accel] Physical time: 18211.22 
[sterr,brake,accel] LAG: 0.23 
----------------------------------------------------------
[DRIVER STATE] accel=0.6078431372549019 brake=0.0
----------------------------------------------------------
[DRIVER REACTION 1] Logical time: 18210.98 
[DRIVER REACTION 1] Physical time: 18211.79 
[DRIVER REACTION 1] LAG: 0.81 
----------------------------------------------------------
The event throttle: 0.6039215686274509
The event throttle: 0.6196078431372549
----------------------------------------------------------
[sterr,brake,accel] Logical time: 18234.91 
[sterr,brake,accel] Physical time: 18235.16 
[sterr,brake,accel] LAG: 0.26 
----------------------------------------------------------
[DRIVER STATE] accel=0.6196078431372549 brake=0.0
----------------------------------------------------------
[DRIVER REACTION 1] Logical time: 18234.91 
[DRIVER REACTION 1] Physical time: 18235.81 
[DRIVER REACTION 1] LAG: 0.91 
----------------------------------------------------------
The event throttle: 0.6078431372549019
The event throttle: 0.611764705882353
The event throttle: 0.6235294117647059
----------------------------------------------------------
[sterr,brake,accel] Logical time: 18258.91 
[sterr,brake,accel] Physical time: 18259.19 
[sterr,brake,accel] LAG: 0.27 
----------------------------------------------------------
[DRIVER STATE] accel=0.6235294117647059 brake=0.0
----------------------------------------------------------
[DRIVER REACTION 1] Logical time: 18258.91 
[DRIVER REACTION 1] Physical time: 18259.88 
[DRIVER REACTION 1] LAG: 0.97 
----------------------------------------------------------
The event throttle: 0.6274509803921569
The event throttle: 0.6235294117647059
The event throttle: 0.6352941176470588
----------------------------------------------------------
[sterr,brake,accel] Logical time: 18282.93 
[sterr,brake,accel] Physical time: 18283.21 
[sterr,brake,accel] LAG: 0.28 
----------------------------------------------------------
[DRIVER STATE] accel=0.6352941176470588 brake=0.0
----------------------------------------------------------
[DRIVER REACTION 1] Logical time: 18282.93 
[DRIVER REACTION 1] Physical time: 18283.86 
[DRIVER REACTION 1] LAG: 0.93 
----------------------------------------------------------
The event throttle: 0.6588235294117647
----------------------------------------------------------
[DRIVER] Logical time: 18300.00 
[DRIVER] Physical time: 18300.36 
[DRIVER] LAG: 0.36 
----------------------------------------------------------
The event throttle: 0.6745098039215687
----------------------------------------------------------
[sterr,brake,accel] Logical time: 18307.01 
[sterr,brake,accel] Physical time: 18307.28 
[sterr,brake,accel] LAG: 0.28 
----------------------------------------------------------
[DRIVER STATE] accel=0.6745098039215687 brake=0.0
----------------------------------------------------------
[DRIVER REACTION 1] Logical time: 18307.01 
[DRIVER REACTION 1] Physical time: 18307.87 
[DRIVER REACTION 1] LAG: 0.86 
----------------------------------------------------------
The event throttle: 0.7058823529411765
The event throttle: 0.7098039215686275
The event throttle: 0.7333333333333333
----------------------------------------------------------
[sterr,brake,accel] Logical time: 18330.89 
[sterr,brake,accel] Physical time: 18331.12 
[sterr,brake,accel] LAG: 0.23 
----------------------------------------------------------
[DRIVER STATE] accel=0.7333333333333333 brake=0.0
----------------------------------------------------------
[DRIVER REACTION 1] Logical time: 18330.89 
[DRIVER REACTION 1] Physical time: 18331.82 
[DRIVER REACTION 1] LAG: 0.93 
----------------------------------------------------------
The event throttle: 0.7411764705882353
The event throttle: 0.7450980392156863
The event throttle: 0.7568627450980392
----------------------------------------------------------
[sterr,brake,accel] Logical time: 18354.90 
[sterr,brake,accel] Physical time: 18355.16 
[sterr,brake,accel] LAG: 0.26 
----------------------------------------------------------
[DRIVER STATE] accel=0.7568627450980392 brake=0.0
----------------------------------------------------------
[DRIVER REACTION 1] Logical time: 18354.90 
[DRIVER REACTION 1] Physical time: 18355.77 
[DRIVER REACTION 1] LAG: 0.87 
----------------------------------------------------------
The event throttle: 0.7647058823529411
The event throttle: 0.7843137254901961
----------------------------------------------------------
[sterr,brake,accel] Logical time: 18378.90 
[sterr,brake,accel] Physical time: 18379.15 
[sterr,brake,accel] LAG: 0.24 
----------------------------------------------------------
[DRIVER STATE] accel=0.7843137254901961 brake=0.0
----------------------------------------------------------
[DRIVER REACTION 1] Logical time: 18378.90 
[DRIVER REACTION 1] Physical time: 18379.72 
[DRIVER REACTION 1] LAG: 0.82 
----------------------------------------------------------
The event throttle: 0.8117647058823529
The event throttle: 0.807843137254902
The event throttle: 0.803921568627451
[DEVICE READER CAM read] Physical time: 18404.13 
[DEVICE READER CAM read] LAG: 4.13 
----------------------------------------------------------
[DEVICE READER CAM TIMER] Logical time: 18400.00 
[DEVICE READER CAM TIMER] Physical time: 18404.54 
[DEVICE READER CAM TIMER] LAG: 4.54 
----------------------------------------------------------
----------------------------------------------------------
[DRIVER] Logical time: 18400.00 
[DRIVER] Physical time: 18405.06 
[DRIVER] LAG: 5.06 
----------------------------------------------------------
----------------------------------------------------------
[sterr,brake,accel] Logical time: 18403.15 
[sterr,brake,accel] Physical time: 18406.77 
[sterr,brake,accel] LAG: 3.62 
----------------------------------------------------------
[DRIVER STATE] accel=0.803921568627451 brake=0.0
----------------------------------------------------------
[DRIVER REACTION 1] Logical time: 18403.15 
[DRIVER REACTION 1] Physical time: 18407.33 
[DRIVER REACTION 1] LAG: 4.18 
----------------------------------------------------------
The event throttle: 0.8235294117647058
The event throttle: 0.8313725490196079
The event throttle: 0.8431372549019608
----------------------------------------------------------
[sterr,brake,accel] Logical time: 18426.91 
[sterr,brake,accel] Physical time: 18427.09 
[sterr,brake,accel] LAG: 0.19 
----------------------------------------------------------
[DRIVER STATE] accel=0.8431372549019608 brake=0.0
----------------------------------------------------------
[DRIVER REACTION 1] Logical time: 18426.91 
[DRIVER REACTION 1] Physical time: 18427.52 
[DRIVER REACTION 1] LAG: 0.62 
----------------------------------------------------------
The event throttle: 0.8666666666666667
The event throttle: 0.8431372549019608
The event throttle: 0.8705882352941177
----------------------------------------------------------
[sterr,brake,accel] Logical time: 18450.91 
[sterr,brake,accel] Physical time: 18451.15 
[sterr,brake,accel] LAG: 0.25 
----------------------------------------------------------
[DRIVER STATE] accel=0.8705882352941177 brake=0.0
----------------------------------------------------------
[DRIVER REACTION 1] Logical time: 18450.91 
[DRIVER REACTION 1] Physical time: 18451.74 
[DRIVER REACTION 1] LAG: 0.83 
----------------------------------------------------------
The event throttle: 0.8784313725490196
The event throttle: 0.8823529411764706
The event throttle: 0.8941176470588236
----------------------------------------------------------
[sterr,brake,accel] Logical time: 18474.92 
[sterr,brake,accel] Physical time: 18475.18 
[sterr,brake,accel] LAG: 0.25 
----------------------------------------------------------
[DRIVER STATE] accel=0.8941176470588236 brake=0.0
----------------------------------------------------------
[DRIVER REACTION 1] Logical time: 18474.92 
[DRIVER REACTION 1] Physical time: 18475.83 
[DRIVER REACTION 1] LAG: 0.91 
----------------------------------------------------------
The event throttle: 0.8980392156862745
The event throttle: 0.9058823529411765
The event throttle: 0.9137254901960784
----------------------------------------------------------
[sterr,brake,accel] Logical time: 18499.04 
[sterr,brake,accel] Physical time: 18499.34 
[sterr,brake,accel] LAG: 0.31 
----------------------------------------------------------
[DRIVER STATE] accel=0.9137254901960784 brake=0.0
----------------------------------------------------------
[DRIVER REACTION 1] Logical time: 18499.04 
[DRIVER REACTION 1] Physical time: 18499.92 
[DRIVER REACTION 1] LAG: 0.89 
----------------------------------------------------------
----------------------------------------------------------
[DRIVER] Logical time: 18500.00 
[DRIVER] Physical time: 18500.68 
[DRIVER] LAG: 0.68 
----------------------------------------------------------
The event throttle: 0.9333333333333333
The event throttle: 0.9176470588235294
----------------------------------------------------------
[sterr,brake,accel] Logical time: 18522.96 
[sterr,brake,accel] Physical time: 18523.22 
[sterr,brake,accel] LAG: 0.26 
----------------------------------------------------------
[DRIVER STATE] accel=0.9176470588235294 brake=0.0
----------------------------------------------------------
[DRIVER REACTION 1] Logical time: 18522.96 
[DRIVER REACTION 1] Physical time: 18523.83 
[DRIVER REACTION 1] LAG: 0.87 
----------------------------------------------------------
The event throttle: 0.9372549019607843
The event throttle: 0.9411764705882353
The event throttle: 0.9450980392156862
----------------------------------------------------------
[sterr,brake,accel] Logical time: 18547.01 
[sterr,brake,accel] Physical time: 18547.32 
[sterr,brake,accel] LAG: 0.31 
----------------------------------------------------------
[DRIVER STATE] accel=0.9450980392156862 brake=0.0
----------------------------------------------------------
[DRIVER REACTION 1] Logical time: 18547.01 
[DRIVER REACTION 1] Physical time: 18547.96 
[DRIVER REACTION 1] LAG: 0.95 
----------------------------------------------------------
The event throttle: 0.9490196078431372
The event throttle: 0.9450980392156862
----------------------------------------------------------
[sterr,brake,accel] Logical time: 18570.98 
[sterr,brake,accel] Physical time: 18571.30 
[sterr,brake,accel] LAG: 0.32 
----------------------------------------------------------
[DRIVER STATE] accel=0.9450980392156862 brake=0.0
----------------------------------------------------------
[DRIVER REACTION 1] Logical time: 18570.98 
[DRIVER REACTION 1] Physical time: 18571.91 
[DRIVER REACTION 1] LAG: 0.93 
----------------------------------------------------------
The event throttle: 0.9568627450980393
The event throttle: 0.9647058823529412
The event throttle: 0.9725490196078431
----------------------------------------------------------
[sterr,brake,accel] Logical time: 18594.93 
[sterr,brake,accel] Physical time: 18595.17 
[sterr,brake,accel] LAG: 0.23 
----------------------------------------------------------
[DRIVER STATE] accel=0.9725490196078431 brake=0.0
----------------------------------------------------------
[DRIVER REACTION 1] Logical time: 18594.93 
[DRIVER REACTION 1] Physical time: 18595.73 
[DRIVER REACTION 1] LAG: 0.80 
----------------------------------------------------------
[DEVICE READER CAM read] Physical time: 18604.12 
[DEVICE READER CAM read] LAG: 4.12 
----------------------------------------------------------
[DEVICE READER CAM TIMER] Logical time: 18600.00 
[DEVICE READER CAM TIMER] Physical time: 18604.55 
[DEVICE READER CAM TIMER] LAG: 4.55 
----------------------------------------------------------
----------------------------------------------------------
[DRIVER] Logical time: 18600.00 
[DRIVER] Physical time: 18605.06 
[DRIVER] LAG: 5.06 
----------------------------------------------------------
The event throttle: 0.9764705882352941
The event throttle: 0.9803921568627451
----------------------------------------------------------
[sterr,brake,accel] Logical time: 18618.98 
[sterr,brake,accel] Physical time: 18619.13 
[sterr,brake,accel] LAG: 0.15 
----------------------------------------------------------
[DRIVER STATE] accel=0.9803921568627451 brake=0.0
----------------------------------------------------------
[DRIVER REACTION 1] Logical time: 18618.98 
[DRIVER REACTION 1] Physical time: 18619.44 
[DRIVER REACTION 1] LAG: 0.46 
----------------------------------------------------------
The event throttle: 0.984313725490196
The event throttle: 0.9803921568627451
The event throttle: 1.0
----------------------------------------------------------
[sterr,brake,accel] Logical time: 18642.93 
[sterr,brake,accel] Physical time: 18643.08 
[sterr,brake,accel] LAG: 0.15 
----------------------------------------------------------
[DRIVER STATE] accel=1.0 brake=0.0
----------------------------------------------------------
[DRIVER REACTION 1] Logical time: 18642.93 
[DRIVER REACTION 1] Physical time: 18643.42 
[DRIVER REACTION 1] LAG: 0.48 
----------------------------------------------------------
----------------------------------------------------------
[DRIVER] Logical time: 18700.00 
[DRIVER] Physical time: 18700.38 
[DRIVER] LAG: 0.38 
----------------------------------------------------------
[DEVICE READER CAM read] Physical time: 18804.48 
[DEVICE READER CAM read] LAG: 4.48 
----------------------------------------------------------
[DEVICE READER CAM TIMER] Logical time: 18800.00 
[DEVICE READER CAM TIMER] Physical time: 18804.72 
[DEVICE READER CAM TIMER] LAG: 4.72 
----------------------------------------------------------
Faces: 0
Saved debug (no face)
----------------------------------------------------------
[FACE DETECTOR] Logical time: 18800.00 
[FACE DETECTOR] Physical time: 18879.55 
[FACE DETECTOR] LAG: 79.55 
----------------------------------------------------------
[DRIVER STATE] accel=1.0 brake=0.0
----------------------------------------------------------
[DRIVER REACTION 1] Logical time: 18800.00 
[DRIVER REACTION 1] Physical time: 18879.88 
[DRIVER REACTION 1] LAG: 79.88 
----------------------------------------------------------
----------------------------------------------------------
[DRIVER] Logical time: 18800.00 
[DRIVER] Physical time: 18880.02 
[DRIVER] LAG: 80.02 
----------------------------------------------------------
----------------------------------------------------------
[DRIVER] Logical time: 18900.00 
[DRIVER] Physical time: 18900.54 
[DRIVER] LAG: 0.54 
----------------------------------------------------------
[DEVICE READER CAM read] Physical time: 19004.96 
[DEVICE READER CAM read] LAG: 4.96 
----------------------------------------------------------
[DEVICE READER CAM TIMER] Logical time: 19000.00 
[DEVICE READER CAM TIMER] Physical time: 19005.18 
[DEVICE READER CAM TIMER] LAG: 5.18 
----------------------------------------------------------
----------------------------------------------------------
[DRIVER] Logical time: 19000.00 
[DRIVER] Physical time: 19005.49 
[DRIVER] LAG: 5.49 
----------------------------------------------------------
----------------------------------------------------------
[DRIVER] Logical time: 19100.00 
[DRIVER] Physical time: 19100.50 
[DRIVER] LAG: 0.50 
----------------------------------------------------------
[DEVICE READER CAM read] Physical time: 19205.63 
[DEVICE READER CAM read] LAG: 5.63 
----------------------------------------------------------
[DEVICE READER CAM TIMER] Logical time: 19200.00 
[DEVICE READER CAM TIMER] Physical time: 19205.86 
[DEVICE READER CAM TIMER] LAG: 5.86 
----------------------------------------------------------
----------------------------------------------------------
[DRIVER] Logical time: 19200.00 
[DRIVER] Physical time: 19206.45 
[DRIVER] LAG: 6.45 
----------------------------------------------------------
----------------------------------------------------------
[DRIVER] Logical time: 19300.00 
[DRIVER] Physical time: 19300.51 
[DRIVER] LAG: 0.51 
----------------------------------------------------------
[DEVICE READER CAM read] Physical time: 19405.69 
[DEVICE READER CAM read] LAG: 5.69 
----------------------------------------------------------
[DEVICE READER CAM TIMER] Logical time: 19400.00 
[DEVICE READER CAM TIMER] Physical time: 19405.95 
[DEVICE READER CAM TIMER] LAG: 5.95 
----------------------------------------------------------
----------------------------------------------------------
[DRIVER] Logical time: 19400.00 
[DRIVER] Physical time: 19406.74 
[DRIVER] LAG: 6.74 
----------------------------------------------------------
----------------------------------------------------------
[DRIVER] Logical time: 19500.00 
[DRIVER] Physical time: 19500.43 
[DRIVER] LAG: 0.43 
----------------------------------------------------------
[DEVICE READER CAM read] Physical time: 19609.62 
[DEVICE READER CAM read] LAG: 9.62 
----------------------------------------------------------
[DEVICE READER CAM TIMER] Logical time: 19600.00 
[DEVICE READER CAM TIMER] Physical time: 19609.79 
[DEVICE READER CAM TIMER] LAG: 9.79 
----------------------------------------------------------
----------------------------------------------------------
[DRIVER] Logical time: 19600.00 
[DRIVER] Physical time: 19610.19 
[DRIVER] LAG: 10.19 
----------------------------------------------------------
----------------------------------------------------------
[DRIVER] Logical time: 19700.00 
[DRIVER] Physical time: 19700.40 
[DRIVER] LAG: 0.40 
----------------------------------------------------------
[DEVICE READER CAM read] Physical time: 19805.06 
[DEVICE READER CAM read] LAG: 5.06 
----------------------------------------------------------
[DEVICE READER CAM TIMER] Logical time: 19800.00 
[DEVICE READER CAM TIMER] Physical time: 19805.39 
[DEVICE READER CAM TIMER] LAG: 5.39 
----------------------------------------------------------
Faces: 0
Saved debug (no face)
----------------------------------------------------------
[FACE DETECTOR] Logical time: 19800.00 
[FACE DETECTOR] Physical time: 19877.01 
[FACE DETECTOR] LAG: 77.01 
----------------------------------------------------------
[DRIVER STATE] accel=1.0 brake=0.0
----------------------------------------------------------
[DRIVER REACTION 1] Logical time: 19800.00 
[DRIVER REACTION 1] Physical time: 19877.73 
[DRIVER REACTION 1] LAG: 77.73 
----------------------------------------------------------
----------------------------------------------------------
[DRIVER] Logical time: 19800.00 
[DRIVER] Physical time: 19877.87 
[DRIVER] LAG: 77.87 
----------------------------------------------------------
----------------------------------------------------------
[DRIVER] Logical time: 19900.00 
[DRIVER] Physical time: 19900.35 
[DRIVER] LAG: 0.35 
----------------------------------------------------------
[DEVICE READER CAM read] Physical time: 20008.89 
[DEVICE READER CAM read] LAG: 8.89 
----------------------------------------------------------
[DEVICE READER CAM TIMER] Logical time: 20000.00 
[DEVICE READER CAM TIMER] Physical time: 20009.15 
[DEVICE READER CAM TIMER] LAG: 9.15 
----------------------------------------------------------
----------------------------------------------------------
[DRIVER] Logical time: 20000.00 
[DRIVER] Physical time: 20009.86 
[DRIVER] LAG: 9.86 
----------------------------------------------------------
----------------------------------------------------------
[DRIVER] Logical time: 20100.00 
[DRIVER] Physical time: 20100.35 
[DRIVER] LAG: 0.35 
----------------------------------------------------------
[DEVICE READER CAM read] Physical time: 20208.29 
[DEVICE READER CAM read] LAG: 8.29 
----------------------------------------------------------
[DEVICE READER CAM TIMER] Logical time: 20200.00 
[DEVICE READER CAM TIMER] Physical time: 20208.54 
[DEVICE READER CAM TIMER] LAG: 8.54 
----------------------------------------------------------
----------------------------------------------------------
[DRIVER] Logical time: 20200.00 
[DRIVER] Physical time: 20209.11 
[DRIVER] LAG: 9.11 
----------------------------------------------------------
----------------------------------------------------------
[DRIVER] Logical time: 20300.00 
[DRIVER] Physical time: 20300.32 
[DRIVER] LAG: 0.32 
----------------------------------------------------------
[DEVICE READER CAM read] Physical time: 20405.27 
[DEVICE READER CAM read] LAG: 5.27 
----------------------------------------------------------
[DEVICE READER CAM TIMER] Logical time: 20400.00 
[DEVICE READER CAM TIMER] Physical time: 20405.53 
[DEVICE READER CAM TIMER] LAG: 5.53 
----------------------------------------------------------
----------------------------------------------------------
[DRIVER] Logical time: 20400.00 
[DRIVER] Physical time: 20406.22 
[DRIVER] LAG: 6.22 
----------------------------------------------------------
----------------------------------------------------------
[DRIVER] Logical time: 20500.00 
[DRIVER] Physical time: 20500.50 
[DRIVER] LAG: 0.50 
----------------------------------------------------------
[DEVICE READER CAM read] Physical time: 20609.19 
[DEVICE READER CAM read] LAG: 9.19 
----------------------------------------------------------
[DEVICE READER CAM TIMER] Logical time: 20600.00 
[DEVICE READER CAM TIMER] Physical time: 20609.50 
[DEVICE READER CAM TIMER] LAG: 9.50 
----------------------------------------------------------
----------------------------------------------------------
[DRIVER] Logical time: 20600.00 
[DRIVER] Physical time: 20609.90 
[DRIVER] LAG: 9.90 
----------------------------------------------------------
----------------------------------------------------------
[DRIVER] Logical time: 20700.00 
[DRIVER] Physical time: 20700.53 
[DRIVER] LAG: 0.53 
----------------------------------------------------------
The event throttle: 0.9921568627450981
----------------------------------------------------------
[sterr,brake,accel] Logical time: 20787.50 
[sterr,brake,accel] Physical time: 20787.80 
[sterr,brake,accel] LAG: 0.29 
----------------------------------------------------------
[DRIVER STATE] accel=0.9921568627450981 brake=0.0
----------------------------------------------------------
[DRIVER REACTION 1] Logical time: 20787.50 
[DRIVER REACTION 1] Physical time: 20788.58 
[DRIVER REACTION 1] LAG: 1.08 
----------------------------------------------------------
The event throttle: 0.9882352941176471
[DEVICE READER CAM read] Physical time: 20804.58 
[DEVICE READER CAM read] LAG: 4.58 
----------------------------------------------------------
[DEVICE READER CAM TIMER] Logical time: 20800.00 
[DEVICE READER CAM TIMER] Physical time: 20804.92 
[DEVICE READER CAM TIMER] LAG: 4.92 
----------------------------------------------------------
The event throttle: 0.984313725490196
The event throttle: 0.9803921568627451
The event throttle: 0.9764705882352941
Faces: 0
The event throttle: 0.9725490196078431
The event throttle: 0.9686274509803922
Saved debug (no face)
----------------------------------------------------------
[FACE DETECTOR] Logical time: 20800.00 
[FACE DETECTOR] Physical time: 20879.15 
[FACE DETECTOR] LAG: 79.15 
----------------------------------------------------------
[DRIVER STATE] accel=0.9921568627450981 brake=0.0
----------------------------------------------------------
[DRIVER REACTION 1] Logical time: 20800.00 
[DRIVER REACTION 1] Physical time: 20879.91 
[DRIVER REACTION 1] LAG: 79.91 
----------------------------------------------------------
----------------------------------------------------------
[DRIVER] Logical time: 20800.00 
[DRIVER] Physical time: 20880.05 
[DRIVER] LAG: 80.05 
----------------------------------------------------------
----------------------------------------------------------
[sterr,brake,accel] Logical time: 20811.40 
[sterr,brake,accel] Physical time: 20880.58 
[sterr,brake,accel] LAG: 69.18 
----------------------------------------------------------
[DRIVER STATE] accel=0.984313725490196 brake=0.0
----------------------------------------------------------
[DRIVER REACTION 1] Logical time: 20811.40 
[DRIVER REACTION 1] Physical time: 20880.71 
[DRIVER REACTION 1] LAG: 69.32 
----------------------------------------------------------
----------------------------------------------------------
[sterr,brake,accel] Logical time: 20835.25 
[sterr,brake,accel] Physical time: 20880.79 
[sterr,brake,accel] LAG: 45.54 
----------------------------------------------------------
[DRIVER STATE] accel=0.9764705882352941 brake=0.0
----------------------------------------------------------
[DRIVER REACTION 1] Logical time: 20835.25 
[DRIVER REACTION 1] Physical time: 20880.88 
[DRIVER REACTION 1] LAG: 45.63 
----------------------------------------------------------
----------------------------------------------------------
[sterr,brake,accel] Logical time: 20875.27 
[sterr,brake,accel] Physical time: 20880.95 
[sterr,brake,accel] LAG: 5.68 
----------------------------------------------------------
[DRIVER STATE] accel=0.9686274509803922 brake=0.0
----------------------------------------------------------
[DRIVER REACTION 1] Logical time: 20875.27 
[DRIVER REACTION 1] Physical time: 20881.08 
[DRIVER REACTION 1] LAG: 5.81 
----------------------------------------------------------
The event throttle: 0.9647058823529412
The event throttle: 0.9607843137254902
----------------------------------------------------------
[sterr,brake,accel] Logical time: 20899.34 
[sterr,brake,accel] Physical time: 20899.51 
[sterr,brake,accel] LAG: 0.17 
----------------------------------------------------------
[DRIVER STATE] accel=0.9607843137254902 brake=0.0
----------------------------------------------------------
[DRIVER REACTION 1] Logical time: 20899.34 
[DRIVER REACTION 1] Physical time: 20899.81 
[DRIVER REACTION 1] LAG: 0.47 
----------------------------------------------------------
----------------------------------------------------------
[DRIVER] Logical time: 20900.00 
[DRIVER] Physical time: 20900.18 
[DRIVER] LAG: 0.18 
----------------------------------------------------------
The event throttle: 0.9568627450980393
The event throttle: 0.9529411764705882
----------------------------------------------------------
[sterr,brake,accel] Logical time: 20931.37 
[sterr,brake,accel] Physical time: 20931.64 
[sterr,brake,accel] LAG: 0.27 
----------------------------------------------------------
[DRIVER STATE] accel=0.9529411764705882 brake=0.0
----------------------------------------------------------
[DRIVER REACTION 1] Logical time: 20931.37 
[DRIVER REACTION 1] Physical time: 20932.31 
[DRIVER REACTION 1] LAG: 0.95 
----------------------------------------------------------
The event throttle: 0.9490196078431372
The event throttle: 0.9450980392156862
----------------------------------------------------------
[sterr,brake,accel] Logical time: 20963.36 
[sterr,brake,accel] Physical time: 20963.65 
[sterr,brake,accel] LAG: 0.28 
----------------------------------------------------------
[DRIVER STATE] accel=0.9450980392156862 brake=0.0
----------------------------------------------------------
[DRIVER REACTION 1] Logical time: 20963.36 
[DRIVER REACTION 1] Physical time: 20964.35 
[DRIVER REACTION 1] LAG: 0.99 
----------------------------------------------------------
The event throttle: 0.9372549019607843
The event throttle: 0.9333333333333333
The event throttle: 0.9215686274509803
----------------------------------------------------------
[sterr,brake,accel] Logical time: 20987.27 
[sterr,brake,accel] Physical time: 20987.51 
[sterr,brake,accel] LAG: 0.24 
----------------------------------------------------------
[DRIVER STATE] accel=0.9215686274509803 brake=0.0
----------------------------------------------------------
[DRIVER REACTION 1] Logical time: 20987.27 
[DRIVER REACTION 1] Physical time: 20988.04 
[DRIVER REACTION 1] LAG: 0.77 
----------------------------------------------------------
The event throttle: 0.9098039215686274
The event throttle: 0.9058823529411765
[DEVICE READER CAM read] Physical time: 21007.28 
[DEVICE READER CAM read] LAG: 7.28 
----------------------------------------------------------
[DEVICE READER CAM TIMER] Logical time: 21000.00 
[DEVICE READER CAM TIMER] Physical time: 21007.49 
[DEVICE READER CAM TIMER] LAG: 7.49 
----------------------------------------------------------
----------------------------------------------------------
[DRIVER] Logical time: 21000.00 
[DRIVER] Physical time: 21008.01 
[DRIVER] LAG: 8.01 
----------------------------------------------------------
The event throttle: 0.8901960784313725
----------------------------------------------------------
[sterr,brake,accel] Logical time: 21011.48 
[sterr,brake,accel] Physical time: 21011.72 
[sterr,brake,accel] LAG: 0.24 
----------------------------------------------------------
[DRIVER STATE] accel=0.8901960784313725 brake=0.0
----------------------------------------------------------
[DRIVER REACTION 1] Logical time: 21011.48 
[DRIVER REACTION 1] Physical time: 21012.32 
[DRIVER REACTION 1] LAG: 0.84 
----------------------------------------------------------
The event throttle: 0.8784313725490196
The event throttle: 0.8705882352941177
The event throttle: 0.8509803921568627
----------------------------------------------------------
[sterr,brake,accel] Logical time: 21035.31 
[sterr,brake,accel] Physical time: 21035.54 
[sterr,brake,accel] LAG: 0.23 
----------------------------------------------------------
[DRIVER STATE] accel=0.8509803921568627 brake=0.0
----------------------------------------------------------
[DRIVER REACTION 1] Logical time: 21035.31 
[DRIVER REACTION 1] Physical time: 21036.04 
[DRIVER REACTION 1] LAG: 0.73 
----------------------------------------------------------
The event throttle: 0.8431372549019608
The event throttle: 0.8196078431372549
The event throttle: 0.8117647058823529
----------------------------------------------------------
[sterr,brake,accel] Logical time: 21059.31 
[sterr,brake,accel] Physical time: 21059.62 
[sterr,brake,accel] LAG: 0.30 
----------------------------------------------------------
[DRIVER STATE] accel=0.8117647058823529 brake=0.0
----------------------------------------------------------
[DRIVER REACTION 1] Logical time: 21059.31 
[DRIVER REACTION 1] Physical time: 21060.42 
[DRIVER REACTION 1] LAG: 1.11 
----------------------------------------------------------
The event throttle: 0.792156862745098
The event throttle: 0.7607843137254902
The event throttle: 0.7529411764705882
----------------------------------------------------------
[sterr,brake,accel] Logical time: 21083.26 
[sterr,brake,accel] Physical time: 21083.49 
[sterr,brake,accel] LAG: 0.23 
----------------------------------------------------------
[DRIVER STATE] accel=0.7529411764705882 brake=0.0
----------------------------------------------------------
[DRIVER REACTION 1] Logical time: 21083.26 
[DRIVER REACTION 1] Physical time: 21084.13 
[DRIVER REACTION 1] LAG: 0.87 
----------------------------------------------------------
The event throttle: 0.7372549019607844
The event throttle: 0.7215686274509804
----------------------------------------------------------
[DRIVER] Logical time: 21100.00 
[DRIVER] Physical time: 21100.35 
[DRIVER] LAG: 0.35 
----------------------------------------------------------
The event throttle: 0.6980392156862745
----------------------------------------------------------
[sterr,brake,accel] Logical time: 21107.41 
[sterr,brake,accel] Physical time: 21107.65 
[sterr,brake,accel] LAG: 0.24 
----------------------------------------------------------
[DRIVER STATE] accel=0.6980392156862745 brake=0.0
----------------------------------------------------------
[DRIVER REACTION 1] Logical time: 21107.41 
[DRIVER REACTION 1] Physical time: 21108.29 
[DRIVER REACTION 1] LAG: 0.87 
----------------------------------------------------------
The event throttle: 0.6784313725490196
The event throttle: 0.6666666666666666
The event throttle: 0.6431372549019608
----------------------------------------------------------
[sterr,brake,accel] Logical time: 21131.32 
[sterr,brake,accel] Physical time: 21131.63 
[sterr,brake,accel] LAG: 0.31 
----------------------------------------------------------
[DRIVER STATE] accel=0.6431372549019608 brake=0.0
----------------------------------------------------------
[DRIVER REACTION 1] Logical time: 21131.32 
[DRIVER REACTION 1] Physical time: 21132.34 
[DRIVER REACTION 1] LAG: 1.01 
----------------------------------------------------------
The event throttle: 0.6352941176470588
The event throttle: 0.615686274509804
The event throttle: 0.6039215686274509
----------------------------------------------------------
[sterr,brake,accel] Logical time: 21155.40 
[sterr,brake,accel] Physical time: 21155.72 
[sterr,brake,accel] LAG: 0.32 
----------------------------------------------------------
[DRIVER STATE] accel=0.6039215686274509 brake=0.0
----------------------------------------------------------
[DRIVER REACTION 1] Logical time: 21155.40 
[DRIVER REACTION 1] Physical time: 21156.49 
[DRIVER REACTION 1] LAG: 1.10 
----------------------------------------------------------
The event throttle: 0.592156862745098
The event throttle: 0.5764705882352941
The event throttle: 0.5725490196078431
----------------------------------------------------------
[sterr,brake,accel] Logical time: 21179.32 
[sterr,brake,accel] Physical time: 21179.53 
[sterr,brake,accel] LAG: 0.21 
----------------------------------------------------------
[DRIVER STATE] accel=0.5725490196078431 brake=0.0
----------------------------------------------------------
[DRIVER REACTION 1] Logical time: 21179.32 
[DRIVER REACTION 1] Physical time: 21180.01 
[DRIVER REACTION 1] LAG: 0.69 
----------------------------------------------------------
The event throttle: 0.5529411764705883
The event throttle: 0.5372549019607843
The event throttle: 0.5254901960784314
[DEVICE READER CAM read] Physical time: 21204.16 
[DEVICE READER CAM read] LAG: 4.16 
----------------------------------------------------------
[DEVICE READER CAM TIMER] Logical time: 21200.00 
[DEVICE READER CAM TIMER] Physical time: 21204.44 
[DEVICE READER CAM TIMER] LAG: 4.44 
----------------------------------------------------------
----------------------------------------------------------
[DRIVER] Logical time: 21200.00 
[DRIVER] Physical time: 21204.93 
[DRIVER] LAG: 4.93 
----------------------------------------------------------
----------------------------------------------------------
[sterr,brake,accel] Logical time: 21203.60 
[sterr,brake,accel] Physical time: 21206.20 
[sterr,brake,accel] LAG: 2.59 
----------------------------------------------------------
[DRIVER STATE] accel=0.5254901960784314 brake=0.0
----------------------------------------------------------
[DRIVER REACTION 1] Logical time: 21203.60 
[DRIVER REACTION 1] Physical time: 21206.75 
[DRIVER REACTION 1] LAG: 3.15 
----------------------------------------------------------
The event throttle: 0.5137254901960784
The event throttle: 0.5058823529411764
The event throttle: 0.49411764705882355
----------------------------------------------------------
[sterr,brake,accel] Logical time: 21227.31 
[sterr,brake,accel] Physical time: 21227.50 
[sterr,brake,accel] LAG: 0.19 
----------------------------------------------------------
[DRIVER STATE] accel=0.49411764705882355 brake=0.0
----------------------------------------------------------
[DRIVER REACTION 1] Logical time: 21227.31 
[DRIVER REACTION 1] Physical time: 21227.91 
[DRIVER REACTION 1] LAG: 0.60 
----------------------------------------------------------
The event throttle: 0.47843137254901963
The event throttle: 0.4666666666666667
----------------------------------------------------------
[sterr,brake,accel] Logical time: 21251.40 
[sterr,brake,accel] Physical time: 21251.67 
[sterr,brake,accel] LAG: 0.27 
----------------------------------------------------------
[DRIVER STATE] accel=0.4666666666666667 brake=0.0
----------------------------------------------------------
[DRIVER REACTION 1] Logical time: 21251.40 
[DRIVER REACTION 1] Physical time: 21252.29 
[DRIVER REACTION 1] LAG: 0.88 
----------------------------------------------------------
The event throttle: 0.4627450980392157
The event throttle: 0.4588235294117647
The event throttle: 0.4549019607843137
----------------------------------------------------------
[sterr,brake,accel] Logical time: 21275.38 
[sterr,brake,accel] Physical time: 21275.64 
[sterr,brake,accel] LAG: 0.26 
----------------------------------------------------------
[DRIVER STATE] accel=0.4549019607843137 brake=0.0
----------------------------------------------------------
[DRIVER REACTION 1] Logical time: 21275.38 
[DRIVER REACTION 1] Physical time: 21276.19 
[DRIVER REACTION 1] LAG: 0.81 
----------------------------------------------------------
The event throttle: 0.45098039215686275
The event throttle: 0.4470588235294118
----------------------------------------------------------
[DRIVER] Logical time: 21300.00 
[DRIVER] Physical time: 21300.36 
[DRIVER] LAG: 0.36 
----------------------------------------------------------
The event throttle: 0.44313725490196076
----------------------------------------------------------
[sterr,brake,accel] Logical time: 21315.47 
[sterr,brake,accel] Physical time: 21315.75 
[sterr,brake,accel] LAG: 0.27 
----------------------------------------------------------
[DRIVER STATE] accel=0.44313725490196076 brake=0.0
----------------------------------------------------------
[DRIVER REACTION 1] Logical time: 21315.47 
[DRIVER REACTION 1] Physical time: 21316.39 
[DRIVER REACTION 1] LAG: 0.92 
----------------------------------------------------------
[DEVICE READER CAM read] Physical time: 21407.83 
[DEVICE READER CAM read] LAG: 7.83 
----------------------------------------------------------
[DEVICE READER CAM TIMER] Logical time: 21400.00 
[DEVICE READER CAM TIMER] Physical time: 21408.06 
[DEVICE READER CAM TIMER] LAG: 8.06 
----------------------------------------------------------
----------------------------------------------------------
[DRIVER] Logical time: 21400.00 
[DRIVER] Physical time: 21408.75 
[DRIVER] LAG: 8.75 
----------------------------------------------------------
The event throttle: 0.4392156862745098
----------------------------------------------------------
[sterr,brake,accel] Logical time: 21411.34 
[sterr,brake,accel] Physical time: 21411.42 
[sterr,brake,accel] LAG: 0.08 
----------------------------------------------------------
[DRIVER STATE] accel=0.4392156862745098 brake=0.0
----------------------------------------------------------
[DRIVER REACTION 1] Logical time: 21411.34 
[DRIVER REACTION 1] Physical time: 21411.58 
[DRIVER REACTION 1] LAG: 0.25 
----------------------------------------------------------
The event throttle: 0.43137254901960786
----------------------------------------------------------
[sterr,brake,accel] Logical time: 21435.43 
[sterr,brake,accel] Physical time: 21435.57 
[sterr,brake,accel] LAG: 0.13 
----------------------------------------------------------
[DRIVER STATE] accel=0.43137254901960786 brake=0.0
----------------------------------------------------------
[DRIVER REACTION 1] Logical time: 21435.43 
[DRIVER REACTION 1] Physical time: 21435.85 
[DRIVER REACTION 1] LAG: 0.41 
----------------------------------------------------------
The event throttle: 0.42745098039215684
----------------------------------------------------------
[sterr,brake,accel] Logical time: 21459.50 
[sterr,brake,accel] Physical time: 21459.65 
[sterr,brake,accel] LAG: 0.15 
----------------------------------------------------------
[DRIVER STATE] accel=0.42745098039215684 brake=0.0
----------------------------------------------------------
[DRIVER REACTION 1] Logical time: 21459.50 
[DRIVER REACTION 1] Physical time: 21459.92 
[DRIVER REACTION 1] LAG: 0.42 
----------------------------------------------------------
The event throttle: 0.4196078431372549
The event throttle: 0.41568627450980394
----------------------------------------------------------
[sterr,brake,accel] Logical time: 21499.53 
[sterr,brake,accel] Physical time: 21499.80 
[sterr,brake,accel] LAG: 0.26 
----------------------------------------------------------
[DRIVER STATE] accel=0.41568627450980394 brake=0.0
----------------------------------------------------------
[DRIVER REACTION 1] Logical time: 21499.53 
[DRIVER REACTION 1] Physical time: 21500.14 
[DRIVER REACTION 1] LAG: 0.61 
----------------------------------------------------------
----------------------------------------------------------
[DRIVER] Logical time: 21500.00 
[DRIVER] Physical time: 21500.43 
[DRIVER] LAG: 0.43 
----------------------------------------------------------
The event throttle: 0.40784313725490196
The event throttle: 0.403921568627451
The event throttle: 0.4
----------------------------------------------------------
[sterr,brake,accel] Logical time: 21523.43 
[sterr,brake,accel] Physical time: 21523.71 
[sterr,brake,accel] LAG: 0.28 
----------------------------------------------------------
[DRIVER STATE] accel=0.4 brake=0.0
----------------------------------------------------------
[DRIVER REACTION 1] Logical time: 21523.43 
[DRIVER REACTION 1] Physical time: 21524.43 
[DRIVER REACTION 1] LAG: 1.00 
----------------------------------------------------------
The event throttle: 0.396078431372549
The event throttle: 0.39215686274509803
The event throttle: 0.38823529411764707
----------------------------------------------------------
[sterr,brake,accel] Logical time: 21555.39 
[sterr,brake,accel] Physical time: 21555.63 
[sterr,brake,accel] LAG: 0.23 
----------------------------------------------------------
[DRIVER STATE] accel=0.38823529411764707 brake=0.0
----------------------------------------------------------
[DRIVER REACTION 1] Logical time: 21555.39 
[DRIVER REACTION 1] Physical time: 21556.14 
[DRIVER REACTION 1] LAG: 0.75 
----------------------------------------------------------
The event throttle: 0.3843137254901961
[DEVICE READER CAM read] Physical time: 21605.55 
[DEVICE READER CAM read] LAG: 5.55 
----------------------------------------------------------
[DEVICE READER CAM TIMER] Logical time: 21600.00 
[DEVICE READER CAM TIMER] Physical time: 21605.81 
[DEVICE READER CAM TIMER] LAG: 5.81 
----------------------------------------------------------
----------------------------------------------------------
[DRIVER] Logical time: 21600.00 
[DRIVER] Physical time: 21606.53 
[DRIVER] LAG: 6.53 
----------------------------------------------------------
The event throttle: 0.38823529411764707
----------------------------------------------------------
[sterr,brake,accel] Logical time: 21683.65 
[sterr,brake,accel] Physical time: 21683.96 
[sterr,brake,accel] LAG: 0.31 
----------------------------------------------------------
[DRIVER STATE] accel=0.38823529411764707 brake=0.0
----------------------------------------------------------
[DRIVER REACTION 1] Logical time: 21683.65 
[DRIVER REACTION 1] Physical time: 21684.92 
[DRIVER REACTION 1] LAG: 1.27 
----------------------------------------------------------
----------------------------------------------------------
[DRIVER] Logical time: 21700.00 
[DRIVER] Physical time: 21700.34 
[DRIVER] LAG: 0.34 
----------------------------------------------------------
The event throttle: 0.39215686274509803
----------------------------------------------------------
[sterr,brake,accel] Logical time: 21707.52 
[sterr,brake,accel] Physical time: 21707.83 
[sterr,brake,accel] LAG: 0.32 
----------------------------------------------------------
[DRIVER STATE] accel=0.39215686274509803 brake=0.0
----------------------------------------------------------
[DRIVER REACTION 1] Logical time: 21707.52 
[DRIVER REACTION 1] Physical time: 21708.58 
[DRIVER REACTION 1] LAG: 1.07 
----------------------------------------------------------
The event throttle: 0.396078431372549
The event throttle: 0.4
----------------------------------------------------------
[sterr,brake,accel] Logical time: 21731.50 
[sterr,brake,accel] Physical time: 21731.78 
[sterr,brake,accel] LAG: 0.28 
----------------------------------------------------------
[DRIVER STATE] accel=0.4 brake=0.0
----------------------------------------------------------
[DRIVER REACTION 1] Logical time: 21731.50 
[DRIVER REACTION 1] Physical time: 21732.53 
[DRIVER REACTION 1] LAG: 1.03 
----------------------------------------------------------
The event throttle: 0.403921568627451
----------------------------------------------------------
[sterr,brake,accel] Logical time: 21763.52 
[sterr,brake,accel] Physical time: 21763.80 
[sterr,brake,accel] LAG: 0.28 
----------------------------------------------------------
[DRIVER STATE] accel=0.403921568627451 brake=0.0
----------------------------------------------------------
[DRIVER REACTION 1] Logical time: 21763.52 
[DRIVER REACTION 1] Physical time: 21764.48 
[DRIVER REACTION 1] LAG: 0.95 
----------------------------------------------------------
The event throttle: 0.40784313725490196
The event throttle: 0.4117647058823529
----------------------------------------------------------
[sterr,brake,accel] Logical time: 21795.44 
[sterr,brake,accel] Physical time: 21795.74 
[sterr,brake,accel] LAG: 0.30 
----------------------------------------------------------
[DRIVER STATE] accel=0.4117647058823529 brake=0.0
----------------------------------------------------------
[DRIVER REACTION 1] Logical time: 21795.44 
[DRIVER REACTION 1] Physical time: 21796.53 
[DRIVER REACTION 1] LAG: 1.08 
----------------------------------------------------------
[DEVICE READER CAM read] Physical time: 21807.98 
[DEVICE READER CAM read] LAG: 7.98 
----------------------------------------------------------
[DEVICE READER CAM TIMER] Logical time: 21800.00 
[DEVICE READER CAM TIMER] Physical time: 21808.18 
[DEVICE READER CAM TIMER] LAG: 8.18 
----------------------------------------------------------
The event throttle: 0.41568627450980394
The event throttle: 0.4196078431372549
The event throttle: 0.4235294117647059
Faces: 0
The event throttle: 0.42745098039215684
Saved debug (no face)
----------------------------------------------------------
[FACE DETECTOR] Logical time: 21800.00 
[FACE DETECTOR] Physical time: 21877.90 
[FACE DETECTOR] LAG: 77.90 
----------------------------------------------------------
[DRIVER STATE] accel=0.4117647058823529 brake=0.0
----------------------------------------------------------
[DRIVER REACTION 1] Logical time: 21800.00 
[DRIVER REACTION 1] Physical time: 21878.28 
[DRIVER REACTION 1] LAG: 78.28 
----------------------------------------------------------
----------------------------------------------------------
[DRIVER] Logical time: 21800.00 
[DRIVER] Physical time: 21878.43 
[DRIVER] LAG: 78.43 
----------------------------------------------------------
----------------------------------------------------------
[sterr,brake,accel] Logical time: 21819.47 
[sterr,brake,accel] Physical time: 21878.96 
[sterr,brake,accel] LAG: 59.49 
----------------------------------------------------------
[DRIVER STATE] accel=0.4196078431372549 brake=0.0
----------------------------------------------------------
[DRIVER REACTION 1] Logical time: 21819.47 
[DRIVER REACTION 1] Physical time: 21879.26 
[DRIVER REACTION 1] LAG: 59.79 
----------------------------------------------------------
----------------------------------------------------------
[sterr,brake,accel] Logical time: 21867.41 
[sterr,brake,accel] Physical time: 21879.42 
[sterr,brake,accel] LAG: 12.01 
----------------------------------------------------------
[DRIVER STATE] accel=0.42745098039215684 brake=0.0
----------------------------------------------------------
[DRIVER REACTION 1] Logical time: 21867.41 
[DRIVER REACTION 1] Physical time: 21879.65 
[DRIVER REACTION 1] LAG: 12.25 
----------------------------------------------------------
The event throttle: 0.43529411764705883
----------------------------------------------------------
[sterr,brake,accel] Logical time: 21891.43 
[sterr,brake,accel] Physical time: 21891.61 
[sterr,brake,accel] LAG: 0.18 
----------------------------------------------------------
[DRIVER STATE] accel=0.43529411764705883 brake=0.0
----------------------------------------------------------
[DRIVER REACTION 1] Logical time: 21891.43 
[DRIVER REACTION 1] Physical time: 21892.01 
[DRIVER REACTION 1] LAG: 0.58 
----------------------------------------------------------
----------------------------------------------------------
[DRIVER] Logical time: 21900.00 
[DRIVER] Physical time: 21900.35 
[DRIVER] LAG: 0.35 
----------------------------------------------------------
The event throttle: 0.4392156862745098
The event throttle: 0.44313725490196076
----------------------------------------------------------
[sterr,brake,accel] Logical time: 21915.44 
[sterr,brake,accel] Physical time: 21915.68 
[sterr,brake,accel] LAG: 0.24 
----------------------------------------------------------
[DRIVER STATE] accel=0.44313725490196076 brake=0.0
----------------------------------------------------------
[DRIVER REACTION 1] Logical time: 21915.44 
[DRIVER REACTION 1] Physical time: 21916.29 
[DRIVER REACTION 1] LAG: 0.85 
----------------------------------------------------------
The event throttle: 0.4470588235294118
The event throttle: 0.45098039215686275
----------------------------------------------------------
[sterr,brake,accel] Logical time: 21947.45 
[sterr,brake,accel] Physical time: 21947.74 
[sterr,brake,accel] LAG: 0.29 
----------------------------------------------------------
[DRIVER STATE] accel=0.45098039215686275 brake=0.0
----------------------------------------------------------
[DRIVER REACTION 1] Logical time: 21947.45 
[DRIVER REACTION 1] Physical time: 21948.49 
[DRIVER REACTION 1] LAG: 1.04 
----------------------------------------------------------
The event throttle: 0.4588235294117647
The event throttle: 0.4666666666666667
----------------------------------------------------------
[sterr,brake,accel] Logical time: 21971.52 
[sterr,brake,accel] Physical time: 21971.76 
[sterr,brake,accel] LAG: 0.24 
----------------------------------------------------------
[DRIVER STATE] accel=0.4666666666666667 brake=0.0
----------------------------------------------------------
[DRIVER REACTION 1] Logical time: 21971.52 
[DRIVER REACTION 1] Physical time: 21972.32 
[DRIVER REACTION 1] LAG: 0.80 
----------------------------------------------------------
The event throttle: 0.47058823529411764
The event throttle: 0.47843137254901963
----------------------------------------------------------
[sterr,brake,accel] Logical time: 21995.46 
[sterr,brake,accel] Physical time: 21995.70 
[sterr,brake,accel] LAG: 0.24 
----------------------------------------------------------
[DRIVER STATE] accel=0.47843137254901963 brake=0.0
----------------------------------------------------------
[DRIVER REACTION 1] Logical time: 21995.46 
[DRIVER REACTION 1] Physical time: 21996.29 
[DRIVER REACTION 1] LAG: 0.83 
----------------------------------------------------------
[DEVICE READER CAM read] Physical time: 22004.69 
[DEVICE READER CAM read] LAG: 4.69 
----------------------------------------------------------
[DEVICE READER CAM TIMER] Logical time: 22000.00 
[DEVICE READER CAM TIMER] Physical time: 22005.07 
[DEVICE READER CAM TIMER] LAG: 5.07 
----------------------------------------------------------
----------------------------------------------------------
[DRIVER] Logical time: 22000.00 
[DRIVER] Physical time: 22005.72 
[DRIVER] LAG: 5.72 
----------------------------------------------------------
The event throttle: 0.48627450980392156
The event throttle: 0.49019607843137253
----------------------------------------------------------
[sterr,brake,accel] Logical time: 22027.50 
[sterr,brake,accel] Physical time: 22027.72 
[sterr,brake,accel] LAG: 0.22 
----------------------------------------------------------
[DRIVER STATE] accel=0.49019607843137253 brake=0.0
----------------------------------------------------------
[DRIVER REACTION 1] Logical time: 22027.50 
[DRIVER REACTION 1] Physical time: 22028.30 
[DRIVER REACTION 1] LAG: 0.80 
----------------------------------------------------------
The event throttle: 0.49411764705882355
The event throttle: 0.4980392156862745
The event throttle: 0.5019607843137255
----------------------------------------------------------
[sterr,brake,accel] Logical time: 22059.43 
[sterr,brake,accel] Physical time: 22059.70 
[sterr,brake,accel] LAG: 0.27 
----------------------------------------------------------
[DRIVER STATE] accel=0.5019607843137255 brake=0.0
----------------------------------------------------------
[DRIVER REACTION 1] Logical time: 22059.43 
[DRIVER REACTION 1] Physical time: 22060.44 
[DRIVER REACTION 1] LAG: 1.01 
----------------------------------------------------------
The event throttle: 0.5058823529411764
The event throttle: 0.5098039215686274
----------------------------------------------------------
[sterr,brake,accel] Logical time: 22091.51 
[sterr,brake,accel] Physical time: 22091.79 
[sterr,brake,accel] LAG: 0.28 
----------------------------------------------------------
[DRIVER STATE] accel=0.5098039215686274 brake=0.0
----------------------------------------------------------
[DRIVER REACTION 1] Logical time: 22091.51 
[DRIVER REACTION 1] Physical time: 22092.53 
[DRIVER REACTION 1] LAG: 1.02 
----------------------------------------------------------
----------------------------------------------------------
[DRIVER] Logical time: 22100.00 
[DRIVER] Physical time: 22100.34 
[DRIVER] LAG: 0.34 
----------------------------------------------------------
The event throttle: 0.5137254901960784
The event throttle: 0.5176470588235295
----------------------------------------------------------
[sterr,brake,accel] Logical time: 22115.50 
[sterr,brake,accel] Physical time: 22115.76 
[sterr,brake,accel] LAG: 0.25 
----------------------------------------------------------
[DRIVER STATE] accel=0.5176470588235295 brake=0.0
----------------------------------------------------------
[DRIVER REACTION 1] Logical time: 22115.50 
[DRIVER REACTION 1] Physical time: 22116.37 
[DRIVER REACTION 1] LAG: 0.87 
----------------------------------------------------------
The event throttle: 0.5215686274509804
The event throttle: 0.5254901960784314
----------------------------------------------------------
[sterr,brake,accel] Logical time: 22147.56 
[sterr,brake,accel] Physical time: 22147.84 
[sterr,brake,accel] LAG: 0.28 
----------------------------------------------------------
[DRIVER STATE] accel=0.5254901960784314 brake=0.0
----------------------------------------------------------
[DRIVER REACTION 1] Logical time: 22147.56 
[DRIVER REACTION 1] Physical time: 22148.55 
[DRIVER REACTION 1] LAG: 0.99 
----------------------------------------------------------
The event throttle: 0.5294117647058824
The event throttle: 0.5333333333333333
----------------------------------------------------------
[sterr,brake,accel] Logical time: 22179.49 
[sterr,brake,accel] Physical time: 22179.73 
[sterr,brake,accel] LAG: 0.25 
----------------------------------------------------------
[DRIVER STATE] accel=0.5333333333333333 brake=0.0
----------------------------------------------------------
[DRIVER REACTION 1] Logical time: 22179.49 
[DRIVER REACTION 1] Physical time: 22180.34 
[DRIVER REACTION 1] LAG: 0.85 
----------------------------------------------------------
[DEVICE READER CAM read] Physical time: 22204.20 
[DEVICE READER CAM read] LAG: 4.20 
----------------------------------------------------------
[DEVICE READER CAM TIMER] Logical time: 22200.00 
[DEVICE READER CAM TIMER] Physical time: 22204.49 
[DEVICE READER CAM TIMER] LAG: 4.49 
----------------------------------------------------------
----------------------------------------------------------
[DRIVER] Logical time: 22200.00 
[DRIVER] Physical time: 22205.06 
[DRIVER] LAG: 5.06 
----------------------------------------------------------
The event throttle: 0.5372549019607843
----------------------------------------------------------
[sterr,brake,accel] Logical time: 22227.57 
[sterr,brake,accel] Physical time: 22227.84 
[sterr,brake,accel] LAG: 0.27 
----------------------------------------------------------
[DRIVER STATE] accel=0.5372549019607843 brake=0.0
----------------------------------------------------------
[DRIVER REACTION 1] Logical time: 22227.57 
[DRIVER REACTION 1] Physical time: 22228.57 
[DRIVER REACTION 1] LAG: 1.00 
----------------------------------------------------------
The event throttle: 0.5411764705882353
----------------------------------------------------------
[sterr,brake,accel] Logical time: 22259.64 
[sterr,brake,accel] Physical time: 22259.93 
[sterr,brake,accel] LAG: 0.29 
----------------------------------------------------------
[DRIVER STATE] accel=0.5411764705882353 brake=0.0
----------------------------------------------------------
[DRIVER REACTION 1] Logical time: 22259.64 
[DRIVER REACTION 1] Physical time: 22260.72 
[DRIVER REACTION 1] LAG: 1.09 
----------------------------------------------------------
The event throttle: 0.5372549019607843
The event throttle: 0.5411764705882353
The event throttle: 0.5372549019607843
----------------------------------------------------------
[sterr,brake,accel] Logical time: 22291.48 
[sterr,brake,accel] Physical time: 22291.76 
[sterr,brake,accel] LAG: 0.27 
----------------------------------------------------------
[DRIVER STATE] accel=0.5372549019607843 brake=0.0
----------------------------------------------------------
[DRIVER REACTION 1] Logical time: 22291.48 
[DRIVER REACTION 1] Physical time: 22292.43 
[DRIVER REACTION 1] LAG: 0.95 
----------------------------------------------------------
The event throttle: 0.5411764705882353
----------------------------------------------------------
[DRIVER] Logical time: 22300.00 
[DRIVER] Physical time: 22300.34 
[DRIVER] LAG: 0.34 
----------------------------------------------------------
The event throttle: 0.5372549019607843
----------------------------------------------------------
[sterr,brake,accel] Logical time: 22315.63 
[sterr,brake,accel] Physical time: 22315.88 
[sterr,brake,accel] LAG: 0.26 
----------------------------------------------------------
[DRIVER STATE] accel=0.5372549019607843 brake=0.0
----------------------------------------------------------
[DRIVER REACTION 1] Logical time: 22315.63 
[DRIVER REACTION 1] Physical time: 22316.54 
[DRIVER REACTION 1] LAG: 0.91 
----------------------------------------------------------
The event throttle: 0.5411764705882353
The event throttle: 0.5450980392156862
----------------------------------------------------------
[sterr,brake,accel] Logical time: 22363.64 
[sterr,brake,accel] Physical time: 22363.96 
[sterr,brake,accel] LAG: 0.32 
----------------------------------------------------------
[DRIVER STATE] accel=0.5450980392156862 brake=0.0
----------------------------------------------------------
[DRIVER REACTION 1] Logical time: 22363.64 
[DRIVER REACTION 1] Physical time: 22364.74 
[DRIVER REACTION 1] LAG: 1.10 
----------------------------------------------------------
[DEVICE READER CAM read] Physical time: 22404.63 
[DEVICE READER CAM read] LAG: 4.63 
----------------------------------------------------------
[DEVICE READER CAM TIMER] Logical time: 22400.00 
[DEVICE READER CAM TIMER] Physical time: 22404.86 
[DEVICE READER CAM TIMER] LAG: 4.86 
----------------------------------------------------------
----------------------------------------------------------
[DRIVER] Logical time: 22400.00 
[DRIVER] Physical time: 22405.48 
[DRIVER] LAG: 5.48 
----------------------------------------------------------
The event throttle: 0.5490196078431373
----------------------------------------------------------
[sterr,brake,accel] Logical time: 22411.64 
[sterr,brake,accel] Physical time: 22411.86 
[sterr,brake,accel] LAG: 0.22 
----------------------------------------------------------
[DRIVER STATE] accel=0.5490196078431373 brake=0.0
----------------------------------------------------------
[DRIVER REACTION 1] Logical time: 22411.64 
[DRIVER REACTION 1] Physical time: 22412.45 
[DRIVER REACTION 1] LAG: 0.81 
----------------------------------------------------------
The event throttle: 0.5529411764705883
----------------------------------------------------------
[sterr,brake,accel] Logical time: 22435.56 
[sterr,brake,accel] Physical time: 22435.82 
[sterr,brake,accel] LAG: 0.26 
----------------------------------------------------------
[DRIVER STATE] accel=0.5529411764705883 brake=0.0
----------------------------------------------------------
[DRIVER REACTION 1] Logical time: 22435.56 
[DRIVER REACTION 1] Physical time: 22436.43 
[DRIVER REACTION 1] LAG: 0.87 
----------------------------------------------------------
The event throttle: 0.5568627450980392
----------------------------------------------------------
[sterr,brake,accel] Logical time: 22483.61 
[sterr,brake,accel] Physical time: 22483.87 
[sterr,brake,accel] LAG: 0.27 
----------------------------------------------------------
[DRIVER STATE] accel=0.5568627450980392 brake=0.0
----------------------------------------------------------
[DRIVER REACTION 1] Logical time: 22483.61 
[DRIVER REACTION 1] Physical time: 22484.62 
[DRIVER REACTION 1] LAG: 1.01 
----------------------------------------------------------
The event throttle: 0.5607843137254902
----------------------------------------------------------
[DRIVER] Logical time: 22500.00 
[DRIVER] Physical time: 22500.35 
[DRIVER] LAG: 0.35 
----------------------------------------------------------
The event throttle: 0.5647058823529412
----------------------------------------------------------
[sterr,brake,accel] Logical time: 22531.67 
[sterr,brake,accel] Physical time: 22531.99 
[sterr,brake,accel] LAG: 0.32 
----------------------------------------------------------
[DRIVER STATE] accel=0.5647058823529412 brake=0.0
----------------------------------------------------------
[DRIVER REACTION 1] Logical time: 22531.67 
[DRIVER REACTION 1] Physical time: 22532.79 
[DRIVER REACTION 1] LAG: 1.11 
----------------------------------------------------------
The event throttle: 0.5686274509803921
----------------------------------------------------------
[sterr,brake,accel] Logical time: 22595.63 
[sterr,brake,accel] Physical time: 22595.91 
[sterr,brake,accel] LAG: 0.28 
----------------------------------------------------------
[DRIVER STATE] accel=0.5686274509803921 brake=0.0
----------------------------------------------------------
[DRIVER REACTION 1] Logical time: 22595.63 
[DRIVER REACTION 1] Physical time: 22596.60 
[DRIVER REACTION 1] LAG: 0.97 
----------------------------------------------------------
[DEVICE READER CAM read] Physical time: 22604.42 
[DEVICE READER CAM read] LAG: 4.42 
----------------------------------------------------------
[DEVICE READER CAM TIMER] Logical time: 22600.00 
[DEVICE READER CAM TIMER] Physical time: 22604.65 
[DEVICE READER CAM TIMER] LAG: 4.65 
----------------------------------------------------------
----------------------------------------------------------
[DRIVER] Logical time: 22600.00 
[DRIVER] Physical time: 22605.22 
[DRIVER] LAG: 5.22 
----------------------------------------------------------
The event throttle: 0.5647058823529412
----------------------------------------------------------
[sterr,brake,accel] Logical time: 22619.56 
[sterr,brake,accel] Physical time: 22619.80 
[sterr,brake,accel] LAG: 0.24 
----------------------------------------------------------
[DRIVER STATE] accel=0.5647058823529412 brake=0.0
----------------------------------------------------------
[DRIVER REACTION 1] Logical time: 22619.56 
[DRIVER REACTION 1] Physical time: 22620.40 
[DRIVER REACTION 1] LAG: 0.84 
----------------------------------------------------------
The event throttle: 0.5686274509803921
The event throttle: 0.5647058823529412
----------------------------------------------------------
[sterr,brake,accel] Logical time: 22675.69 
[sterr,brake,accel] Physical time: 22675.95 
[sterr,brake,accel] LAG: 0.26 
----------------------------------------------------------
[DRIVER STATE] accel=0.5647058823529412 brake=0.0
----------------------------------------------------------
[DRIVER REACTION 1] Logical time: 22675.69 
[DRIVER REACTION 1] Physical time: 22676.58 
[DRIVER REACTION 1] LAG: 0.89 
----------------------------------------------------------
The event throttle: 0.5686274509803921
----------------------------------------------------------
[DRIVER] Logical time: 22700.00 
[DRIVER] Physical time: 22700.37 
[DRIVER] LAG: 0.37 
----------------------------------------------------------
The event throttle: 0.5725490196078431
----------------------------------------------------------
[sterr,brake,accel] Logical time: 22731.72 
[sterr,brake,accel] Physical time: 22731.88 
[sterr,brake,accel] LAG: 0.16 
----------------------------------------------------------
[DRIVER STATE] accel=0.5725490196078431 brake=0.0
----------------------------------------------------------
[DRIVER REACTION 1] Logical time: 22731.72 
[DRIVER REACTION 1] Physical time: 22732.18 
[DRIVER REACTION 1] LAG: 0.46 
----------------------------------------------------------
The event throttle: 0.5764705882352941
----------------------------------------------------------
[sterr,brake,accel] Logical time: 22755.71 
[sterr,brake,accel] Physical time: 22755.85 
[sterr,brake,accel] LAG: 0.15 
----------------------------------------------------------
[DRIVER STATE] accel=0.5764705882352941 brake=0.0
----------------------------------------------------------
[DRIVER REACTION 1] Logical time: 22755.71 
[DRIVER REACTION 1] Physical time: 22756.18 
[DRIVER REACTION 1] LAG: 0.48 
----------------------------------------------------------
The event throttle: 0.5803921568627451
The event throttle: 0.5843137254901961
----------------------------------------------------------
[sterr,brake,accel] Logical time: 22795.61 
[sterr,brake,accel] Physical time: 22795.78 
[sterr,brake,accel] LAG: 0.17 
----------------------------------------------------------
[DRIVER STATE] accel=0.5843137254901961 brake=0.0
----------------------------------------------------------
[DRIVER REACTION 1] Logical time: 22795.61 
[DRIVER REACTION 1] Physical time: 22796.12 
[DRIVER REACTION 1] LAG: 0.51 
----------------------------------------------------------
[DEVICE READER CAM read] Physical time: 22805.06 
[DEVICE READER CAM read] LAG: 5.06 
----------------------------------------------------------
[DEVICE READER CAM TIMER] Logical time: 22800.00 
[DEVICE READER CAM TIMER] Physical time: 22805.37 
[DEVICE READER CAM TIMER] LAG: 5.37 
----------------------------------------------------------
The event throttle: 0.5882352941176471
The event throttle: 0.596078431372549
Faces: 0
The event throttle: 0.6
The event throttle: 0.6039215686274509
The event throttle: 0.6078431372549019
Saved debug (no face)
----------------------------------------------------------
[FACE DETECTOR] Logical time: 22800.00 
[FACE DETECTOR] Physical time: 22873.88 
[FACE DETECTOR] LAG: 73.88 
----------------------------------------------------------
[DRIVER STATE] accel=0.5843137254901961 brake=0.0
----------------------------------------------------------
[DRIVER REACTION 1] Logical time: 22800.00 
[DRIVER REACTION 1] Physical time: 22874.11 
[DRIVER REACTION 1] LAG: 74.11 
----------------------------------------------------------
----------------------------------------------------------
[DRIVER] Logical time: 22800.00 
[DRIVER] Physical time: 22874.18 
[DRIVER] LAG: 74.18 
----------------------------------------------------------
----------------------------------------------------------
[sterr,brake,accel] Logical time: 22827.49 
[sterr,brake,accel] Physical time: 22874.73 
[sterr,brake,accel] LAG: 47.24 
----------------------------------------------------------
[DRIVER STATE] accel=0.596078431372549 brake=0.0
----------------------------------------------------------
[DRIVER REACTION 1] Logical time: 22827.49 
[DRIVER REACTION 1] Physical time: 22875.03 
[DRIVER REACTION 1] LAG: 47.54 
----------------------------------------------------------
----------------------------------------------------------
[sterr,brake,accel] Logical time: 22851.47 
[sterr,brake,accel] Physical time: 22875.17 
[sterr,brake,accel] LAG: 23.71 
----------------------------------------------------------
The event throttle: 0.6039215686274509
[DRIVER STATE] accel=0.6039215686274509 brake=0.0
----------------------------------------------------------
[DRIVER REACTION 1] Logical time: 22851.47 
[DRIVER REACTION 1] Physical time: 22875.64 
[DRIVER REACTION 1] LAG: 24.17 
----------------------------------------------------------
----------------------------------------------------------
[sterr,brake,accel] Logical time: 22875.48 
[sterr,brake,accel] Physical time: 22875.82 
[sterr,brake,accel] LAG: 0.34 
----------------------------------------------------------
[DRIVER STATE] accel=0.6039215686274509 brake=0.0
----------------------------------------------------------
[DRIVER REACTION 1] Logical time: 22875.48 
[DRIVER REACTION 1] Physical time: 22876.05 
[DRIVER REACTION 1] LAG: 0.57 
----------------------------------------------------------
The event throttle: 0.6078431372549019
The event throttle: 0.611764705882353
----------------------------------------------------------
[sterr,brake,accel] Logical time: 22899.54 
[sterr,brake,accel] Physical time: 22899.79 
[sterr,brake,accel] LAG: 0.25 
----------------------------------------------------------
[DRIVER STATE] accel=0.611764705882353 brake=0.0
----------------------------------------------------------
[DRIVER REACTION 1] Logical time: 22899.54 
[DRIVER REACTION 1] Physical time: 22900.57 
[DRIVER REACTION 1] LAG: 1.03 
----------------------------------------------------------
----------------------------------------------------------
[DRIVER] Logical time: 22900.00 
[DRIVER] Physical time: 22901.70 
[DRIVER] LAG: 1.70 
----------------------------------------------------------
The event throttle: 0.615686274509804
----------------------------------------------------------
[sterr,brake,accel] Logical time: 22955.68 
[sterr,brake,accel] Physical time: 22955.87 
[sterr,brake,accel] LAG: 0.19 
----------------------------------------------------------
[DRIVER STATE] accel=0.615686274509804 brake=0.0
----------------------------------------------------------
[DRIVER REACTION 1] Logical time: 22955.68 
[DRIVER REACTION 1] Physical time: 22956.35 
[DRIVER REACTION 1] LAG: 0.67 
----------------------------------------------------------
The event throttle: 0.611764705882353
The event throttle: 0.615686274509804
[DEVICE READER CAM read] Physical time: 23004.89 
[DEVICE READER CAM read] LAG: 4.89 
----------------------------------------------------------
[DEVICE READER CAM TIMER] Logical time: 23000.00 
[DEVICE READER CAM TIMER] Physical time: 23005.11 
[DEVICE READER CAM TIMER] LAG: 5.11 
----------------------------------------------------------
----------------------------------------------------------
[DRIVER] Logical time: 23000.00 
[DRIVER] Physical time: 23005.35 
[DRIVER] LAG: 5.35 
----------------------------------------------------------
The event throttle: 0.611764705882353
----------------------------------------------------------
[sterr,brake,accel] Logical time: 23019.68 
[sterr,brake,accel] Physical time: 23019.94 
[sterr,brake,accel] LAG: 0.26 
----------------------------------------------------------
[DRIVER STATE] accel=0.611764705882353 brake=0.0
----------------------------------------------------------
[DRIVER REACTION 1] Logical time: 23019.68 
[DRIVER REACTION 1] Physical time: 23020.50 
[DRIVER REACTION 1] LAG: 0.82 
----------------------------------------------------------
The event throttle: 0.615686274509804
----------------------------------------------------------
[sterr,brake,accel] Logical time: 23043.67 
[sterr,brake,accel] Physical time: 23043.93 
[sterr,brake,accel] LAG: 0.26 
----------------------------------------------------------
[DRIVER STATE] accel=0.615686274509804 brake=0.0
----------------------------------------------------------
[DRIVER REACTION 1] Logical time: 23043.67 
[DRIVER REACTION 1] Physical time: 23044.61 
[DRIVER REACTION 1] LAG: 0.95 
----------------------------------------------------------
The event throttle: 0.611764705882353
The event throttle: 0.615686274509804
The event throttle: 0.611764705882353
----------------------------------------------------------
[sterr,brake,accel] Logical time: 23075.64 
[sterr,brake,accel] Physical time: 23075.92 
[sterr,brake,accel] LAG: 0.28 
----------------------------------------------------------
[DRIVER STATE] accel=0.611764705882353 brake=0.0
----------------------------------------------------------
[DRIVER REACTION 1] Logical time: 23075.64 
[DRIVER REACTION 1] Physical time: 23076.64 
[DRIVER REACTION 1] LAG: 1.00 
----------------------------------------------------------
----------------------------------------------------------
[DRIVER] Logical time: 23100.00 
[DRIVER] Physical time: 23100.42 
[DRIVER] LAG: 0.42 
----------------------------------------------------------
The event throttle: 0.615686274509804
----------------------------------------------------------
[sterr,brake,accel] Logical time: 23107.69 
[sterr,brake,accel] Physical time: 23107.96 
[sterr,brake,accel] LAG: 0.26 
----------------------------------------------------------
[DRIVER STATE] accel=0.615686274509804 brake=0.0
----------------------------------------------------------
[DRIVER REACTION 1] Logical time: 23107.69 
[DRIVER REACTION 1] Physical time: 23108.66 
[DRIVER REACTION 1] LAG: 0.97 
----------------------------------------------------------
The event throttle: 0.611764705882353
The event throttle: 0.615686274509804
----------------------------------------------------------
[sterr,brake,accel] Logical time: 23195.68 
[sterr,brake,accel] Physical time: 23195.95 
[sterr,brake,accel] LAG: 0.28 
----------------------------------------------------------
[DRIVER STATE] accel=0.615686274509804 brake=0.0
----------------------------------------------------------
[DRIVER REACTION 1] Logical time: 23195.68 
[DRIVER REACTION 1] Physical time: 23196.67 
[DRIVER REACTION 1] LAG: 0.99 
----------------------------------------------------------
[DEVICE READER CAM read] Physical time: 23204.09 
[DEVICE READER CAM read] LAG: 4.09 
----------------------------------------------------------
[DEVICE READER CAM TIMER] Logical time: 23200.00 
[DEVICE READER CAM TIMER] Physical time: 23204.35 
[DEVICE READER CAM TIMER] LAG: 4.35 
----------------------------------------------------------
----------------------------------------------------------
[DRIVER] Logical time: 23200.00 
[DRIVER] Physical time: 23204.87 
[DRIVER] LAG: 4.87 
----------------------------------------------------------
The event throttle: 0.611764705882353
The event throttle: 0.615686274509804
----------------------------------------------------------
[sterr,brake,accel] Logical time: 23227.52 
[sterr,brake,accel] Physical time: 23227.70 
[sterr,brake,accel] LAG: 0.17 
----------------------------------------------------------
[DRIVER STATE] accel=0.615686274509804 brake=0.0
----------------------------------------------------------
[DRIVER REACTION 1] Logical time: 23227.52 
[DRIVER REACTION 1] Physical time: 23228.10 
[DRIVER REACTION 1] LAG: 0.57 
----------------------------------------------------------
The event throttle: 0.611764705882353
The event throttle: 0.615686274509804
----------------------------------------------------------
[sterr,brake,accel] Logical time: 23267.78 
[sterr,brake,accel] Physical time: 23268.12 
[sterr,brake,accel] LAG: 0.34 
----------------------------------------------------------
[DRIVER STATE] accel=0.615686274509804 brake=0.0
----------------------------------------------------------
[DRIVER REACTION 1] Logical time: 23267.78 
[DRIVER REACTION 1] Physical time: 23268.92 
[DRIVER REACTION 1] LAG: 1.14 
----------------------------------------------------------
The event throttle: 0.611764705882353
----------------------------------------------------------
[sterr,brake,accel] Logical time: 23299.73 
[sterr,brake,accel] Physical time: 23300.01 
[sterr,brake,accel] LAG: 0.28 
----------------------------------------------------------
[DRIVER STATE] accel=0.611764705882353 brake=0.0
----------------------------------------------------------
[DRIVER REACTION 1] Logical time: 23299.73 
[DRIVER REACTION 1] Physical time: 23300.72 
[DRIVER REACTION 1] LAG: 0.99 
----------------------------------------------------------
----------------------------------------------------------
[DRIVER] Logical time: 23300.00 
[DRIVER] Physical time: 23301.43 
[DRIVER] LAG: 1.43 
----------------------------------------------------------
The event throttle: 0.615686274509804
----------------------------------------------------------
[sterr,brake,accel] Logical time: 23323.71 
[sterr,brake,accel] Physical time: 23323.85 
[sterr,brake,accel] LAG: 0.14 
----------------------------------------------------------
[DRIVER STATE] accel=0.615686274509804 brake=0.0
----------------------------------------------------------
[DRIVER REACTION 1] Logical time: 23323.71 
[DRIVER REACTION 1] Physical time: 23324.08 
[DRIVER REACTION 1] LAG: 0.37 
----------------------------------------------------------
The event throttle: 0.611764705882353
The event throttle: 0.615686274509804
----------------------------------------------------------
[sterr,brake,accel] Logical time: 23347.56 
[sterr,brake,accel] Physical time: 23347.71 
[sterr,brake,accel] LAG: 0.15 
----------------------------------------------------------
[DRIVER STATE] accel=0.615686274509804 brake=0.0
----------------------------------------------------------
[DRIVER REACTION 1] Logical time: 23347.56 
[DRIVER REACTION 1] Physical time: 23348.04 
[DRIVER REACTION 1] LAG: 0.48 
----------------------------------------------------------
The event throttle: 0.611764705882353
The event throttle: 0.615686274509804
----------------------------------------------------------
[sterr,brake,accel] Logical time: 23371.68 
[sterr,brake,accel] Physical time: 23371.87 
[sterr,brake,accel] LAG: 0.19 
----------------------------------------------------------
[DRIVER STATE] accel=0.615686274509804 brake=0.0
----------------------------------------------------------
[DRIVER REACTION 1] Logical time: 23371.68 
[DRIVER REACTION 1] Physical time: 23372.19 
[DRIVER REACTION 1] LAG: 0.51 
----------------------------------------------------------
The event throttle: 0.611764705882353
[DEVICE READER CAM read] Physical time: 23404.66 
[DEVICE READER CAM read] LAG: 4.66 
----------------------------------------------------------
[DEVICE READER CAM TIMER] Logical time: 23400.00 
[DEVICE READER CAM TIMER] Physical time: 23404.88 
[DEVICE READER CAM TIMER] LAG: 4.88 
----------------------------------------------------------
----------------------------------------------------------
[DRIVER] Logical time: 23400.00 
[DRIVER] Physical time: 23405.31 
[DRIVER] LAG: 5.31 
----------------------------------------------------------
The event throttle: 0.615686274509804
----------------------------------------------------------
[sterr,brake,accel] Logical time: 23411.72 
[sterr,brake,accel] Physical time: 23411.99 
[sterr,brake,accel] LAG: 0.27 
----------------------------------------------------------
[DRIVER STATE] accel=0.615686274509804 brake=0.0
----------------------------------------------------------
[DRIVER REACTION 1] Logical time: 23411.72 
[DRIVER REACTION 1] Physical time: 23412.73 
[DRIVER REACTION 1] LAG: 1.01 
----------------------------------------------------------
The event throttle: 0.611764705882353
----------------------------------------------------------
[sterr,brake,accel] Logical time: 23435.65 
[sterr,brake,accel] Physical time: 23435.87 
[sterr,brake,accel] LAG: 0.22 
----------------------------------------------------------
[DRIVER STATE] accel=0.611764705882353 brake=0.0
----------------------------------------------------------
[DRIVER REACTION 1] Logical time: 23435.65 
[DRIVER REACTION 1] Physical time: 23436.51 
[DRIVER REACTION 1] LAG: 0.86 
----------------------------------------------------------
The event throttle: 0.615686274509804
The event throttle: 0.611764705882353
----------------------------------------------------------
[sterr,brake,accel] Logical time: 23467.67 
[sterr,brake,accel] Physical time: 23467.94 
[sterr,brake,accel] LAG: 0.26 
----------------------------------------------------------
[DRIVER STATE] accel=0.611764705882353 brake=0.0
----------------------------------------------------------
[DRIVER REACTION 1] Logical time: 23467.67 
[DRIVER REACTION 1] Physical time: 23468.64 
[DRIVER REACTION 1] LAG: 0.96 
----------------------------------------------------------
The event throttle: 0.615686274509804
The event throttle: 0.611764705882353
----------------------------------------------------------
[sterr,brake,accel] Logical time: 23491.64 
[sterr,brake,accel] Physical time: 23491.89 
[sterr,brake,accel] LAG: 0.25 
----------------------------------------------------------
[DRIVER STATE] accel=0.611764705882353 brake=0.0
----------------------------------------------------------
[DRIVER REACTION 1] Logical time: 23491.64 
[DRIVER REACTION 1] Physical time: 23492.57 
[DRIVER REACTION 1] LAG: 0.93 
----------------------------------------------------------
The event throttle: 0.615686274509804
----------------------------------------------------------
[DRIVER] Logical time: 23500.00 
[DRIVER] Physical time: 23500.38 
[DRIVER] LAG: 0.38 
----------------------------------------------------------
[DEVICE READER CAM read] Physical time: 23604.96 
[DEVICE READER CAM read] LAG: 4.96 
----------------------------------------------------------
[DEVICE READER CAM TIMER] Logical time: 23600.00 
[DEVICE READER CAM TIMER] Physical time: 23605.27 
[DEVICE READER CAM TIMER] LAG: 5.27 
----------------------------------------------------------
----------------------------------------------------------
[DRIVER] Logical time: 23600.00 
[DRIVER] Physical time: 23605.58 
[DRIVER] LAG: 5.58 
----------------------------------------------------------
The event throttle: 0.6196078431372549
----------------------------------------------------------
[sterr,brake,accel] Logical time: 23651.79 
[sterr,brake,accel] Physical time: 23652.10 
[sterr,brake,accel] LAG: 0.31 
----------------------------------------------------------
[DRIVER STATE] accel=0.6196078431372549 brake=0.0
----------------------------------------------------------
[DRIVER REACTION 1] Logical time: 23651.79 
[DRIVER REACTION 1] Physical time: 23652.86 
[DRIVER REACTION 1] LAG: 1.06 
----------------------------------------------------------
The event throttle: 0.615686274509804
The event throttle: 0.6196078431372549
----------------------------------------------------------
[sterr,brake,accel] Logical time: 23691.81 
[sterr,brake,accel] Physical time: 23692.14 
[sterr,brake,accel] LAG: 0.33 
----------------------------------------------------------
[DRIVER STATE] accel=0.6196078431372549 brake=0.0
----------------------------------------------------------
[DRIVER REACTION 1] Logical time: 23691.81 
[DRIVER REACTION 1] Physical time: 23692.92 
[DRIVER REACTION 1] LAG: 1.11 
----------------------------------------------------------
The event throttle: 0.6235294117647059
----------------------------------------------------------
[DRIVER] Logical time: 23700.00 
[DRIVER] Physical time: 23700.41 
[DRIVER] LAG: 0.41 
----------------------------------------------------------
The event throttle: 0.6274509803921569
----------------------------------------------------------
[sterr,brake,accel] Logical time: 23739.85 
[sterr,brake,accel] Physical time: 23740.04 
[sterr,brake,accel] LAG: 0.19 
----------------------------------------------------------
[DRIVER STATE] accel=0.6274509803921569 brake=0.0
----------------------------------------------------------
[DRIVER REACTION 1] Logical time: 23739.85 
[DRIVER REACTION 1] Physical time: 23740.45 
[DRIVER REACTION 1] LAG: 0.61 
----------------------------------------------------------
The event throttle: 0.6235294117647059
The event throttle: 0.6274509803921569
The event throttle: 0.6313725490196078
----------------------------------------------------------
[sterr,brake,accel] Logical time: 23779.70 
[sterr,brake,accel] Physical time: 23779.85 
[sterr,brake,accel] LAG: 0.15 
----------------------------------------------------------
[DRIVER STATE] accel=0.6313725490196078 brake=0.0
----------------------------------------------------------
[DRIVER REACTION 1] Logical time: 23779.70 
[DRIVER REACTION 1] Physical time: 23780.20 
[DRIVER REACTION 1] LAG: 0.49 
----------------------------------------------------------
[DEVICE READER CAM read] Physical time: 23804.51 
[DEVICE READER CAM read] LAG: 4.51 
----------------------------------------------------------
[DEVICE READER CAM TIMER] Logical time: 23800.00 
[DEVICE READER CAM TIMER] Physical time: 23804.74 
[DEVICE READER CAM TIMER] LAG: 4.74 
----------------------------------------------------------
Faces: 0
Saved debug (no face)
----------------------------------------------------------
[FACE DETECTOR] Logical time: 23800.00 
[FACE DETECTOR] Physical time: 23874.15 
[FACE DETECTOR] LAG: 74.15 
----------------------------------------------------------
[DRIVER STATE] accel=0.6313725490196078 brake=0.0
----------------------------------------------------------
[DRIVER REACTION 1] Logical time: 23800.00 
[DRIVER REACTION 1] Physical time: 23874.35 
[DRIVER REACTION 1] LAG: 74.35 
----------------------------------------------------------
----------------------------------------------------------
[DRIVER] Logical time: 23800.00 
[DRIVER] Physical time: 23874.42 
[DRIVER] LAG: 74.42 
----------------------------------------------------------
The event throttle: 0.6352941176470588
----------------------------------------------------------
[sterr,brake,accel] Logical time: 23899.79 
[sterr,brake,accel] Physical time: 23900.08 
[sterr,brake,accel] LAG: 0.29 
----------------------------------------------------------
[DRIVER STATE] accel=0.6352941176470588 brake=0.0
----------------------------------------------------------
[DRIVER REACTION 1] Logical time: 23899.79 
[DRIVER REACTION 1] Physical time: 23900.82 
[DRIVER REACTION 1] LAG: 1.03 
----------------------------------------------------------
----------------------------------------------------------
[DRIVER] Logical time: 23900.00 
[DRIVER] Physical time: 23901.38 
[DRIVER] LAG: 1.38 
----------------------------------------------------------
The event throttle: 0.6313725490196078
----------------------------------------------------------
[sterr,brake,accel] Logical time: 23923.72 
[sterr,brake,accel] Physical time: 23923.96 
[sterr,brake,accel] LAG: 0.24 
----------------------------------------------------------
[DRIVER STATE] accel=0.6313725490196078 brake=0.0
----------------------------------------------------------
[DRIVER REACTION 1] Logical time: 23923.72 
[DRIVER REACTION 1] Physical time: 23924.72 
[DRIVER REACTION 1] LAG: 1.00 
----------------------------------------------------------
The event throttle: 0.6352941176470588
The event throttle: 0.6392156862745098
----------------------------------------------------------
[sterr,brake,accel] Logical time: 23955.80 
[sterr,brake,accel] Physical time: 23956.09 
[sterr,brake,accel] LAG: 0.29 
----------------------------------------------------------
[DRIVER STATE] accel=0.6392156862745098 brake=0.0
----------------------------------------------------------
[DRIVER REACTION 1] Logical time: 23955.80 
[DRIVER REACTION 1] Physical time: 23956.77 
[DRIVER REACTION 1] LAG: 0.98 
----------------------------------------------------------
[DEVICE READER CAM read] Physical time: 24008.36 
[DEVICE READER CAM read] LAG: 8.36 
----------------------------------------------------------
[DEVICE READER CAM TIMER] Logical time: 24000.00 
[DEVICE READER CAM TIMER] Physical time: 24008.54 
[DEVICE READER CAM TIMER] LAG: 8.54 
----------------------------------------------------------
----------------------------------------------------------
[DRIVER] Logical time: 24000.00 
[DRIVER] Physical time: 24009.02 
[DRIVER] LAG: 9.02 
----------------------------------------------------------
The event throttle: 0.6431372549019608
----------------------------------------------------------
[sterr,brake,accel] Logical time: 24019.65 
[sterr,brake,accel] Physical time: 24019.81 
[sterr,brake,accel] LAG: 0.16 
----------------------------------------------------------
[DRIVER STATE] accel=0.6431372549019608 brake=0.0
----------------------------------------------------------
[DRIVER REACTION 1] Logical time: 24019.65 
[DRIVER REACTION 1] Physical time: 24020.18 
[DRIVER REACTION 1] LAG: 0.52 
----------------------------------------------------------
The event throttle: 0.6470588235294118
----------------------------------------------------------
[sterr,brake,accel] Logical time: 24075.87 
[sterr,brake,accel] Physical time: 24076.16 
[sterr,brake,accel] LAG: 0.29 
----------------------------------------------------------
[DRIVER STATE] accel=0.6470588235294118 brake=0.0
----------------------------------------------------------
[DRIVER REACTION 1] Logical time: 24075.87 
[DRIVER REACTION 1] Physical time: 24076.86 
[DRIVER REACTION 1] LAG: 0.99 
----------------------------------------------------------
The event throttle: 0.6509803921568628
----------------------------------------------------------
[DRIVER] Logical time: 24100.00 
[DRIVER] Physical time: 24100.40 
[DRIVER] LAG: 0.40 
----------------------------------------------------------
The event throttle: 0.6549019607843137
----------------------------------------------------------
[sterr,brake,accel] Logical time: 24107.91 
[sterr,brake,accel] Physical time: 24108.18 
[sterr,brake,accel] LAG: 0.27 
----------------------------------------------------------
[DRIVER STATE] accel=0.6549019607843137 brake=0.0
----------------------------------------------------------
[DRIVER REACTION 1] Logical time: 24107.91 
[DRIVER REACTION 1] Physical time: 24108.85 
[DRIVER REACTION 1] LAG: 0.95 
----------------------------------------------------------
The event throttle: 0.6509803921568628
The event throttle: 0.6549019607843137
The event throttle: 0.6588235294117647
----------------------------------------------------------
[sterr,brake,accel] Logical time: 24139.77 
[sterr,brake,accel] Physical time: 24140.06 
[sterr,brake,accel] LAG: 0.28 
----------------------------------------------------------
[DRIVER STATE] accel=0.6588235294117647 brake=0.0
----------------------------------------------------------
[DRIVER REACTION 1] Logical time: 24139.77 
[DRIVER REACTION 1] Physical time: 24140.75 
[DRIVER REACTION 1] LAG: 0.98 
----------------------------------------------------------
The event throttle: 0.6627450980392157
The event throttle: 0.6666666666666666
The event throttle: 0.6745098039215687
----------------------------------------------------------
[sterr,brake,accel] Logical time: 24163.80 
[sterr,brake,accel] Physical time: 24164.06 
[sterr,brake,accel] LAG: 0.26 
----------------------------------------------------------
[DRIVER STATE] accel=0.6745098039215687 brake=0.0
----------------------------------------------------------
[DRIVER REACTION 1] Logical time: 24163.80 
[DRIVER REACTION 1] Physical time: 24164.66 
[DRIVER REACTION 1] LAG: 0.86 
----------------------------------------------------------
The event throttle: 0.6823529411764706
The event throttle: 0.6901960784313725
The event throttle: 0.6941176470588235
----------------------------------------------------------
[sterr,brake,accel] Logical time: 24187.68 
[sterr,brake,accel] Physical time: 24187.96 
[sterr,brake,accel] LAG: 0.28 
----------------------------------------------------------
[DRIVER STATE] accel=0.6941176470588235 brake=0.0
----------------------------------------------------------
[DRIVER REACTION 1] Logical time: 24187.68 
[DRIVER REACTION 1] Physical time: 24188.60 
[DRIVER REACTION 1] LAG: 0.93 
----------------------------------------------------------
The event throttle: 0.6980392156862745
[DEVICE READER CAM read] Physical time: 24204.15 
[DEVICE READER CAM read] LAG: 4.15 
----------------------------------------------------------
[DEVICE READER CAM TIMER] Logical time: 24200.00 
[DEVICE READER CAM TIMER] Physical time: 24204.37 
[DEVICE READER CAM TIMER] LAG: 4.37 
----------------------------------------------------------
----------------------------------------------------------
[DRIVER] Logical time: 24200.00 
[DRIVER] Physical time: 24204.89 
[DRIVER] LAG: 4.89 
----------------------------------------------------------
The event throttle: 0.7019607843137254
----------------------------------------------------------
[sterr,brake,accel] Logical time: 24211.68 
[sterr,brake,accel] Physical time: 24211.83 
[sterr,brake,accel] LAG: 0.16 
----------------------------------------------------------
[DRIVER STATE] accel=0.7019607843137254 brake=0.0
----------------------------------------------------------
[DRIVER REACTION 1] Logical time: 24211.68 
[DRIVER REACTION 1] Physical time: 24212.19 
[DRIVER REACTION 1] LAG: 0.51 
----------------------------------------------------------
The event throttle: 0.7058823529411765
The event throttle: 0.7098039215686275
The event throttle: 0.7137254901960784
----------------------------------------------------------
[sterr,brake,accel] Logical time: 24243.74 
[sterr,brake,accel] Physical time: 24243.99 
[sterr,brake,accel] LAG: 0.25 
----------------------------------------------------------
[DRIVER STATE] accel=0.7137254901960784 brake=0.0
----------------------------------------------------------
[DRIVER REACTION 1] Logical time: 24243.74 
[DRIVER REACTION 1] Physical time: 24244.60 
[DRIVER REACTION 1] LAG: 0.86 
----------------------------------------------------------
The event throttle: 0.7176470588235294
The event throttle: 0.7215686274509804
----------------------------------------------------------
[sterr,brake,accel] Logical time: 24267.77 
[sterr,brake,accel] Physical time: 24268.02 
[sterr,brake,accel] LAG: 0.25 
----------------------------------------------------------
[DRIVER STATE] accel=0.7215686274509804 brake=0.0
----------------------------------------------------------
[DRIVER REACTION 1] Logical time: 24267.77 
[DRIVER REACTION 1] Physical time: 24268.61 
[DRIVER REACTION 1] LAG: 0.84 
----------------------------------------------------------
The event throttle: 0.7294117647058823
The event throttle: 0.7333333333333333
----------------------------------------------------------
[sterr,brake,accel] Logical time: 24291.68 
[sterr,brake,accel] Physical time: 24291.94 
[sterr,brake,accel] LAG: 0.26 
----------------------------------------------------------
[DRIVER STATE] accel=0.7333333333333333 brake=0.0
----------------------------------------------------------
[DRIVER REACTION 1] Logical time: 24291.68 
[DRIVER REACTION 1] Physical time: 24292.64 
[DRIVER REACTION 1] LAG: 0.95 
----------------------------------------------------------
----------------------------------------------------------
[DRIVER] Logical time: 24300.00 
[DRIVER] Physical time: 24300.49 
[DRIVER] LAG: 0.49 
----------------------------------------------------------
The event throttle: 0.7372549019607844
The event throttle: 0.7411764705882353
----------------------------------------------------------
[sterr,brake,accel] Logical time: 24355.95 
[sterr,brake,accel] Physical time: 24356.31 
[sterr,brake,accel] LAG: 0.36 
----------------------------------------------------------
[DRIVER STATE] accel=0.7411764705882353 brake=0.0
----------------------------------------------------------
[DRIVER REACTION 1] Logical time: 24355.95 
[DRIVER REACTION 1] Physical time: 24357.03 
[DRIVER REACTION 1] LAG: 1.08 
----------------------------------------------------------
The event throttle: 0.7450980392156863
----------------------------------------------------------
[sterr,brake,accel] Logical time: 24379.89 
[sterr,brake,accel] Physical time: 24380.13 
[sterr,brake,accel] LAG: 0.24 
----------------------------------------------------------
[DRIVER STATE] accel=0.7450980392156863 brake=0.0
----------------------------------------------------------
[DRIVER REACTION 1] Logical time: 24379.89 
[DRIVER REACTION 1] Physical time: 24380.73 
[DRIVER REACTION 1] LAG: 0.84 
----------------------------------------------------------
[DEVICE READER CAM read] Physical time: 24404.50 
[DEVICE READER CAM read] LAG: 4.50 
----------------------------------------------------------
[DEVICE READER CAM TIMER] Logical time: 24400.00 
[DEVICE READER CAM TIMER] Physical time: 24404.72 
[DEVICE READER CAM TIMER] LAG: 4.72 
----------------------------------------------------------
----------------------------------------------------------
[DRIVER] Logical time: 24400.00 
[DRIVER] Physical time: 24405.51 
[DRIVER] LAG: 5.51 
----------------------------------------------------------
The event throttle: 0.7490196078431373
----------------------------------------------------------
[sterr,brake,accel] Logical time: 24419.78 
[sterr,brake,accel] Physical time: 24420.02 
[sterr,brake,accel] LAG: 0.24 
----------------------------------------------------------
[DRIVER STATE] accel=0.7490196078431373 brake=0.0
----------------------------------------------------------
[DRIVER REACTION 1] Logical time: 24419.78 
[DRIVER REACTION 1] Physical time: 24420.60 
[DRIVER REACTION 1] LAG: 0.82 
----------------------------------------------------------
The event throttle: 0.7529411764705882
The event throttle: 0.7568627450980392
----------------------------------------------------------
[sterr,brake,accel] Logical time: 24443.68 
[sterr,brake,accel] Physical time: 24443.93 
[sterr,brake,accel] LAG: 0.25 
----------------------------------------------------------
[DRIVER STATE] accel=0.7568627450980392 brake=0.0
----------------------------------------------------------
[DRIVER REACTION 1] Logical time: 24443.68 
[DRIVER REACTION 1] Physical time: 24444.52 
[DRIVER REACTION 1] LAG: 0.84 
----------------------------------------------------------
The event throttle: 0.7607843137254902
----------------------------------------------------------
[sterr,brake,accel] Logical time: 24475.88 
[sterr,brake,accel] Physical time: 24476.17 
[sterr,brake,accel] LAG: 0.29 
----------------------------------------------------------
[DRIVER STATE] accel=0.7607843137254902 brake=0.0
----------------------------------------------------------
[DRIVER REACTION 1] Logical time: 24475.88 
[DRIVER REACTION 1] Physical time: 24476.84 
[DRIVER REACTION 1] LAG: 0.96 
----------------------------------------------------------
The event throttle: 0.7647058823529411
The event throttle: 0.7686274509803922
----------------------------------------------------------
[sterr,brake,accel] Logical time: 24499.89 
[sterr,brake,accel] Physical time: 24500.20 
[sterr,brake,accel] LAG: 0.31 
----------------------------------------------------------
[DRIVER STATE] accel=0.7686274509803922 brake=0.0
----------------------------------------------------------
[DRIVER REACTION 1] Logical time: 24499.89 
[DRIVER REACTION 1] Physical time: 24500.99 
[DRIVER REACTION 1] LAG: 1.10 
----------------------------------------------------------
----------------------------------------------------------
[DRIVER] Logical time: 24500.00 
[DRIVER] Physical time: 24501.56 
[DRIVER] LAG: 1.56 
----------------------------------------------------------
The event throttle: 0.7725490196078432
The event throttle: 0.7803921568627451
The event throttle: 0.788235294117647
----------------------------------------------------------
[sterr,brake,accel] Logical time: 24531.82 
[sterr,brake,accel] Physical time: 24532.10 
[sterr,brake,accel] LAG: 0.28 
----------------------------------------------------------
[DRIVER STATE] accel=0.788235294117647 brake=0.0
----------------------------------------------------------
[DRIVER REACTION 1] Logical time: 24531.82 
[DRIVER REACTION 1] Physical time: 24532.81 
[DRIVER REACTION 1] LAG: 0.99 
----------------------------------------------------------
The event throttle: 0.792156862745098
----------------------------------------------------------
[sterr,brake,accel] Logical time: 24563.88 
[sterr,brake,accel] Physical time: 24564.15 
[sterr,brake,accel] LAG: 0.27 
----------------------------------------------------------
[DRIVER STATE] accel=0.792156862745098 brake=0.0
----------------------------------------------------------
[DRIVER REACTION 1] Logical time: 24563.88 
[DRIVER REACTION 1] Physical time: 24564.81 
[DRIVER REACTION 1] LAG: 0.93 
----------------------------------------------------------
The event throttle: 0.788235294117647
The event throttle: 0.792156862745098
----------------------------------------------------------
[sterr,brake,accel] Logical time: 24587.78 
[sterr,brake,accel] Physical time: 24588.05 
[sterr,brake,accel] LAG: 0.27 
----------------------------------------------------------
[DRIVER STATE] accel=0.792156862745098 brake=0.0
----------------------------------------------------------
[DRIVER REACTION 1] Logical time: 24587.78 
[DRIVER REACTION 1] Physical time: 24588.69 
[DRIVER REACTION 1] LAG: 0.91 
----------------------------------------------------------
The event throttle: 0.788235294117647
The event throttle: 0.792156862745098
[DEVICE READER CAM read] Physical time: 24604.89 
[DEVICE READER CAM read] LAG: 4.89 
----------------------------------------------------------
[DEVICE READER CAM TIMER] Logical time: 24600.00 
[DEVICE READER CAM TIMER] Physical time: 24605.10 
[DEVICE READER CAM TIMER] LAG: 5.10 
----------------------------------------------------------
----------------------------------------------------------
[DRIVER] Logical time: 24600.00 
[DRIVER] Physical time: 24605.66 
[DRIVER] LAG: 5.66 
----------------------------------------------------------
The event throttle: 0.788235294117647
----------------------------------------------------------
[sterr,brake,accel] Logical time: 24619.73 
[sterr,brake,accel] Physical time: 24619.89 
[sterr,brake,accel] LAG: 0.16 
----------------------------------------------------------
[DRIVER STATE] accel=0.788235294117647 brake=0.0
----------------------------------------------------------
[DRIVER REACTION 1] Logical time: 24619.73 
[DRIVER REACTION 1] Physical time: 24620.31 
[DRIVER REACTION 1] LAG: 0.57 
----------------------------------------------------------
The event throttle: 0.792156862745098
The event throttle: 0.788235294117647
----------------------------------------------------------
[DRIVER] Logical time: 24700.00 
[DRIVER] Physical time: 24700.50 
[DRIVER] LAG: 0.50 
----------------------------------------------------------
The event throttle: 0.796078431372549
----------------------------------------------------------
[sterr,brake,accel] Logical time: 24707.94 
[sterr,brake,accel] Physical time: 24708.28 
[sterr,brake,accel] LAG: 0.34 
----------------------------------------------------------
[DRIVER STATE] accel=0.796078431372549 brake=0.0
----------------------------------------------------------
[DRIVER REACTION 1] Logical time: 24707.94 
[DRIVER REACTION 1] Physical time: 24709.00 
[DRIVER REACTION 1] LAG: 1.06 
----------------------------------------------------------
The event throttle: 0.788235294117647
The event throttle: 0.792156862745098
----------------------------------------------------------
[sterr,brake,accel] Logical time: 24747.92 
[sterr,brake,accel] Physical time: 24748.30 
[sterr,brake,accel] LAG: 0.38 
----------------------------------------------------------
[DRIVER STATE] accel=0.792156862745098 brake=0.0
----------------------------------------------------------
[DRIVER REACTION 1] Logical time: 24747.92 
[DRIVER REACTION 1] Physical time: 24748.96 
[DRIVER REACTION 1] LAG: 1.04 
----------------------------------------------------------
The event throttle: 0.788235294117647
[DEVICE READER CAM read] Physical time: 24804.75 
[DEVICE READER CAM read] LAG: 4.75 
----------------------------------------------------------
[DEVICE READER CAM TIMER] Logical time: 24800.00 
[DEVICE READER CAM TIMER] Physical time: 24805.02 
[DEVICE READER CAM TIMER] LAG: 5.02 
----------------------------------------------------------
Faces: 0
The event throttle: 0.792156862745098
Saved debug (no face)
----------------------------------------------------------
[FACE DETECTOR] Logical time: 24800.00 
[FACE DETECTOR] Physical time: 24880.29 
[FACE DETECTOR] LAG: 80.29 
----------------------------------------------------------
[DRIVER STATE] accel=0.792156862745098 brake=0.0
----------------------------------------------------------
[DRIVER REACTION 1] Logical time: 24800.00 
[DRIVER REACTION 1] Physical time: 24880.98 
[DRIVER REACTION 1] LAG: 80.98 
----------------------------------------------------------
----------------------------------------------------------
[DRIVER] Logical time: 24800.00 
[DRIVER] Physical time: 24881.12 
[DRIVER] LAG: 81.12 
----------------------------------------------------------
----------------------------------------------------------
[sterr,brake,accel] Logical time: 24875.79 
[sterr,brake,accel] Physical time: 24881.98 
[sterr,brake,accel] LAG: 6.18 
----------------------------------------------------------
[DRIVER STATE] accel=0.792156862745098 brake=0.0
----------------------------------------------------------
[DRIVER REACTION 1] Logical time: 24875.79 
[DRIVER REACTION 1] Physical time: 24882.39 
[DRIVER REACTION 1] LAG: 6.60 
----------------------------------------------------------
The event throttle: 0.788235294117647
The event throttle: 0.796078431372549
The event throttle: 0.792156862745098
----------------------------------------------------------
[sterr,brake,accel] Logical time: 24899.86 
[sterr,brake,accel] Physical time: 24900.18 
[sterr,brake,accel] LAG: 0.32 
----------------------------------------------------------
[DRIVER STATE] accel=0.792156862745098 brake=0.0
----------------------------------------------------------
[DRIVER REACTION 1] Logical time: 24899.86 
[DRIVER REACTION 1] Physical time: 24900.89 
[DRIVER REACTION 1] LAG: 1.03 
----------------------------------------------------------
----------------------------------------------------------
[DRIVER] Logical time: 24900.00 
[DRIVER] Physical time: 24901.40 
[DRIVER] LAG: 1.40 
----------------------------------------------------------
The event throttle: 0.796078431372549
The event throttle: 0.788235294117647
The event throttle: 0.792156862745098
----------------------------------------------------------
[sterr,brake,accel] Logical time: 24931.86 
[sterr,brake,accel] Physical time: 24932.03 
[sterr,brake,accel] LAG: 0.17 
----------------------------------------------------------
[DRIVER STATE] accel=0.792156862745098 brake=0.0
----------------------------------------------------------
[DRIVER REACTION 1] Logical time: 24931.86 
[DRIVER REACTION 1] Physical time: 24932.40 
[DRIVER REACTION 1] LAG: 0.54 
----------------------------------------------------------
The event throttle: 0.788235294117647
The event throttle: 0.796078431372549
----------------------------------------------------------
[sterr,brake,accel] Logical time: 24955.83 
[sterr,brake,accel] Physical time: 24955.99 
[sterr,brake,accel] LAG: 0.16 
----------------------------------------------------------
[DRIVER STATE] accel=0.796078431372549 brake=0.0
----------------------------------------------------------
[DRIVER REACTION 1] Logical time: 24955.83 
[DRIVER REACTION 1] Physical time: 24956.33 
[DRIVER REACTION 1] LAG: 0.49 
----------------------------------------------------------
The event throttle: 0.792156862745098
The event throttle: 0.788235294117647
----------------------------------------------------------
[sterr,brake,accel] Logical time: 24979.82 
[sterr,brake,accel] Physical time: 24979.97 
[sterr,brake,accel] LAG: 0.15 
----------------------------------------------------------
[DRIVER STATE] accel=0.788235294117647 brake=0.0
----------------------------------------------------------
[DRIVER REACTION 1] Logical time: 24979.82 
[DRIVER REACTION 1] Physical time: 24980.35 
[DRIVER REACTION 1] LAG: 0.53 
----------------------------------------------------------
The event throttle: 0.792156862745098
[DEVICE READER CAM read] Physical time: 25004.36 
[DEVICE READER CAM read] LAG: 4.36 
----------------------------------------------------------
[DEVICE READER CAM TIMER] Logical time: 25000.00 
[DEVICE READER CAM TIMER] Physical time: 25004.58 
[DEVICE READER CAM TIMER] LAG: 4.58 
----------------------------------------------------------
----------------------------------------------------------
[DRIVER] Logical time: 25000.00 
[DRIVER] Physical time: 25004.78 
[DRIVER] LAG: 4.78 
----------------------------------------------------------
The event throttle: 0.788235294117647
----------------------------------------------------------
[sterr,brake,accel] Logical time: 25011.94 
[sterr,brake,accel] Physical time: 25012.20 
[sterr,brake,accel] LAG: 0.27 
----------------------------------------------------------
[DRIVER STATE] accel=0.788235294117647 brake=0.0
----------------------------------------------------------
[DRIVER REACTION 1] Logical time: 25011.94 
[DRIVER REACTION 1] Physical time: 25012.94 
[DRIVER REACTION 1] LAG: 1.00 
----------------------------------------------------------
The event throttle: 0.7843137254901961
The event throttle: 0.788235294117647
----------------------------------------------------------
[sterr,brake,accel] Logical time: 25035.83 
[sterr,brake,accel] Physical time: 25036.10 
[sterr,brake,accel] LAG: 0.27 
----------------------------------------------------------
[DRIVER STATE] accel=0.788235294117647 brake=0.0
----------------------------------------------------------
[DRIVER REACTION 1] Logical time: 25035.83 
[DRIVER REACTION 1] Physical time: 25036.77 
[DRIVER REACTION 1] LAG: 0.93 
----------------------------------------------------------
The event throttle: 0.7803921568627451
The event throttle: 0.792156862745098
The event throttle: 0.8
----------------------------------------------------------
[sterr,brake,accel] Logical time: 25091.98 
[sterr,brake,accel] Physical time: 25092.45 
[sterr,brake,accel] LAG: 0.47 
----------------------------------------------------------
[DRIVER STATE] accel=0.8 brake=0.0
----------------------------------------------------------
[DRIVER REACTION 1] Logical time: 25091.98 
[DRIVER REACTION 1] Physical time: 25093.22 
[DRIVER REACTION 1] LAG: 1.24 
----------------------------------------------------------
The event throttle: 0.792156862745098
----------------------------------------------------------
[DRIVER] Logical time: 25100.00 
[DRIVER] Physical time: 25100.35 
[DRIVER] LAG: 0.35 
----------------------------------------------------------
The event throttle: 0.7725490196078432
The event throttle: 0.796078431372549
----------------------------------------------------------
[sterr,brake,accel] Logical time: 25115.77 
[sterr,brake,accel] Physical time: 25116.04 
[sterr,brake,accel] LAG: 0.27 
----------------------------------------------------------
[DRIVER STATE] accel=0.796078431372549 brake=0.0
----------------------------------------------------------
[DRIVER REACTION 1] Logical time: 25115.77 
[DRIVER REACTION 1] Physical time: 25116.72 
[DRIVER REACTION 1] LAG: 0.95 
----------------------------------------------------------
The event throttle: 0.8
The event throttle: 0.807843137254902
----------------------------------------------------------
[sterr,brake,accel] Logical time: 25163.99 
[sterr,brake,accel] Physical time: 25164.40 
[sterr,brake,accel] LAG: 0.40 
----------------------------------------------------------
[DRIVER STATE] accel=0.807843137254902 brake=0.0
----------------------------------------------------------
[DRIVER REACTION 1] Logical time: 25163.99 
[DRIVER REACTION 1] Physical time: 25165.20 
[DRIVER REACTION 1] LAG: 1.21 
----------------------------------------------------------
The event throttle: 0.803921568627451
[DEVICE READER CAM read] Physical time: 25204.45 
[DEVICE READER CAM read] LAG: 4.45 
----------------------------------------------------------
[DEVICE READER CAM TIMER] Logical time: 25200.00 
[DEVICE READER CAM TIMER] Physical time: 25204.68 
[DEVICE READER CAM TIMER] LAG: 4.68 
----------------------------------------------------------
----------------------------------------------------------
[DRIVER] Logical time: 25200.00 
[DRIVER] Physical time: 25205.32 
[DRIVER] LAG: 5.32 
----------------------------------------------------------
The event throttle: 0.807843137254902
----------------------------------------------------------
[sterr,brake,accel] Logical time: 25211.88 
[sterr,brake,accel] Physical time: 25211.99 
[sterr,brake,accel] LAG: 0.11 
----------------------------------------------------------
[DRIVER STATE] accel=0.807843137254902 brake=0.0
----------------------------------------------------------
[DRIVER REACTION 1] Logical time: 25211.88 
[DRIVER REACTION 1] Physical time: 25212.30 
[DRIVER REACTION 1] LAG: 0.43 
----------------------------------------------------------
The event throttle: 0.803921568627451
The event throttle: 0.8
The event throttle: 0.807843137254902
----------------------------------------------------------
[sterr,brake,accel] Logical time: 25235.88 
[sterr,brake,accel] Physical time: 25236.04 
[sterr,brake,accel] LAG: 0.16 
----------------------------------------------------------
[DRIVER STATE] accel=0.807843137254902 brake=0.0
----------------------------------------------------------
[DRIVER REACTION 1] Logical time: 25235.88 
[DRIVER REACTION 1] Physical time: 25236.40 
[DRIVER REACTION 1] LAG: 0.51 
----------------------------------------------------------
The event throttle: 0.803921568627451
The event throttle: 0.8117647058823529
The event throttle: 0.8156862745098039
----------------------------------------------------------
[sterr,brake,accel] Logical time: 25259.80 
[sterr,brake,accel] Physical time: 25259.93 
[sterr,brake,accel] LAG: 0.14 
----------------------------------------------------------
[DRIVER STATE] accel=0.8156862745098039 brake=0.0
----------------------------------------------------------
[DRIVER REACTION 1] Logical time: 25259.80 
[DRIVER REACTION 1] Physical time: 25260.19 
[DRIVER REACTION 1] LAG: 0.40 
----------------------------------------------------------
The event throttle: 0.8196078431372549
The event throttle: 0.8313725490196079
----------------------------------------------------------
[sterr,brake,accel] Logical time: 25291.93 
[sterr,brake,accel] Physical time: 25292.10 
[sterr,brake,accel] LAG: 0.17 
----------------------------------------------------------
[DRIVER STATE] accel=0.8313725490196079 brake=0.0
----------------------------------------------------------
[DRIVER REACTION 1] Logical time: 25291.93 
[DRIVER REACTION 1] Physical time: 25292.45 
[DRIVER REACTION 1] LAG: 0.52 
----------------------------------------------------------
The event throttle: 0.8235294117647058
----------------------------------------------------------
[DRIVER] Logical time: 25300.00 
[DRIVER] Physical time: 25300.17 
[DRIVER] LAG: 0.17 
----------------------------------------------------------
The event throttle: 0.8274509803921568
The event throttle: 0.8235294117647058
----------------------------------------------------------
[sterr,brake,accel] Logical time: 25315.82 
[sterr,brake,accel] Physical time: 25316.07 
[sterr,brake,accel] LAG: 0.25 
----------------------------------------------------------
[DRIVER STATE] accel=0.8235294117647058 brake=0.0
----------------------------------------------------------
[DRIVER REACTION 1] Logical time: 25315.82 
[DRIVER REACTION 1] Physical time: 25316.68 
[DRIVER REACTION 1] LAG: 0.86 
----------------------------------------------------------
The event throttle: 0.8274509803921568
The event throttle: 0.8313725490196079
----------------------------------------------------------
[sterr,brake,accel] Logical time: 25339.86 
[sterr,brake,accel] Physical time: 25340.13 
[sterr,brake,accel] LAG: 0.27 
----------------------------------------------------------
[DRIVER STATE] accel=0.8313725490196079 brake=0.0
----------------------------------------------------------
[DRIVER REACTION 1] Logical time: 25339.86 
[DRIVER REACTION 1] Physical time: 25340.79 
[DRIVER REACTION 1] LAG: 0.94 
----------------------------------------------------------
The event throttle: 0.8509803921568627
The event throttle: 0.8431372549019608
The event throttle: 0.8549019607843137
----------------------------------------------------------
[sterr,brake,accel] Logical time: 25363.87 
[sterr,brake,accel] Physical time: 25364.15 
[sterr,brake,accel] LAG: 0.29 
----------------------------------------------------------
[DRIVER STATE] accel=0.8549019607843137 brake=0.0
----------------------------------------------------------
[DRIVER REACTION 1] Logical time: 25363.87 
[DRIVER REACTION 1] Physical time: 25364.82 
[DRIVER REACTION 1] LAG: 0.96 
----------------------------------------------------------
The event throttle: 0.8431372549019608
The event throttle: 0.8470588235294118
The event throttle: 0.8431372549019608
----------------------------------------------------------
[sterr,brake,accel] Logical time: 25387.89 
[sterr,brake,accel] Physical time: 25388.14 
[sterr,brake,accel] LAG: 0.25 
----------------------------------------------------------
[DRIVER STATE] accel=0.8431372549019608 brake=0.0
----------------------------------------------------------
[DRIVER REACTION 1] Logical time: 25387.89 
[DRIVER REACTION 1] Physical time: 25388.72 
[DRIVER REACTION 1] LAG: 0.83 
----------------------------------------------------------
The event throttle: 0.8470588235294118
[DEVICE READER CAM read] Physical time: 25406.79 
[DEVICE READER CAM read] LAG: 6.79 
----------------------------------------------------------
[DEVICE READER CAM TIMER] Logical time: 25400.00 
[DEVICE READER CAM TIMER] Physical time: 25407.01 
[DEVICE READER CAM TIMER] LAG: 7.01 
----------------------------------------------------------
----------------------------------------------------------
[DRIVER] Logical time: 25400.00 
[DRIVER] Physical time: 25407.58 
[DRIVER] LAG: 7.58 
----------------------------------------------------------
The event throttle: 0.8392156862745098
----------------------------------------------------------
[sterr,brake,accel] Logical time: 25427.96 
[sterr,brake,accel] Physical time: 25428.10 
[sterr,brake,accel] LAG: 0.14 
----------------------------------------------------------
[DRIVER STATE] accel=0.8392156862745098 brake=0.0
----------------------------------------------------------
[DRIVER REACTION 1] Logical time: 25427.96 
[DRIVER REACTION 1] Physical time: 25428.41 
[DRIVER REACTION 1] LAG: 0.46 
----------------------------------------------------------
The event throttle: 0.8509803921568627
The event throttle: 0.8431372549019608
The event throttle: 0.8509803921568627
----------------------------------------------------------
[sterr,brake,accel] Logical time: 25451.88 
[sterr,brake,accel] Physical time: 25452.05 
[sterr,brake,accel] LAG: 0.17 
----------------------------------------------------------
[DRIVER STATE] accel=0.8509803921568627 brake=0.0
----------------------------------------------------------
[DRIVER REACTION 1] Logical time: 25451.88 
[DRIVER REACTION 1] Physical time: 25452.43 
[DRIVER REACTION 1] LAG: 0.55 
----------------------------------------------------------
The event throttle: 0.8549019607843137
The event throttle: 0.8509803921568627
----------------------------------------------------------
[sterr,brake,accel] Logical time: 25475.84 
[sterr,brake,accel] Physical time: 25475.98 
[sterr,brake,accel] LAG: 0.15 
----------------------------------------------------------
[DRIVER STATE] accel=0.8509803921568627 brake=0.0
----------------------------------------------------------
[DRIVER REACTION 1] Logical time: 25475.84 
[DRIVER REACTION 1] Physical time: 25476.35 
[DRIVER REACTION 1] LAG: 0.51 
----------------------------------------------------------
The event throttle: 0.8588235294117647
The event throttle: 0.8509803921568627
The event throttle: 0.8549019607843137
----------------------------------------------------------
[sterr,brake,accel] Logical time: 25499.96 
[sterr,brake,accel] Physical time: 25500.10 
[sterr,brake,accel] LAG: 0.15 
----------------------------------------------------------
[DRIVER STATE] accel=0.8549019607843137 brake=0.0
----------------------------------------------------------
[DRIVER REACTION 1] Logical time: 25499.96 
[DRIVER REACTION 1] Physical time: 25500.48 
[DRIVER REACTION 1] LAG: 0.52 
----------------------------------------------------------
----------------------------------------------------------
[DRIVER] Logical time: 25500.00 
[DRIVER] Physical time: 25500.65 
[DRIVER] LAG: 0.65 
----------------------------------------------------------
The event throttle: 0.8431372549019608
----------------------------------------------------------
[sterr,brake,accel] Logical time: 25523.96 
[sterr,brake,accel] Physical time: 25524.22 
[sterr,brake,accel] LAG: 0.26 
----------------------------------------------------------
[DRIVER STATE] accel=0.8431372549019608 brake=0.0
----------------------------------------------------------
[DRIVER REACTION 1] Logical time: 25523.96 
[DRIVER REACTION 1] Physical time: 25524.84 
[DRIVER REACTION 1] LAG: 0.88 
----------------------------------------------------------
The event throttle: 0.8588235294117647
The event throttle: 0.8549019607843137
The event throttle: 0.8666666666666667
----------------------------------------------------------
[sterr,brake,accel] Logical time: 25547.85 
[sterr,brake,accel] Physical time: 25548.13 
[sterr,brake,accel] LAG: 0.28 
----------------------------------------------------------
[DRIVER STATE] accel=0.8666666666666667 brake=0.0
----------------------------------------------------------
[DRIVER REACTION 1] Logical time: 25547.85 
[DRIVER REACTION 1] Physical time: 25548.81 
[DRIVER REACTION 1] LAG: 0.96 
----------------------------------------------------------
The event throttle: 0.8588235294117647
The event throttle: 0.8509803921568627
The event throttle: 0.8627450980392157
----------------------------------------------------------
[sterr,brake,accel] Logical time: 25571.85 
[sterr,brake,accel] Physical time: 25572.11 
[sterr,brake,accel] LAG: 0.26 
----------------------------------------------------------
[DRIVER STATE] accel=0.8627450980392157 brake=0.0
----------------------------------------------------------
[DRIVER REACTION 1] Logical time: 25571.85 
[DRIVER REACTION 1] Physical time: 25572.73 
[DRIVER REACTION 1] LAG: 0.88 
----------------------------------------------------------
The event throttle: 0.8588235294117647
The event throttle: 0.8666666666666667
----------------------------------------------------------
[sterr,brake,accel] Logical time: 25595.97 
[sterr,brake,accel] Physical time: 25596.32 
[sterr,brake,accel] LAG: 0.35 
----------------------------------------------------------
[DRIVER STATE] accel=0.8666666666666667 brake=0.0
----------------------------------------------------------
[DRIVER REACTION 1] Logical time: 25595.97 
[DRIVER REACTION 1] Physical time: 25597.02 
[DRIVER REACTION 1] LAG: 1.04 
----------------------------------------------------------
[DEVICE READER CAM read] Physical time: 25604.43 
[DEVICE READER CAM read] LAG: 4.43 
----------------------------------------------------------
[DEVICE READER CAM TIMER] Logical time: 25600.00 
[DEVICE READER CAM TIMER] Physical time: 25604.65 
[DEVICE READER CAM TIMER] LAG: 4.65 
----------------------------------------------------------
----------------------------------------------------------
[DRIVER] Logical time: 25600.00 
[DRIVER] Physical time: 25605.28 
[DRIVER] LAG: 5.28 
----------------------------------------------------------
The event throttle: 0.8705882352941177
The event throttle: 0.8941176470588236
----------------------------------------------------------
[sterr,brake,accel] Logical time: 25627.93 
[sterr,brake,accel] Physical time: 25628.08 
[sterr,brake,accel] LAG: 0.15 
----------------------------------------------------------
[DRIVER STATE] accel=0.8941176470588236 brake=0.0
----------------------------------------------------------
[DRIVER REACTION 1] Logical time: 25627.93 
[DRIVER REACTION 1] Physical time: 25628.43 
[DRIVER REACTION 1] LAG: 0.50 
----------------------------------------------------------
The event throttle: 0.8745098039215686
The event throttle: 0.8823529411764706
----------------------------------------------------------
[sterr,brake,accel] Logical time: 25651.90 
[sterr,brake,accel] Physical time: 25652.05 
[sterr,brake,accel] LAG: 0.15 
----------------------------------------------------------
[DRIVER STATE] accel=0.8823529411764706 brake=0.0
----------------------------------------------------------
[DRIVER REACTION 1] Logical time: 25651.90 
[DRIVER REACTION 1] Physical time: 25652.39 
[DRIVER REACTION 1] LAG: 0.49 
----------------------------------------------------------
The event throttle: 0.8745098039215686
The event throttle: 0.8784313725490196
The event throttle: 0.8823529411764706
----------------------------------------------------------
[sterr,brake,accel] Logical time: 25676.06 
[sterr,brake,accel] Physical time: 25676.22 
[sterr,brake,accel] LAG: 0.16 
----------------------------------------------------------
[DRIVER STATE] accel=0.8823529411764706 brake=0.0
----------------------------------------------------------
[DRIVER REACTION 1] Logical time: 25676.06 
[DRIVER REACTION 1] Physical time: 25676.61 
[DRIVER REACTION 1] LAG: 0.55 
----------------------------------------------------------
The event throttle: 0.8901960784313725
The event throttle: 0.8980392156862745
----------------------------------------------------------
[sterr,brake,accel] Logical time: 25699.94 
[sterr,brake,accel] Physical time: 25700.09 
[sterr,brake,accel] LAG: 0.15 
----------------------------------------------------------
[DRIVER STATE] accel=0.8980392156862745 brake=0.0
----------------------------------------------------------
[DRIVER REACTION 1] Logical time: 25699.94 
[DRIVER REACTION 1] Physical time: 25700.43 
[DRIVER REACTION 1] LAG: 0.49 
----------------------------------------------------------
----------------------------------------------------------
[DRIVER] Logical time: 25700.00 
[DRIVER] Physical time: 25700.75 
[DRIVER] LAG: 0.75 
----------------------------------------------------------
The event throttle: 0.9137254901960784
The event throttle: 0.9058823529411765
The event throttle: 0.9098039215686274
----------------------------------------------------------
[sterr,brake,accel] Logical time: 25732.00 
[sterr,brake,accel] Physical time: 25732.35 
[sterr,brake,accel] LAG: 0.35 
----------------------------------------------------------
[DRIVER STATE] accel=0.9098039215686274 brake=0.0
----------------------------------------------------------
[DRIVER REACTION 1] Logical time: 25732.00 
[DRIVER REACTION 1] Physical time: 25733.04 
[DRIVER REACTION 1] LAG: 1.04 
----------------------------------------------------------
The event throttle: 0.8980392156862745
The event throttle: 0.8941176470588236
The event throttle: 0.9098039215686274
----------------------------------------------------------
[sterr,brake,accel] Logical time: 25755.90 
[sterr,brake,accel] Physical time: 25756.18 
[sterr,brake,accel] LAG: 0.28 
----------------------------------------------------------
[DRIVER STATE] accel=0.9098039215686274 brake=0.0
----------------------------------------------------------
[DRIVER REACTION 1] Logical time: 25755.90 
[DRIVER REACTION 1] Physical time: 25756.85 
[DRIVER REACTION 1] LAG: 0.94 
----------------------------------------------------------
The event throttle: 0.9176470588235294
The event throttle: 0.9098039215686274
The event throttle: 0.9176470588235294
----------------------------------------------------------
[sterr,brake,accel] Logical time: 25779.90 
[sterr,brake,accel] Physical time: 25780.17 
[sterr,brake,accel] LAG: 0.27 
----------------------------------------------------------
[DRIVER STATE] accel=0.9176470588235294 brake=0.0
----------------------------------------------------------
[DRIVER REACTION 1] Logical time: 25779.90 
[DRIVER REACTION 1] Physical time: 25780.83 
[DRIVER REACTION 1] LAG: 0.93 
----------------------------------------------------------
The event throttle: 0.9019607843137255
The event throttle: 0.9098039215686274
[DEVICE READER CAM read] Physical time: 25804.40 
[DEVICE READER CAM read] LAG: 4.40 
----------------------------------------------------------
[DEVICE READER CAM TIMER] Logical time: 25800.00 
[DEVICE READER CAM TIMER] Physical time: 25804.61 
[DEVICE READER CAM TIMER] LAG: 4.61 
----------------------------------------------------------
The event throttle: 0.9019607843137255
The event throttle: 0.9137254901960784
The event throttle: 0.9098039215686274
Faces: 0
The event throttle: 0.9137254901960784
The event throttle: 0.9098039215686274
The event throttle: 0.9215686274509803
The event throttle: 0.9058823529411765
The event throttle: 0.9098039215686274
Saved debug (no face)
----------------------------------------------------------
[FACE DETECTOR] Logical time: 25800.00 
[FACE DETECTOR] Physical time: 25880.11 
[FACE DETECTOR] LAG: 80.11 
----------------------------------------------------------
[DRIVER STATE] accel=0.9176470588235294 brake=0.0
----------------------------------------------------------
[DRIVER REACTION 1] Logical time: 25800.00 
[DRIVER REACTION 1] Physical time: 25880.48 
[DRIVER REACTION 1] LAG: 80.48 
----------------------------------------------------------
----------------------------------------------------------
[DRIVER] Logical time: 25800.00 
[DRIVER] Physical time: 25880.66 
[DRIVER] LAG: 80.66 
----------------------------------------------------------
----------------------------------------------------------
[sterr,brake,accel] Logical time: 25819.93 
[sterr,brake,accel] Physical time: 25881.28 
[sterr,brake,accel] LAG: 61.36 
----------------------------------------------------------
[DRIVER STATE] accel=0.9019607843137255 brake=0.0
----------------------------------------------------------
[DRIVER REACTION 1] Logical time: 25819.93 
[DRIVER REACTION 1] Physical time: 25881.63 
[DRIVER REACTION 1] LAG: 61.70 
----------------------------------------------------------
----------------------------------------------------------
[sterr,brake,accel] Logical time: 25843.91 
[sterr,brake,accel] Physical time: 25881.78 
[sterr,brake,accel] LAG: 37.86 
----------------------------------------------------------
[DRIVER STATE] accel=0.9137254901960784 brake=0.0
----------------------------------------------------------
[DRIVER REACTION 1] Logical time: 25843.91 
[DRIVER REACTION 1] Physical time: 25882.00 
[DRIVER REACTION 1] LAG: 38.08 
----------------------------------------------------------
----------------------------------------------------------
[sterr,brake,accel] Logical time: 25867.87 
[sterr,brake,accel] Physical time: 25882.14 
[sterr,brake,accel] LAG: 14.27 
----------------------------------------------------------
[DRIVER STATE] accel=0.9058823529411765 brake=0.0
----------------------------------------------------------
[DRIVER REACTION 1] Logical time: 25867.87 
[DRIVER REACTION 1] Physical time: 25882.39 
[DRIVER REACTION 1] LAG: 14.52 
----------------------------------------------------------
The event throttle: 0.9215686274509803
The event throttle: 0.9098039215686274
----------------------------------------------------------
[sterr,brake,accel] Logical time: 25891.89 
[sterr,brake,accel] Physical time: 25892.05 
[sterr,brake,accel] LAG: 0.17 
----------------------------------------------------------
[DRIVER STATE] accel=0.9098039215686274 brake=0.0
----------------------------------------------------------
[DRIVER REACTION 1] Logical time: 25891.89 
[DRIVER REACTION 1] Physical time: 25892.45 
[DRIVER REACTION 1] LAG: 0.56 
----------------------------------------------------------
The event throttle: 0.9137254901960784
----------------------------------------------------------
[DRIVER] Logical time: 25900.00 
[DRIVER] Physical time: 25900.34 
[DRIVER] LAG: 0.34 
----------------------------------------------------------
The event throttle: 0.9019607843137255
The event throttle: 0.9058823529411765
----------------------------------------------------------
[sterr,brake,accel] Logical time: 25915.91 
[sterr,brake,accel] Physical time: 25916.16 
[sterr,brake,accel] LAG: 0.25 
----------------------------------------------------------
[DRIVER STATE] accel=0.9058823529411765 brake=0.0
----------------------------------------------------------
[DRIVER REACTION 1] Logical time: 25915.91 
[DRIVER REACTION 1] Physical time: 25916.79 
[DRIVER REACTION 1] LAG: 0.88 
----------------------------------------------------------
The event throttle: 0.9098039215686274
The event throttle: 0.9137254901960784
----------------------------------------------------------
[sterr,brake,accel] Logical time: 25940.01 
[sterr,brake,accel] Physical time: 25940.33 
[sterr,brake,accel] LAG: 0.32 
----------------------------------------------------------
[DRIVER STATE] accel=0.9137254901960784 brake=0.0
----------------------------------------------------------
[DRIVER REACTION 1] Logical time: 25940.01 
[DRIVER REACTION 1] Physical time: 25940.95 
[DRIVER REACTION 1] LAG: 0.94 
----------------------------------------------------------
The event throttle: 0.8941176470588236
The event throttle: 0.9058823529411765
The event throttle: 0.9098039215686274
----------------------------------------------------------
[sterr,brake,accel] Logical time: 25963.86 
[sterr,brake,accel] Physical time: 25964.09 
[sterr,brake,accel] LAG: 0.24 
----------------------------------------------------------
[DRIVER STATE] accel=0.9098039215686274 brake=0.0
----------------------------------------------------------
[DRIVER REACTION 1] Logical time: 25963.86 
[DRIVER REACTION 1] Physical time: 25964.82 
[DRIVER REACTION 1] LAG: 0.97 
----------------------------------------------------------
The event throttle: 0.9058823529411765
The event throttle: 0.8980392156862745
----------------------------------------------------------
[sterr,brake,accel] Logical time: 25987.93 
[sterr,brake,accel] Physical time: 25988.17 
[sterr,brake,accel] LAG: 0.25 
----------------------------------------------------------
[DRIVER STATE] accel=0.8980392156862745 brake=0.0
----------------------------------------------------------
[DRIVER REACTION 1] Logical time: 25987.93 
[DRIVER REACTION 1] Physical time: 25988.87 
[DRIVER REACTION 1] LAG: 0.94 
----------------------------------------------------------
The event throttle: 0.9019607843137255
The event throttle: 0.9098039215686274
[DEVICE READER CAM read] Physical time: 26004.17 
[DEVICE READER CAM read] LAG: 4.17 
----------------------------------------------------------
[DEVICE READER CAM TIMER] Logical time: 26000.00 
[DEVICE READER CAM TIMER] Physical time: 26004.37 
[DEVICE READER CAM TIMER] LAG: 4.37 
----------------------------------------------------------
----------------------------------------------------------
[DRIVER] Logical time: 26000.00 
[DRIVER] Physical time: 26004.84 
[DRIVER] LAG: 4.84 
----------------------------------------------------------
The event throttle: 0.9137254901960784
----------------------------------------------------------
[sterr,brake,accel] Logical time: 26020.05 
[sterr,brake,accel] Physical time: 26020.35 
[sterr,brake,accel] LAG: 0.30 
----------------------------------------------------------
[DRIVER STATE] accel=0.9137254901960784 brake=0.0
----------------------------------------------------------
[DRIVER REACTION 1] Logical time: 26020.05 
[DRIVER REACTION 1] Physical time: 26020.95 
[DRIVER REACTION 1] LAG: 0.90 
----------------------------------------------------------
The event throttle: 0.9098039215686274
The event throttle: 0.9019607843137255
The event throttle: 0.9098039215686274
----------------------------------------------------------
[sterr,brake,accel] Logical time: 26043.92 
[sterr,brake,accel] Physical time: 26044.19 
[sterr,brake,accel] LAG: 0.26 
----------------------------------------------------------
[DRIVER STATE] accel=0.9098039215686274 brake=0.0
----------------------------------------------------------
[DRIVER REACTION 1] Logical time: 26043.92 
[DRIVER REACTION 1] Physical time: 26044.85 
[DRIVER REACTION 1] LAG: 0.93 
----------------------------------------------------------
The event throttle: 0.9058823529411765
The event throttle: 0.9019607843137255
----------------------------------------------------------
[sterr,brake,accel] Logical time: 26067.98 
[sterr,brake,accel] Physical time: 26068.30 
[sterr,brake,accel] LAG: 0.32 
----------------------------------------------------------
[DRIVER STATE] accel=0.9019607843137255 brake=0.0
----------------------------------------------------------
[DRIVER REACTION 1] Logical time: 26067.98 
[DRIVER REACTION 1] Physical time: 26068.92 
[DRIVER REACTION 1] LAG: 0.93 
----------------------------------------------------------
The event throttle: 0.8980392156862745
The event throttle: 0.9098039215686274
The event throttle: 0.9215686274509803
----------------------------------------------------------
[DRIVER] Logical time: 26100.00 
[DRIVER] Physical time: 26100.38 
[DRIVER] LAG: 0.38 
----------------------------------------------------------
----------------------------------------------------------
[sterr,brake,accel] Logical time: 26100.02 
[sterr,brake,accel] Physical time: 26102.62 
[sterr,brake,accel] LAG: 2.61 
----------------------------------------------------------
[DRIVER STATE] accel=0.9215686274509803 brake=0.0
----------------------------------------------------------
[DRIVER REACTION 1] Logical time: 26100.02 
[DRIVER REACTION 1] Physical time: 26103.31 
[DRIVER REACTION 1] LAG: 3.30 
----------------------------------------------------------
The event throttle: 0.9137254901960784
The event throttle: 0.8980392156862745
The event throttle: 0.9098039215686274
----------------------------------------------------------
[sterr,brake,accel] Logical time: 26123.98 
[sterr,brake,accel] Physical time: 26124.32 
[sterr,brake,accel] LAG: 0.34 
----------------------------------------------------------
[DRIVER STATE] accel=0.9098039215686274 brake=0.0
----------------------------------------------------------
[DRIVER REACTION 1] Logical time: 26123.98 
[DRIVER REACTION 1] Physical time: 26124.96 
[DRIVER REACTION 1] LAG: 0.98 
----------------------------------------------------------
The event throttle: 0.9058823529411765
The event throttle: 0.9019607843137255
The event throttle: 0.9058823529411765
----------------------------------------------------------
[sterr,brake,accel] Logical time: 26147.97 
[sterr,brake,accel] Physical time: 26148.28 
[sterr,brake,accel] LAG: 0.32 
----------------------------------------------------------
[DRIVER STATE] accel=0.9058823529411765 brake=0.0
----------------------------------------------------------
[DRIVER REACTION 1] Logical time: 26147.97 
[DRIVER REACTION 1] Physical time: 26148.91 
[DRIVER REACTION 1] LAG: 0.95 
----------------------------------------------------------
The event throttle: 0.9176470588235294
The event throttle: 0.9058823529411765
The event throttle: 0.9019607843137255
----------------------------------------------------------
[sterr,brake,accel] Logical time: 26171.97 
[sterr,brake,accel] Physical time: 26172.22 
[sterr,brake,accel] LAG: 0.24 
----------------------------------------------------------
[DRIVER STATE] accel=0.9019607843137255 brake=0.0
----------------------------------------------------------
[DRIVER REACTION 1] Logical time: 26171.97 
[DRIVER REACTION 1] Physical time: 26172.79 
[DRIVER REACTION 1] LAG: 0.82 
----------------------------------------------------------
The event throttle: 0.8980392156862745
The event throttle: 0.9019607843137255
The event throttle: 0.9137254901960784
----------------------------------------------------------
[sterr,brake,accel] Logical time: 26195.94 
[sterr,brake,accel] Physical time: 26196.19 
[sterr,brake,accel] LAG: 0.25 
----------------------------------------------------------
[DRIVER STATE] accel=0.9137254901960784 brake=0.0
----------------------------------------------------------
[DRIVER REACTION 1] Logical time: 26195.94 
[DRIVER REACTION 1] Physical time: 26196.81 
[DRIVER REACTION 1] LAG: 0.87 
----------------------------------------------------------
The event throttle: 0.9019607843137255
[DEVICE READER CAM read] Physical time: 26204.40 
[DEVICE READER CAM read] LAG: 4.40 
----------------------------------------------------------
[DEVICE READER CAM TIMER] Logical time: 26200.00 
[DEVICE READER CAM TIMER] Physical time: 26204.57 
[DEVICE READER CAM TIMER] LAG: 4.57 
----------------------------------------------------------
----------------------------------------------------------
[DRIVER] Logical time: 26200.00 
[DRIVER] Physical time: 26205.08 
[DRIVER] LAG: 5.08 
----------------------------------------------------------
The event throttle: 0.8941176470588236
The event throttle: 0.9058823529411765
----------------------------------------------------------
[sterr,brake,accel] Logical time: 26219.86 
[sterr,brake,accel] Physical time: 26219.95 
[sterr,brake,accel] LAG: 0.09 
----------------------------------------------------------
[DRIVER STATE] accel=0.9058823529411765 brake=0.0
----------------------------------------------------------
[DRIVER REACTION 1] Logical time: 26219.86 
[DRIVER REACTION 1] Physical time: 26220.13 
[DRIVER REACTION 1] LAG: 0.26 
----------------------------------------------------------
The event throttle: 0.8980392156862745
The event throttle: 0.8901960784313725
----------------------------------------------------------
[sterr,brake,accel] Logical time: 26252.01 
[sterr,brake,accel] Physical time: 26252.16 
[sterr,brake,accel] LAG: 0.15 
----------------------------------------------------------
[DRIVER STATE] accel=0.8901960784313725 brake=0.0
----------------------------------------------------------
[DRIVER REACTION 1] Logical time: 26252.01 
[DRIVER REACTION 1] Physical time: 26252.54 
[DRIVER REACTION 1] LAG: 0.53 
----------------------------------------------------------
The event throttle: 0.8862745098039215
The event throttle: 0.9019607843137255
----------------------------------------------------------
[sterr,brake,accel] Logical time: 26275.98 
[sterr,brake,accel] Physical time: 26276.13 
[sterr,brake,accel] LAG: 0.15 
----------------------------------------------------------
[DRIVER STATE] accel=0.9019607843137255 brake=0.0
----------------------------------------------------------
[DRIVER REACTION 1] Logical time: 26275.98 
[DRIVER REACTION 1] Physical time: 26276.48 
[DRIVER REACTION 1] LAG: 0.51 
----------------------------------------------------------
The event throttle: 0.8901960784313725
The event throttle: 0.8823529411764706
The event throttle: 0.8901960784313725
----------------------------------------------------------
[sterr,brake,accel] Logical time: 26299.98 
[sterr,brake,accel] Physical time: 26300.21 
[sterr,brake,accel] LAG: 0.22 
----------------------------------------------------------
[DRIVER STATE] accel=0.8901960784313725 brake=0.0
----------------------------------------------------------
[DRIVER REACTION 1] Logical time: 26299.98 
[DRIVER REACTION 1] Physical time: 26300.60 
[DRIVER REACTION 1] LAG: 0.61 
----------------------------------------------------------
----------------------------------------------------------
[DRIVER] Logical time: 26300.00 
[DRIVER] Physical time: 26300.76 
[DRIVER] LAG: 0.76 
----------------------------------------------------------
The event throttle: 0.8862745098039215
The event throttle: 0.8705882352941177
----------------------------------------------------------
[sterr,brake,accel] Logical time: 26332.06 
[sterr,brake,accel] Physical time: 26332.38 
[sterr,brake,accel] LAG: 0.33 
----------------------------------------------------------
[DRIVER STATE] accel=0.8705882352941177 brake=0.0
----------------------------------------------------------
[DRIVER REACTION 1] Logical time: 26332.06 
[DRIVER REACTION 1] Physical time: 26333.05 
[DRIVER REACTION 1] LAG: 0.99 
----------------------------------------------------------
The event throttle: 0.8862745098039215
The event throttle: 0.8823529411764706
The event throttle: 0.8784313725490196
----------------------------------------------------------
[sterr,brake,accel] Logical time: 26363.97 
[sterr,brake,accel] Physical time: 26364.30 
[sterr,brake,accel] LAG: 0.32 
----------------------------------------------------------
[DRIVER STATE] accel=0.8784313725490196 brake=0.0
----------------------------------------------------------
[DRIVER REACTION 1] Logical time: 26363.97 
[DRIVER REACTION 1] Physical time: 26364.91 
[DRIVER REACTION 1] LAG: 0.94 
----------------------------------------------------------
The event throttle: 0.8745098039215686
The event throttle: 0.8823529411764706
The event throttle: 0.8745098039215686
----------------------------------------------------------
[sterr,brake,accel] Logical time: 26387.99 
[sterr,brake,accel] Physical time: 26388.29 
[sterr,brake,accel] LAG: 0.30 
----------------------------------------------------------
[DRIVER STATE] accel=0.8745098039215686 brake=0.0
----------------------------------------------------------
[DRIVER REACTION 1] Logical time: 26387.99 
[DRIVER REACTION 1] Physical time: 26388.92 
[DRIVER REACTION 1] LAG: 0.93 
----------------------------------------------------------
The event throttle: 0.8784313725490196
The event throttle: 0.8705882352941177
[DEVICE READER CAM read] Physical time: 26404.31 
[DEVICE READER CAM read] LAG: 4.31 
----------------------------------------------------------
[DEVICE READER CAM TIMER] Logical time: 26400.00 
[DEVICE READER CAM TIMER] Physical time: 26404.49 
[DEVICE READER CAM TIMER] LAG: 4.49 
----------------------------------------------------------
----------------------------------------------------------
[DRIVER] Logical time: 26400.00 
[DRIVER] Physical time: 26405.00 
[DRIVER] LAG: 5.00 
----------------------------------------------------------
The event throttle: 0.8549019607843137
----------------------------------------------------------
[sterr,brake,accel] Logical time: 26412.06 
[sterr,brake,accel] Physical time: 26412.30 
[sterr,brake,accel] LAG: 0.24 
----------------------------------------------------------
[DRIVER STATE] accel=0.8549019607843137 brake=0.0
----------------------------------------------------------
[DRIVER REACTION 1] Logical time: 26412.06 
[DRIVER REACTION 1] Physical time: 26412.67 
[DRIVER REACTION 1] LAG: 0.61 
----------------------------------------------------------
The event throttle: 0.8588235294117647
The event throttle: 0.8549019607843137
----------------------------------------------------------
[sterr,brake,accel] Logical time: 26436.03 
[sterr,brake,accel] Physical time: 26436.30 
[sterr,brake,accel] LAG: 0.27 
----------------------------------------------------------
[DRIVER STATE] accel=0.8549019607843137 brake=0.0
----------------------------------------------------------
[DRIVER REACTION 1] Logical time: 26436.03 
[DRIVER REACTION 1] Physical time: 26436.83 
[DRIVER REACTION 1] LAG: 0.80 
----------------------------------------------------------
The event throttle: 0.8509803921568627
The event throttle: 0.8431372549019608
----------------------------------------------------------
[sterr,brake,accel] Logical time: 26459.99 
[sterr,brake,accel] Physical time: 26460.28 
[sterr,brake,accel] LAG: 0.29 
----------------------------------------------------------
[DRIVER STATE] accel=0.8431372549019608 brake=0.0
----------------------------------------------------------
[DRIVER REACTION 1] Logical time: 26459.99 
[DRIVER REACTION 1] Physical time: 26460.82 
[DRIVER REACTION 1] LAG: 0.82 
----------------------------------------------------------
The event throttle: 0.8313725490196079
The event throttle: 0.8392156862745098
----------------------------------------------------------
[sterr,brake,accel] Logical time: 26483.98 
[sterr,brake,accel] Physical time: 26484.31 
[sterr,brake,accel] LAG: 0.33 
----------------------------------------------------------
[DRIVER STATE] accel=0.8392156862745098 brake=0.0
----------------------------------------------------------
[DRIVER REACTION 1] Logical time: 26483.98 
[DRIVER REACTION 1] Physical time: 26484.91 
[DRIVER REACTION 1] LAG: 0.93 
----------------------------------------------------------
The event throttle: 0.8470588235294118
The event throttle: 0.8352941176470589
----------------------------------------------------------
[DRIVER] Logical time: 26500.00 
[DRIVER] Physical time: 26500.37 
[DRIVER] LAG: 0.37 
----------------------------------------------------------
The event throttle: 0.8313725490196079
----------------------------------------------------------
[sterr,brake,accel] Logical time: 26508.10 
[sterr,brake,accel] Physical time: 26508.38 
[sterr,brake,accel] LAG: 0.28 
----------------------------------------------------------
[DRIVER STATE] accel=0.8313725490196079 brake=0.0
----------------------------------------------------------
[DRIVER REACTION 1] Logical time: 26508.10 
[DRIVER REACTION 1] Physical time: 26508.89 
[DRIVER REACTION 1] LAG: 0.80 
----------------------------------------------------------
The event throttle: 0.8352941176470589
The event throttle: 0.8274509803921568
The event throttle: 0.8352941176470589
----------------------------------------------------------
[sterr,brake,accel] Logical time: 26532.05 
[sterr,brake,accel] Physical time: 26532.40 
[sterr,brake,accel] LAG: 0.35 
----------------------------------------------------------
[DRIVER STATE] accel=0.8352941176470589 brake=0.0
----------------------------------------------------------
[DRIVER REACTION 1] Logical time: 26532.05 
[DRIVER REACTION 1] Physical time: 26533.03 
[DRIVER REACTION 1] LAG: 0.98 
----------------------------------------------------------
The event throttle: 0.8313725490196079
The event throttle: 0.792156862745098
The event throttle: 0.8313725490196079
----------------------------------------------------------
[sterr,brake,accel] Logical time: 26556.02 
[sterr,brake,accel] Physical time: 26556.37 
[sterr,brake,accel] LAG: 0.35 
----------------------------------------------------------
[DRIVER STATE] accel=0.8313725490196079 brake=0.0
----------------------------------------------------------
[DRIVER REACTION 1] Logical time: 26556.02 
[DRIVER REACTION 1] Physical time: 26557.07 
[DRIVER REACTION 1] LAG: 1.05 
----------------------------------------------------------
The event throttle: 0.8235294117647058
The event throttle: 0.8156862745098039
----------------------------------------------------------
[sterr,brake,accel] Logical time: 26579.99 
[sterr,brake,accel] Physical time: 26580.23 
[sterr,brake,accel] LAG: 0.24 
----------------------------------------------------------
[DRIVER STATE] accel=0.8156862745098039 brake=0.0
----------------------------------------------------------
[DRIVER REACTION 1] Logical time: 26579.99 
[DRIVER REACTION 1] Physical time: 26580.80 
[DRIVER REACTION 1] LAG: 0.82 
----------------------------------------------------------
The event throttle: 0.8196078431372549
The event throttle: 0.8117647058823529
The event throttle: 0.8235294117647058
[DEVICE READER CAM read] Physical time: 26604.40 
[DEVICE READER CAM read] LAG: 4.40 
----------------------------------------------------------
[DEVICE READER CAM TIMER] Logical time: 26600.00 
[DEVICE READER CAM TIMER] Physical time: 26604.56 
[DEVICE READER CAM TIMER] LAG: 4.56 
----------------------------------------------------------
----------------------------------------------------------
[DRIVER] Logical time: 26600.00 
[DRIVER] Physical time: 26605.06 
[DRIVER] LAG: 5.06 
----------------------------------------------------------
----------------------------------------------------------
[sterr,brake,accel] Logical time: 26604.22 
[sterr,brake,accel] Physical time: 26606.09 
[sterr,brake,accel] LAG: 1.87 
----------------------------------------------------------
[DRIVER STATE] accel=0.8235294117647058 brake=0.0
----------------------------------------------------------
[DRIVER REACTION 1] Logical time: 26604.22 
[DRIVER REACTION 1] Physical time: 26606.74 
[DRIVER REACTION 1] LAG: 2.52 
----------------------------------------------------------
The event throttle: 0.8196078431372549
----------------------------------------------------------
[sterr,brake,accel] Logical time: 26628.14 
[sterr,brake,accel] Physical time: 26628.45 
[sterr,brake,accel] LAG: 0.31 
----------------------------------------------------------
[DRIVER STATE] accel=0.8196078431372549 brake=0.0
----------------------------------------------------------
[DRIVER REACTION 1] Logical time: 26628.14 
[DRIVER REACTION 1] Physical time: 26629.09 
[DRIVER REACTION 1] LAG: 0.95 
----------------------------------------------------------
The event throttle: 0.8235294117647058
The event throttle: 0.8274509803921568
----------------------------------------------------------
[sterr,brake,accel] Logical time: 26660.08 
[sterr,brake,accel] Physical time: 26660.38 
[sterr,brake,accel] LAG: 0.30 
----------------------------------------------------------
[DRIVER STATE] accel=0.8274509803921568 brake=0.0
----------------------------------------------------------
[DRIVER REACTION 1] Logical time: 26660.08 
[DRIVER REACTION 1] Physical time: 26660.99 
[DRIVER REACTION 1] LAG: 0.91 
----------------------------------------------------------
The event throttle: 0.8156862745098039
The event throttle: 0.8235294117647058
The event throttle: 0.8196078431372549
----------------------------------------------------------
[sterr,brake,accel] Logical time: 26684.15 
[sterr,brake,accel] Physical time: 26684.45 
[sterr,brake,accel] LAG: 0.30 
----------------------------------------------------------
[DRIVER STATE] accel=0.8196078431372549 brake=0.0
----------------------------------------------------------
[DRIVER REACTION 1] Logical time: 26684.15 
[DRIVER REACTION 1] Physical time: 26685.12 
[DRIVER REACTION 1] LAG: 0.96 
----------------------------------------------------------
----------------------------------------------------------
[DRIVER] Logical time: 26700.00 
[DRIVER] Physical time: 26700.34 
[DRIVER] LAG: 0.34 
----------------------------------------------------------
The event throttle: 0.8156862745098039
----------------------------------------------------------
[sterr,brake,accel] Logical time: 26716.19 
[sterr,brake,accel] Physical time: 26716.44 
[sterr,brake,accel] LAG: 0.25 
----------------------------------------------------------
[DRIVER STATE] accel=0.8156862745098039 brake=0.0
----------------------------------------------------------
[DRIVER REACTION 1] Logical time: 26716.19 
[DRIVER REACTION 1] Physical time: 26716.99 
[DRIVER REACTION 1] LAG: 0.80 
----------------------------------------------------------
The event throttle: 0.8196078431372549
The event throttle: 0.8117647058823529
The event throttle: 0.803921568627451
----------------------------------------------------------
[sterr,brake,accel] Logical time: 26740.06 
[sterr,brake,accel] Physical time: 26740.36 
[sterr,brake,accel] LAG: 0.30 
----------------------------------------------------------
[DRIVER STATE] accel=0.803921568627451 brake=0.0
----------------------------------------------------------
[DRIVER REACTION 1] Logical time: 26740.06 
[DRIVER REACTION 1] Physical time: 26740.91 
[DRIVER REACTION 1] LAG: 0.85 
----------------------------------------------------------
The event throttle: 0.8313725490196079
The event throttle: 0.807843137254902
The event throttle: 0.803921568627451
----------------------------------------------------------
[sterr,brake,accel] Logical time: 26764.05 
[sterr,brake,accel] Physical time: 26764.32 
[sterr,brake,accel] LAG: 0.27 
----------------------------------------------------------
[DRIVER STATE] accel=0.803921568627451 brake=0.0
----------------------------------------------------------
[DRIVER REACTION 1] Logical time: 26764.05 
[DRIVER REACTION 1] Physical time: 26764.90 
[DRIVER REACTION 1] LAG: 0.85 
----------------------------------------------------------
The event throttle: 0.8117647058823529
The event throttle: 0.803921568627451
----------------------------------------------------------
[sterr,brake,accel] Logical time: 26788.06 
[sterr,brake,accel] Physical time: 26788.35 
[sterr,brake,accel] LAG: 0.29 
----------------------------------------------------------
[DRIVER STATE] accel=0.803921568627451 brake=0.0
----------------------------------------------------------
[DRIVER REACTION 1] Logical time: 26788.06 
[DRIVER REACTION 1] Physical time: 26788.95 
[DRIVER REACTION 1] LAG: 0.89 
----------------------------------------------------------
The event throttle: 0.8117647058823529
The event throttle: 0.8
[DEVICE READER CAM read] Physical time: 26804.65 
[DEVICE READER CAM read] LAG: 4.65 
----------------------------------------------------------
[DEVICE READER CAM TIMER] Logical time: 26800.00 
[DEVICE READER CAM TIMER] Physical time: 26804.85 
[DEVICE READER CAM TIMER] LAG: 4.85 
----------------------------------------------------------
The event throttle: 0.788235294117647
The event throttle: 0.8
Faces: 0
The event throttle: 0.803921568627451
The event throttle: 0.792156862745098
Saved debug (no face)
----------------------------------------------------------
[FACE DETECTOR] Logical time: 26800.00 
[FACE DETECTOR] Physical time: 26876.27 
[FACE DETECTOR] LAG: 76.27 
----------------------------------------------------------
[DRIVER STATE] accel=0.803921568627451 brake=0.0
----------------------------------------------------------
[DRIVER REACTION 1] Logical time: 26800.00 
[DRIVER REACTION 1] Physical time: 26876.95 
[DRIVER REACTION 1] LAG: 76.95 
----------------------------------------------------------
----------------------------------------------------------
[DRIVER] Logical time: 26800.00 
[DRIVER] Physical time: 26877.08 
[DRIVER] LAG: 77.08 
----------------------------------------------------------
----------------------------------------------------------
[sterr,brake,accel] Logical time: 26812.28 
[sterr,brake,accel] Physical time: 26877.68 
[sterr,brake,accel] LAG: 65.39 
----------------------------------------------------------
[DRIVER STATE] accel=0.788235294117647 brake=0.0
----------------------------------------------------------
[DRIVER REACTION 1] Logical time: 26812.28 
[DRIVER REACTION 1] Physical time: 26877.98 
[DRIVER REACTION 1] LAG: 65.70 
----------------------------------------------------------
----------------------------------------------------------
[sterr,brake,accel] Logical time: 26860.07 
[sterr,brake,accel] Physical time: 26878.13 
[sterr,brake,accel] LAG: 18.06 
----------------------------------------------------------
[DRIVER STATE] accel=0.803921568627451 brake=0.0
----------------------------------------------------------
[DRIVER REACTION 1] Logical time: 26860.07 
[DRIVER REACTION 1] Physical time: 26878.39 
[DRIVER REACTION 1] LAG: 18.31 
----------------------------------------------------------
The event throttle: 0.788235294117647
----------------------------------------------------------
[sterr,brake,accel] Logical time: 26884.00 
[sterr,brake,accel] Physical time: 26884.14 
[sterr,brake,accel] LAG: 0.15 
----------------------------------------------------------
[DRIVER STATE] accel=0.788235294117647 brake=0.0
----------------------------------------------------------
[DRIVER REACTION 1] Logical time: 26884.00 
[DRIVER REACTION 1] Physical time: 26884.49 
[DRIVER REACTION 1] LAG: 0.49 
----------------------------------------------------------
The event throttle: 0.8
----------------------------------------------------------
[DRIVER] Logical time: 26900.00 
[DRIVER] Physical time: 26900.38 
[DRIVER] LAG: 0.38 
----------------------------------------------------------
The event throttle: 0.792156862745098
----------------------------------------------------------
[sterr,brake,accel] Logical time: 26916.14 
[sterr,brake,accel] Physical time: 26916.41 
[sterr,brake,accel] LAG: 0.27 
----------------------------------------------------------
[DRIVER STATE] accel=0.792156862745098 brake=0.0
----------------------------------------------------------
[DRIVER REACTION 1] Logical time: 26916.14 
[DRIVER REACTION 1] Physical time: 26916.99 
[DRIVER REACTION 1] LAG: 0.85 
----------------------------------------------------------
The event throttle: 0.8
The event throttle: 0.792156862745098
The event throttle: 0.8
----------------------------------------------------------
[sterr,brake,accel] Logical time: 26940.08 
[sterr,brake,accel] Physical time: 26940.44 
[sterr,brake,accel] LAG: 0.36 
----------------------------------------------------------
[DRIVER STATE] accel=0.8 brake=0.0
----------------------------------------------------------
[DRIVER REACTION 1] Logical time: 26940.08 
[DRIVER REACTION 1] Physical time: 26941.05 
[DRIVER REACTION 1] LAG: 0.97 
----------------------------------------------------------
The event throttle: 0.7843137254901961
The event throttle: 0.8
The event throttle: 0.788235294117647
----------------------------------------------------------
[sterr,brake,accel] Logical time: 26964.04 
[sterr,brake,accel] Physical time: 26964.36 
[sterr,brake,accel] LAG: 0.32 
----------------------------------------------------------
[DRIVER STATE] accel=0.788235294117647 brake=0.0
----------------------------------------------------------
[DRIVER REACTION 1] Logical time: 26964.04 
[DRIVER REACTION 1] Physical time: 26964.97 
[DRIVER REACTION 1] LAG: 0.94 
----------------------------------------------------------
The event throttle: 0.8
The event throttle: 0.807843137254902
The event throttle: 0.8
----------------------------------------------------------
[sterr,brake,accel] Logical time: 26988.08 
[sterr,brake,accel] Physical time: 26988.40 
[sterr,brake,accel] LAG: 0.31 
----------------------------------------------------------
[DRIVER STATE] accel=0.8 brake=0.0
----------------------------------------------------------
[DRIVER REACTION 1] Logical time: 26988.08 
[DRIVER REACTION 1] Physical time: 26989.04 
[DRIVER REACTION 1] LAG: 0.96 
----------------------------------------------------------
The event throttle: 0.788235294117647
The event throttle: 0.8
[DEVICE READER CAM read] Physical time: 27007.20 
[DEVICE READER CAM read] LAG: 7.20 
----------------------------------------------------------
[DEVICE READER CAM TIMER] Logical time: 27000.00 
[DEVICE READER CAM TIMER] Physical time: 27007.41 
[DEVICE READER CAM TIMER] LAG: 7.41 
----------------------------------------------------------
----------------------------------------------------------
[DRIVER] Logical time: 27000.00 
[DRIVER] Physical time: 27007.88 
[DRIVER] LAG: 7.88 
----------------------------------------------------------
The event throttle: 0.8117647058823529
----------------------------------------------------------
[sterr,brake,accel] Logical time: 27060.31 
[sterr,brake,accel] Physical time: 27060.58 
[sterr,brake,accel] LAG: 0.27 
----------------------------------------------------------
[DRIVER STATE] accel=0.8117647058823529 brake=0.0
----------------------------------------------------------
[DRIVER REACTION 1] Logical time: 27060.31 
[DRIVER REACTION 1] Physical time: 27061.35 
[DRIVER REACTION 1] LAG: 1.05 
----------------------------------------------------------
The event throttle: 0.8
The event throttle: 0.8117647058823529
----------------------------------------------------------
[sterr,brake,accel] Logical time: 27084.09 
[sterr,brake,accel] Physical time: 27084.37 
[sterr,brake,accel] LAG: 0.28 
----------------------------------------------------------
[DRIVER STATE] accel=0.8117647058823529 brake=0.0
----------------------------------------------------------
[DRIVER REACTION 1] Logical time: 27084.09 
[DRIVER REACTION 1] Physical time: 27084.92 
[DRIVER REACTION 1] LAG: 0.83 
----------------------------------------------------------
The event throttle: 0.796078431372549
The event throttle: 0.788235294117647
----------------------------------------------------------
[DRIVER] Logical time: 27100.00 
[DRIVER] Physical time: 27100.36 
[DRIVER] LAG: 0.36 
----------------------------------------------------------
The event throttle: 0.7843137254901961
----------------------------------------------------------
[sterr,brake,accel] Logical time: 27108.15 
[sterr,brake,accel] Physical time: 27108.44 
[sterr,brake,accel] LAG: 0.28 
----------------------------------------------------------
[DRIVER STATE] accel=0.7843137254901961 brake=0.0
----------------------------------------------------------
[DRIVER REACTION 1] Logical time: 27108.15 
[DRIVER REACTION 1] Physical time: 27109.02 
[DRIVER REACTION 1] LAG: 0.87 
----------------------------------------------------------
The event throttle: 0.7686274509803922
The event throttle: 0.7647058823529411
The event throttle: 0.7450980392156863
----------------------------------------------------------
[sterr,brake,accel] Logical time: 27140.42 
[sterr,brake,accel] Physical time: 27140.75 
[sterr,brake,accel] LAG: 0.33 
----------------------------------------------------------
[DRIVER STATE] accel=0.7450980392156863 brake=0.0
----------------------------------------------------------
[DRIVER REACTION 1] Logical time: 27140.42 
[DRIVER REACTION 1] Physical time: 27141.78 
[DRIVER REACTION 1] LAG: 1.36 
----------------------------------------------------------
The event throttle: 0.7294117647058823
The event throttle: 0.7176470588235294
----------------------------------------------------------
[sterr,brake,accel] Logical time: 27164.07 
[sterr,brake,accel] Physical time: 27164.32 
[sterr,brake,accel] LAG: 0.24 
----------------------------------------------------------
[DRIVER STATE] accel=0.7176470588235294 brake=0.0
----------------------------------------------------------
[DRIVER REACTION 1] Logical time: 27164.07 
[DRIVER REACTION 1] Physical time: 27164.78 
[DRIVER REACTION 1] LAG: 0.71 
----------------------------------------------------------
The event throttle: 0.7058823529411765
The event throttle: 0.6862745098039216
The event throttle: 0.6745098039215687
----------------------------------------------------------
[sterr,brake,accel] Logical time: 27188.06 
[sterr,brake,accel] Physical time: 27188.32 
[sterr,brake,accel] LAG: 0.26 
----------------------------------------------------------
[DRIVER STATE] accel=0.6745098039215687 brake=0.0
----------------------------------------------------------
[DRIVER REACTION 1] Logical time: 27188.06 
[DRIVER REACTION 1] Physical time: 27188.89 
[DRIVER REACTION 1] LAG: 0.83 
----------------------------------------------------------
The event throttle: 0.6588235294117647
The event throttle: 0.6470588235294118
[DEVICE READER CAM read] Physical time: 27208.02 
[DEVICE READER CAM read] LAG: 8.02 
----------------------------------------------------------
[DEVICE READER CAM TIMER] Logical time: 27200.00 
[DEVICE READER CAM TIMER] Physical time: 27208.27 
[DEVICE READER CAM TIMER] LAG: 8.27 
----------------------------------------------------------
----------------------------------------------------------
[DRIVER] Logical time: 27200.00 
[DRIVER] Physical time: 27208.80 
[DRIVER] LAG: 8.80 
----------------------------------------------------------
The event throttle: 0.6313725490196078
----------------------------------------------------------
[sterr,brake,accel] Logical time: 27212.17 
[sterr,brake,accel] Physical time: 27212.43 
[sterr,brake,accel] LAG: 0.26 
----------------------------------------------------------
[DRIVER STATE] accel=0.6313725490196078 brake=0.0
----------------------------------------------------------
[DRIVER REACTION 1] Logical time: 27212.17 
[DRIVER REACTION 1] Physical time: 27212.98 
[DRIVER REACTION 1] LAG: 0.81 
----------------------------------------------------------
The event throttle: 0.6196078431372549
The event throttle: 0.611764705882353
The event throttle: 0.6039215686274509
----------------------------------------------------------
[sterr,brake,accel] Logical time: 27236.07 
[sterr,brake,accel] Physical time: 27236.34 
[sterr,brake,accel] LAG: 0.27 
----------------------------------------------------------
[DRIVER STATE] accel=0.6039215686274509 brake=0.0
----------------------------------------------------------
[DRIVER REACTION 1] Logical time: 27236.07 
[DRIVER REACTION 1] Physical time: 27236.89 
[DRIVER REACTION 1] LAG: 0.82 
----------------------------------------------------------
The event throttle: 0.6
The event throttle: 0.596078431372549
----------------------------------------------------------
[sterr,brake,accel] Logical time: 27260.11 
[sterr,brake,accel] Physical time: 27260.38 
[sterr,brake,accel] LAG: 0.27 
----------------------------------------------------------
[DRIVER STATE] accel=0.596078431372549 brake=0.0
----------------------------------------------------------
[DRIVER REACTION 1] Logical time: 27260.11 
[DRIVER REACTION 1] Physical time: 27260.98 
[DRIVER REACTION 1] LAG: 0.87 
----------------------------------------------------------
The event throttle: 0.6039215686274509
----------------------------------------------------------
[sterr,brake,accel] Logical time: 27284.20 
[sterr,brake,accel] Physical time: 27284.48 
[sterr,brake,accel] LAG: 0.28 
----------------------------------------------------------
[DRIVER STATE] accel=0.6039215686274509 brake=0.0
----------------------------------------------------------
[DRIVER REACTION 1] Logical time: 27284.20 
[DRIVER REACTION 1] Physical time: 27285.12 
[DRIVER REACTION 1] LAG: 0.92 
----------------------------------------------------------
The event throttle: 0.6
The event throttle: 0.6039215686274509
----------------------------------------------------------
[DRIVER] Logical time: 27300.00 
[DRIVER] Physical time: 27300.33 
[DRIVER] LAG: 0.33 
----------------------------------------------------------
The event throttle: 0.6078431372549019
----------------------------------------------------------
[sterr,brake,accel] Logical time: 27324.34 
[sterr,brake,accel] Physical time: 27324.63 
[sterr,brake,accel] LAG: 0.29 
----------------------------------------------------------
[DRIVER STATE] accel=0.6078431372549019 brake=0.0
----------------------------------------------------------
[DRIVER REACTION 1] Logical time: 27324.34 
[DRIVER REACTION 1] Physical time: 27325.38 
[DRIVER REACTION 1] LAG: 1.04 
----------------------------------------------------------
The event throttle: 0.6235294117647059
The event throttle: 0.6274509803921569
----------------------------------------------------------
[sterr,brake,accel] Logical time: 27348.07 
[sterr,brake,accel] Physical time: 27348.34 
[sterr,brake,accel] LAG: 0.27 
----------------------------------------------------------
[DRIVER STATE] accel=0.6274509803921569 brake=0.0
----------------------------------------------------------
[DRIVER REACTION 1] Logical time: 27348.07 
[DRIVER REACTION 1] Physical time: 27348.90 
[DRIVER REACTION 1] LAG: 0.82 
----------------------------------------------------------
The event throttle: 0.6313725490196078
The event throttle: 0.6352941176470588
----------------------------------------------------------
[sterr,brake,accel] Logical time: 27372.08 
[sterr,brake,accel] Physical time: 27372.37 
[sterr,brake,accel] LAG: 0.29 
----------------------------------------------------------
[DRIVER STATE] accel=0.6352941176470588 brake=0.0
----------------------------------------------------------
[DRIVER REACTION 1] Logical time: 27372.08 
[DRIVER REACTION 1] Physical time: 27372.91 
[DRIVER REACTION 1] LAG: 0.82 
----------------------------------------------------------
The event throttle: 0.6392156862745098
The event throttle: 0.6431372549019608
[DEVICE READER CAM read] Physical time: 27403.90 
[DEVICE READER CAM read] LAG: 3.90 
----------------------------------------------------------
[DEVICE READER CAM TIMER] Logical time: 27400.00 
[DEVICE READER CAM TIMER] Physical time: 27404.12 
[DEVICE READER CAM TIMER] LAG: 4.12 
----------------------------------------------------------
----------------------------------------------------------
[DRIVER] Logical time: 27400.00 
[DRIVER] Physical time: 27404.68 
[DRIVER] LAG: 4.68 
----------------------------------------------------------
The event throttle: 0.6470588235294118
----------------------------------------------------------
[sterr,brake,accel] Logical time: 27412.20 
[sterr,brake,accel] Physical time: 27412.33 
[sterr,brake,accel] LAG: 0.13 
----------------------------------------------------------
[DRIVER STATE] accel=0.6470588235294118 brake=0.0
----------------------------------------------------------
[DRIVER REACTION 1] Logical time: 27412.20 
[DRIVER REACTION 1] Physical time: 27412.53 
[DRIVER REACTION 1] LAG: 0.32 
----------------------------------------------------------
The event throttle: 0.6431372549019608
----------------------------------------------------------
[sterr,brake,accel] Logical time: 27444.27 
[sterr,brake,accel] Physical time: 27444.43 
[sterr,brake,accel] LAG: 0.16 
----------------------------------------------------------
[DRIVER STATE] accel=0.6431372549019608 brake=0.0
----------------------------------------------------------
[DRIVER REACTION 1] Logical time: 27444.27 
[DRIVER REACTION 1] Physical time: 27444.78 
[DRIVER REACTION 1] LAG: 0.51 
----------------------------------------------------------
The event throttle: 0.6470588235294118
The event throttle: 0.6431372549019608
----------------------------------------------------------
[sterr,brake,accel] Logical time: 27476.26 
[sterr,brake,accel] Physical time: 27476.40 
[sterr,brake,accel] LAG: 0.14 
----------------------------------------------------------
[DRIVER STATE] accel=0.6431372549019608 brake=0.0
----------------------------------------------------------
[DRIVER REACTION 1] Logical time: 27476.26 
[DRIVER REACTION 1] Physical time: 27476.72 
[DRIVER REACTION 1] LAG: 0.45 
----------------------------------------------------------
The event throttle: 0.6392156862745098
----------------------------------------------------------
[DRIVER] Logical time: 27500.00 
[DRIVER] Physical time: 27500.45 
[DRIVER] LAG: 0.45 
----------------------------------------------------------
----------------------------------------------------------
[sterr,brake,accel] Logical time: 27500.31 
[sterr,brake,accel] Physical time: 27502.38 
[sterr,brake,accel] LAG: 2.07 
----------------------------------------------------------
[DRIVER STATE] accel=0.6392156862745098 brake=0.0
----------------------------------------------------------
[DRIVER REACTION 1] Logical time: 27500.31 
[DRIVER REACTION 1] Physical time: 27503.14 
[DRIVER REACTION 1] LAG: 2.83 
----------------------------------------------------------
The event throttle: 0.6352941176470588
The event throttle: 0.6313725490196078
The event throttle: 0.6274509803921569
----------------------------------------------------------
[sterr,brake,accel] Logical time: 27524.06 
[sterr,brake,accel] Physical time: 27524.37 
[sterr,brake,accel] LAG: 0.32 
----------------------------------------------------------
[DRIVER STATE] accel=0.6274509803921569 brake=0.0
----------------------------------------------------------
[DRIVER REACTION 1] Logical time: 27524.06 
[DRIVER REACTION 1] Physical time: 27525.02 
[DRIVER REACTION 1] LAG: 0.96 
----------------------------------------------------------
The event throttle: 0.6196078431372549
The event throttle: 0.615686274509804
The event throttle: 0.611764705882353
----------------------------------------------------------
[sterr,brake,accel] Logical time: 27548.10 
[sterr,brake,accel] Physical time: 27548.38 
[sterr,brake,accel] LAG: 0.27 
----------------------------------------------------------
[DRIVER STATE] accel=0.611764705882353 brake=0.0
----------------------------------------------------------
[DRIVER REACTION 1] Logical time: 27548.10 
[DRIVER REACTION 1] Physical time: 27548.96 
[DRIVER REACTION 1] LAG: 0.86 
----------------------------------------------------------
The event throttle: 0.6039215686274509
The event throttle: 0.6
----------------------------------------------------------
[sterr,brake,accel] Logical time: 27572.12 
[sterr,brake,accel] Physical time: 27572.39 
[sterr,brake,accel] LAG: 0.26 
----------------------------------------------------------
[DRIVER STATE] accel=0.6 brake=0.0
----------------------------------------------------------
[DRIVER REACTION 1] Logical time: 27572.12 
[DRIVER REACTION 1] Physical time: 27572.91 
[DRIVER REACTION 1] LAG: 0.79 
----------------------------------------------------------
The event throttle: 0.596078431372549
The event throttle: 0.592156862745098
The event throttle: 0.5843137254901961
----------------------------------------------------------
[sterr,brake,accel] Logical time: 27596.14 
[sterr,brake,accel] Physical time: 27596.43 
[sterr,brake,accel] LAG: 0.29 
----------------------------------------------------------
[DRIVER STATE] accel=0.5843137254901961 brake=0.0
----------------------------------------------------------
[DRIVER REACTION 1] Logical time: 27596.14 
[DRIVER REACTION 1] Physical time: 27597.00 
[DRIVER REACTION 1] LAG: 0.85 
----------------------------------------------------------
[DEVICE READER CAM read] Physical time: 27603.94 
[DEVICE READER CAM read] LAG: 3.94 
The event throttle: 0.5803921568627451
----------------------------------------------------------
[DEVICE READER CAM TIMER] Logical time: 27600.00 
[DEVICE READER CAM TIMER] Physical time: 27604.47 
[DEVICE READER CAM TIMER] LAG: 4.47 
----------------------------------------------------------
----------------------------------------------------------
[DRIVER] Logical time: 27600.00 
[DRIVER] Physical time: 27605.03 
[DRIVER] LAG: 5.03 
----------------------------------------------------------
The event throttle: 0.5764705882352941
The event throttle: 0.5725490196078431
----------------------------------------------------------
[sterr,brake,accel] Logical time: 27620.12 
[sterr,brake,accel] Physical time: 27620.40 
[sterr,brake,accel] LAG: 0.28 
----------------------------------------------------------
[DRIVER STATE] accel=0.5725490196078431 brake=0.0
----------------------------------------------------------
[DRIVER REACTION 1] Logical time: 27620.12 
[DRIVER REACTION 1] Physical time: 27620.98 
[DRIVER REACTION 1] LAG: 0.86 
----------------------------------------------------------
The event throttle: 0.5686274509803921
The event throttle: 0.5568627450980392
The event throttle: 0.5529411764705883
----------------------------------------------------------
[sterr,brake,accel] Logical time: 27644.14 
[sterr,brake,accel] Physical time: 27644.43 
[sterr,brake,accel] LAG: 0.29 
----------------------------------------------------------
[DRIVER STATE] accel=0.5529411764705883 brake=0.0
----------------------------------------------------------
[DRIVER REACTION 1] Logical time: 27644.14 
[DRIVER REACTION 1] Physical time: 27645.04 
[DRIVER REACTION 1] LAG: 0.90 
----------------------------------------------------------
The event throttle: 0.5372549019607843
The event throttle: 0.5254901960784314
The event throttle: 0.5215686274509804
----------------------------------------------------------
[sterr,brake,accel] Logical time: 27668.16 
[sterr,brake,accel] Physical time: 27668.45 
[sterr,brake,accel] LAG: 0.29 
----------------------------------------------------------
[DRIVER STATE] accel=0.5215686274509804 brake=0.0
----------------------------------------------------------
[DRIVER REACTION 1] Logical time: 27668.16 
[DRIVER REACTION 1] Physical time: 27669.09 
[DRIVER REACTION 1] LAG: 0.93 
----------------------------------------------------------
The event throttle: 0.5098039215686274
The event throttle: 0.5058823529411764
The event throttle: 0.49019607843137253
----------------------------------------------------------
[DRIVER] Logical time: 27700.00 
[DRIVER] Physical time: 27700.28 
[DRIVER] LAG: 0.28 
----------------------------------------------------------
----------------------------------------------------------
[sterr,brake,accel] Logical time: 27700.13 
[sterr,brake,accel] Physical time: 27701.09 
[sterr,brake,accel] LAG: 0.97 
----------------------------------------------------------
[DRIVER STATE] accel=0.49019607843137253 brake=0.0
----------------------------------------------------------
[DRIVER REACTION 1] Logical time: 27700.13 
[DRIVER REACTION 1] Physical time: 27701.47 
[DRIVER REACTION 1] LAG: 1.34 
----------------------------------------------------------
The event throttle: 0.4745098039215686
The event throttle: 0.4627450980392157
The event throttle: 0.4588235294117647
----------------------------------------------------------
[sterr,brake,accel] Logical time: 27724.16 
[sterr,brake,accel] Physical time: 27724.46 
[sterr,brake,accel] LAG: 0.30 
----------------------------------------------------------
[DRIVER STATE] accel=0.4588235294117647 brake=0.0
----------------------------------------------------------
[DRIVER REACTION 1] Logical time: 27724.16 
[DRIVER REACTION 1] Physical time: 27725.10 
[DRIVER REACTION 1] LAG: 0.94 
----------------------------------------------------------
The event throttle: 0.4470588235294118
The event throttle: 0.44313725490196076
The event throttle: 0.4392156862745098
----------------------------------------------------------
[sterr,brake,accel] Logical time: 27748.18 
[sterr,brake,accel] Physical time: 27748.49 
[sterr,brake,accel] LAG: 0.31 
----------------------------------------------------------
[DRIVER STATE] accel=0.4392156862745098 brake=0.0
----------------------------------------------------------
[DRIVER REACTION 1] Logical time: 27748.18 
[DRIVER REACTION 1] Physical time: 27749.12 
[DRIVER REACTION 1] LAG: 0.94 
----------------------------------------------------------
The event throttle: 0.43529411764705883
The event throttle: 0.43137254901960786
The event throttle: 0.42745098039215684
----------------------------------------------------------
[sterr,brake,accel] Logical time: 27772.10 
[sterr,brake,accel] Physical time: 27772.36 
[sterr,brake,accel] LAG: 0.26 
----------------------------------------------------------
[DRIVER STATE] accel=0.42745098039215684 brake=0.0
----------------------------------------------------------
[DRIVER REACTION 1] Logical time: 27772.10 
[DRIVER REACTION 1] Physical time: 27772.87 
[DRIVER REACTION 1] LAG: 0.77 
----------------------------------------------------------
[DEVICE READER CAM read] Physical time: 27808.74 
[DEVICE READER CAM read] LAG: 8.74 
----------------------------------------------------------
[DEVICE READER CAM TIMER] Logical time: 27800.00 
[DEVICE READER CAM TIMER] Physical time: 27808.98 
[DEVICE READER CAM TIMER] LAG: 8.98 
----------------------------------------------------------
Faces: 0
Saved debug (no face)
----------------------------------------------------------
[FACE DETECTOR] Logical time: 27800.00 
[FACE DETECTOR] Physical time: 27882.37 
[FACE DETECTOR] LAG: 82.37 
----------------------------------------------------------
[DRIVER STATE] accel=0.42745098039215684 brake=0.0
----------------------------------------------------------
[DRIVER REACTION 1] Logical time: 27800.00 
[DRIVER REACTION 1] Physical time: 27882.70 
[DRIVER REACTION 1] LAG: 82.70 
----------------------------------------------------------
----------------------------------------------------------
[DRIVER] Logical time: 27800.00 
[DRIVER] Physical time: 27882.84 
[DRIVER] LAG: 82.84 
----------------------------------------------------------
The event throttle: 0.43529411764705883
----------------------------------------------------------
[DRIVER] Logical time: 27900.00 
[DRIVER] Physical time: 27900.39 
[DRIVER] LAG: 0.39 
----------------------------------------------------------
----------------------------------------------------------
[sterr,brake,accel] Logical time: 27900.29 
[sterr,brake,accel] Physical time: 27901.33 
[sterr,brake,accel] LAG: 1.04 
----------------------------------------------------------
[DRIVER STATE] accel=0.43529411764705883 brake=0.0
----------------------------------------------------------
[DRIVER REACTION 1] Logical time: 27900.29 
[DRIVER REACTION 1] Physical time: 27901.82 
[DRIVER REACTION 1] LAG: 1.54 
----------------------------------------------------------
The event throttle: 0.44313725490196076
----------------------------------------------------------
[sterr,brake,accel] Logical time: 27924.30 
[sterr,brake,accel] Physical time: 27924.54 
[sterr,brake,accel] LAG: 0.24 
----------------------------------------------------------
[DRIVER STATE] accel=0.44313725490196076 brake=0.0
----------------------------------------------------------
[DRIVER REACTION 1] Logical time: 27924.30 
[DRIVER REACTION 1] Physical time: 27925.20 
[DRIVER REACTION 1] LAG: 0.90 
----------------------------------------------------------
The event throttle: 0.4470588235294118
The event throttle: 0.45098039215686275
----------------------------------------------------------
[sterr,brake,accel] Logical time: 27948.23 
[sterr,brake,accel] Physical time: 27948.52 
[sterr,brake,accel] LAG: 0.29 
----------------------------------------------------------
[DRIVER STATE] accel=0.45098039215686275 brake=0.0
----------------------------------------------------------
[DRIVER REACTION 1] Logical time: 27948.23 
[DRIVER REACTION 1] Physical time: 27949.13 
[DRIVER REACTION 1] LAG: 0.90 
----------------------------------------------------------
The event throttle: 0.4549019607843137
The event throttle: 0.4588235294117647
The event throttle: 0.4627450980392157
----------------------------------------------------------
[sterr,brake,accel] Logical time: 27972.20 
[sterr,brake,accel] Physical time: 27972.48 
[sterr,brake,accel] LAG: 0.28 
----------------------------------------------------------
[DRIVER STATE] accel=0.4627450980392157 brake=0.0
----------------------------------------------------------
[DRIVER REACTION 1] Logical time: 27972.20 
[DRIVER REACTION 1] Physical time: 27973.03 
[DRIVER REACTION 1] LAG: 0.83 
----------------------------------------------------------
The event throttle: 0.4666666666666667
The event throttle: 0.47058823529411764
----------------------------------------------------------
[sterr,brake,accel] Logical time: 27996.21 
[sterr,brake,accel] Physical time: 27996.50 
[sterr,brake,accel] LAG: 0.28 
----------------------------------------------------------
[DRIVER STATE] accel=0.47058823529411764 brake=0.0
----------------------------------------------------------
[DRIVER REACTION 1] Logical time: 27996.21 
[DRIVER REACTION 1] Physical time: 27997.13 
[DRIVER REACTION 1] LAG: 0.91 
----------------------------------------------------------
[DEVICE READER CAM read] Physical time: 28004.50 
[DEVICE READER CAM read] LAG: 4.50 
----------------------------------------------------------
[DEVICE READER CAM TIMER] Logical time: 28000.00 
[DEVICE READER CAM TIMER] Physical time: 28004.73 
[DEVICE READER CAM TIMER] LAG: 4.73 
----------------------------------------------------------
----------------------------------------------------------
[DRIVER] Logical time: 28000.00 
[DRIVER] Physical time: 28005.37 
[DRIVER] LAG: 5.37 
----------------------------------------------------------
The event throttle: 0.47843137254901963
The event throttle: 0.4823529411764706
----------------------------------------------------------
[sterr,brake,accel] Logical time: 28028.28 
[sterr,brake,accel] Physical time: 28028.42 
[sterr,brake,accel] LAG: 0.13 
----------------------------------------------------------
[DRIVER STATE] accel=0.4823529411764706 brake=0.0
----------------------------------------------------------
[DRIVER REACTION 1] Logical time: 28028.28 
[DRIVER REACTION 1] Physical time: 28028.69 
[DRIVER REACTION 1] LAG: 0.40 
----------------------------------------------------------
The event throttle: 0.48627450980392156
The event throttle: 0.49019607843137253
----------------------------------------------------------
[sterr,brake,accel] Logical time: 28052.18 
[sterr,brake,accel] Physical time: 28052.37 
[sterr,brake,accel] LAG: 0.18 
----------------------------------------------------------
[DRIVER STATE] accel=0.49019607843137253 brake=0.0
----------------------------------------------------------
[DRIVER REACTION 1] Logical time: 28052.18 
[DRIVER REACTION 1] Physical time: 28052.72 
[DRIVER REACTION 1] LAG: 0.54 
----------------------------------------------------------
The event throttle: 0.49411764705882355
The event throttle: 0.4980392156862745
The event throttle: 0.5019607843137255
----------------------------------------------------------
[sterr,brake,accel] Logical time: 28076.17 
[sterr,brake,accel] Physical time: 28076.34 
[sterr,brake,accel] LAG: 0.17 
----------------------------------------------------------
[DRIVER STATE] accel=0.5019607843137255 brake=0.0
----------------------------------------------------------
[DRIVER REACTION 1] Logical time: 28076.17 
[DRIVER REACTION 1] Physical time: 28076.59 
[DRIVER REACTION 1] LAG: 0.42 
----------------------------------------------------------
The event throttle: 0.5058823529411764
The event throttle: 0.5098039215686274
----------------------------------------------------------
[DRIVER] Logical time: 28100.00 
[DRIVER] Physical time: 28100.51 
[DRIVER] LAG: 0.51 
----------------------------------------------------------
----------------------------------------------------------
[sterr,brake,accel] Logical time: 28100.36 
[sterr,brake,accel] Physical time: 28102.18 
[sterr,brake,accel] LAG: 1.82 
----------------------------------------------------------
[DRIVER STATE] accel=0.5098039215686274 brake=0.0
----------------------------------------------------------
[DRIVER REACTION 1] Logical time: 28100.36 
[DRIVER REACTION 1] Physical time: 28102.87 
[DRIVER REACTION 1] LAG: 2.51 
----------------------------------------------------------
The event throttle: 0.5137254901960784
----------------------------------------------------------
[sterr,brake,accel] Logical time: 28124.38 
[sterr,brake,accel] Physical time: 28124.68 
[sterr,brake,accel] LAG: 0.30 
----------------------------------------------------------
[DRIVER STATE] accel=0.5137254901960784 brake=0.0
----------------------------------------------------------
[DRIVER REACTION 1] Logical time: 28124.38 
[DRIVER REACTION 1] Physical time: 28125.44 
[DRIVER REACTION 1] LAG: 1.05 
----------------------------------------------------------
The event throttle: 0.5176470588235295
The event throttle: 0.5215686274509804
----------------------------------------------------------
[sterr,brake,accel] Logical time: 28156.39 
[sterr,brake,accel] Physical time: 28156.69 
[sterr,brake,accel] LAG: 0.30 
----------------------------------------------------------
[DRIVER STATE] accel=0.5215686274509804 brake=0.0
----------------------------------------------------------
[DRIVER REACTION 1] Logical time: 28156.39 
[DRIVER REACTION 1] Physical time: 28157.45 
[DRIVER REACTION 1] LAG: 1.06 
----------------------------------------------------------
The event throttle: 0.5254901960784314
----------------------------------------------------------
[sterr,brake,accel] Logical time: 28196.39 
[sterr,brake,accel] Physical time: 28196.66 
[sterr,brake,accel] LAG: 0.26 
----------------------------------------------------------
[DRIVER STATE] accel=0.5254901960784314 brake=0.0
----------------------------------------------------------
[DRIVER REACTION 1] Logical time: 28196.39 
[DRIVER REACTION 1] Physical time: 28197.37 
[DRIVER REACTION 1] LAG: 0.97 
----------------------------------------------------------
[DEVICE READER CAM read] Physical time: 28204.77 
[DEVICE READER CAM read] LAG: 4.77 
----------------------------------------------------------
[DEVICE READER CAM TIMER] Logical time: 28200.00 
[DEVICE READER CAM TIMER] Physical time: 28205.00 
[DEVICE READER CAM TIMER] LAG: 5.00 
----------------------------------------------------------
----------------------------------------------------------
[DRIVER] Logical time: 28200.00 
[DRIVER] Physical time: 28205.77 
[DRIVER] LAG: 5.77 
----------------------------------------------------------
The event throttle: 0.5215686274509804
----------------------------------------------------------
[sterr,brake,accel] Logical time: 28220.31 
[sterr,brake,accel] Physical time: 28220.43 
[sterr,brake,accel] LAG: 0.12 
----------------------------------------------------------
[DRIVER STATE] accel=0.5215686274509804 brake=0.0
----------------------------------------------------------
[DRIVER REACTION 1] Logical time: 28220.31 
[DRIVER REACTION 1] Physical time: 28220.69 
[DRIVER REACTION 1] LAG: 0.38 
----------------------------------------------------------
----------------------------------------------------------
[DRIVER] Logical time: 28300.00 
[DRIVER] Physical time: 28300.39 
[DRIVER] LAG: 0.39 
----------------------------------------------------------
The event throttle: 0.5176470588235295
----------------------------------------------------------
[sterr,brake,accel] Logical time: 28332.43 
[sterr,brake,accel] Physical time: 28332.73 
[sterr,brake,accel] LAG: 0.30 
----------------------------------------------------------
[DRIVER STATE] accel=0.5176470588235295 brake=0.0
----------------------------------------------------------
[DRIVER REACTION 1] Logical time: 28332.43 
[DRIVER REACTION 1] Physical time: 28333.44 
[DRIVER REACTION 1] LAG: 1.01 
----------------------------------------------------------
The event throttle: 0.5215686274509804
The event throttle: 0.5176470588235295
----------------------------------------------------------
[sterr,brake,accel] Logical time: 28388.46 
[sterr,brake,accel] Physical time: 28388.80 
[sterr,brake,accel] LAG: 0.33 
----------------------------------------------------------
[DRIVER STATE] accel=0.5176470588235295 brake=0.0
----------------------------------------------------------
[DRIVER REACTION 1] Logical time: 28388.46 
[DRIVER REACTION 1] Physical time: 28389.80 
[DRIVER REACTION 1] LAG: 1.34 
----------------------------------------------------------
[DEVICE READER CAM read] Physical time: 28403.73 
[DEVICE READER CAM read] LAG: 3.73 
----------------------------------------------------------
[DEVICE READER CAM TIMER] Logical time: 28400.00 
[DEVICE READER CAM TIMER] Physical time: 28403.92 
[DEVICE READER CAM TIMER] LAG: 3.92 
----------------------------------------------------------
----------------------------------------------------------
[DRIVER] Logical time: 28400.00 
[DRIVER] Physical time: 28404.56 
[DRIVER] LAG: 4.56 
----------------------------------------------------------
The event throttle: 0.5215686274509804
----------------------------------------------------------
[sterr,brake,accel] Logical time: 28412.30 
[sterr,brake,accel] Physical time: 28412.48 
[sterr,brake,accel] LAG: 0.18 
----------------------------------------------------------
[DRIVER STATE] accel=0.5215686274509804 brake=0.0
----------------------------------------------------------
[DRIVER REACTION 1] Logical time: 28412.30 
[DRIVER REACTION 1] Physical time: 28412.96 
[DRIVER REACTION 1] LAG: 0.66 
----------------------------------------------------------
The event throttle: 0.5176470588235295
The event throttle: 0.5215686274509804
The event throttle: 0.5176470588235295
----------------------------------------------------------
[sterr,brake,accel] Logical time: 28436.33 
[sterr,brake,accel] Physical time: 28436.61 
[sterr,brake,accel] LAG: 0.28 
----------------------------------------------------------
[DRIVER STATE] accel=0.5176470588235295 brake=0.0
----------------------------------------------------------
[DRIVER REACTION 1] Logical time: 28436.33 
[DRIVER REACTION 1] Physical time: 28437.23 
[DRIVER REACTION 1] LAG: 0.90 
----------------------------------------------------------
The event throttle: 0.5215686274509804
----------------------------------------------------------
[sterr,brake,accel] Logical time: 28476.39 
[sterr,brake,accel] Physical time: 28476.66 
[sterr,brake,accel] LAG: 0.27 
----------------------------------------------------------
[DRIVER STATE] accel=0.5215686274509804 brake=0.0
----------------------------------------------------------
[DRIVER REACTION 1] Logical time: 28476.39 
[DRIVER REACTION 1] Physical time: 28477.30 
[DRIVER REACTION 1] LAG: 0.90 
----------------------------------------------------------
The event throttle: 0.5176470588235295
The event throttle: 0.5215686274509804
----------------------------------------------------------
[DRIVER] Logical time: 28500.00 
[DRIVER] Physical time: 28500.70 
[DRIVER] LAG: 0.70 
----------------------------------------------------------
----------------------------------------------------------
[sterr,brake,accel] Logical time: 28500.43 
[sterr,brake,accel] Physical time: 28503.33 
[sterr,brake,accel] LAG: 2.90 
----------------------------------------------------------
[DRIVER STATE] accel=0.5215686274509804 brake=0.0
----------------------------------------------------------
[DRIVER REACTION 1] Logical time: 28500.43 
[DRIVER REACTION 1] Physical time: 28504.09 
[DRIVER REACTION 1] LAG: 3.66 
----------------------------------------------------------
The event throttle: 0.5176470588235295
The event throttle: 0.5215686274509804
----------------------------------------------------------
[sterr,brake,accel] Logical time: 28548.46 
[sterr,brake,accel] Physical time: 28548.79 
[sterr,brake,accel] LAG: 0.32 
----------------------------------------------------------
[DRIVER STATE] accel=0.5215686274509804 brake=0.0
----------------------------------------------------------
[DRIVER REACTION 1] Logical time: 28548.46 
[DRIVER REACTION 1] Physical time: 28549.61 
[DRIVER REACTION 1] LAG: 1.15 
----------------------------------------------------------
The event throttle: 0.5176470588235295
----------------------------------------------------------
[sterr,brake,accel] Logical time: 28580.41 
[sterr,brake,accel] Physical time: 28580.68 
[sterr,brake,accel] LAG: 0.27 
----------------------------------------------------------
[DRIVER STATE] accel=0.5176470588235295 brake=0.0
----------------------------------------------------------
[DRIVER REACTION 1] Logical time: 28580.41 
[DRIVER REACTION 1] Physical time: 28581.35 
[DRIVER REACTION 1] LAG: 0.94 
----------------------------------------------------------
The event throttle: 0.5215686274509804
[DEVICE READER CAM read] Physical time: 28604.79 
[DEVICE READER CAM read] LAG: 4.79 
----------------------------------------------------------
[DEVICE READER CAM TIMER] Logical time: 28600.00 
[DEVICE READER CAM TIMER] Physical time: 28605.02 
[DEVICE READER CAM TIMER] LAG: 5.02 
----------------------------------------------------------
----------------------------------------------------------
[DRIVER] Logical time: 28600.00 
[DRIVER] Physical time: 28605.79 
[DRIVER] LAG: 5.79 
----------------------------------------------------------
----------------------------------------------------------
[sterr,brake,accel] Logical time: 28604.65 
[sterr,brake,accel] Physical time: 28607.69 
[sterr,brake,accel] LAG: 3.04 
----------------------------------------------------------
[DRIVER STATE] accel=0.5215686274509804 brake=0.0
----------------------------------------------------------
[DRIVER REACTION 1] Logical time: 28604.65 
[DRIVER REACTION 1] Physical time: 28608.36 
[DRIVER REACTION 1] LAG: 3.72 
----------------------------------------------------------
The event throttle: 0.5176470588235295
The event throttle: 0.5215686274509804
----------------------------------------------------------
[sterr,brake,accel] Logical time: 28644.39 
[sterr,brake,accel] Physical time: 28644.67 
[sterr,brake,accel] LAG: 0.28 
----------------------------------------------------------
[DRIVER STATE] accel=0.5215686274509804 brake=0.0
----------------------------------------------------------
[DRIVER REACTION 1] Logical time: 28644.39 
[DRIVER REACTION 1] Physical time: 28645.38 
[DRIVER REACTION 1] LAG: 0.99 
----------------------------------------------------------
The event throttle: 0.5176470588235295
----------------------------------------------------------
[sterr,brake,accel] Logical time: 28676.45 
[sterr,brake,accel] Physical time: 28676.74 
[sterr,brake,accel] LAG: 0.28 
----------------------------------------------------------
[DRIVER STATE] accel=0.5176470588235295 brake=0.0
----------------------------------------------------------
[DRIVER REACTION 1] Logical time: 28676.45 
[DRIVER REACTION 1] Physical time: 28677.42 
[DRIVER REACTION 1] LAG: 0.97 
----------------------------------------------------------
----------------------------------------------------------
[DRIVER] Logical time: 28700.00 
[DRIVER] Physical time: 28700.45 
[DRIVER] LAG: 0.45 
----------------------------------------------------------
The event throttle: 0.5137254901960784
----------------------------------------------------------
[sterr,brake,accel] Logical time: 28764.52 
[sterr,brake,accel] Physical time: 28764.80 
[sterr,brake,accel] LAG: 0.29 
----------------------------------------------------------
[DRIVER STATE] accel=0.5137254901960784 brake=0.0
----------------------------------------------------------
[DRIVER REACTION 1] Logical time: 28764.52 
[DRIVER REACTION 1] Physical time: 28765.52 
[DRIVER REACTION 1] LAG: 1.00 
----------------------------------------------------------
The event throttle: 0.5176470588235295
The event throttle: 0.5137254901960784
The event throttle: 0.5176470588235295
----------------------------------------------------------
[sterr,brake,accel] Logical time: 28788.35 
[sterr,brake,accel] Physical time: 28788.58 
[sterr,brake,accel] LAG: 0.22 
----------------------------------------------------------
[DRIVER STATE] accel=0.5176470588235295 brake=0.0
----------------------------------------------------------
[DRIVER REACTION 1] Logical time: 28788.35 
[DRIVER REACTION 1] Physical time: 28789.12 
[DRIVER REACTION 1] LAG: 0.77 
----------------------------------------------------------
The event throttle: 0.5137254901960784
[DEVICE READER CAM read] Physical time: 28804.69 
[DEVICE READER CAM read] LAG: 4.69 
----------------------------------------------------------
[DEVICE READER CAM TIMER] Logical time: 28800.00 
[DEVICE READER CAM TIMER] Physical time: 28804.86 
[DEVICE READER CAM TIMER] LAG: 4.86 
----------------------------------------------------------
The event throttle: 0.5176470588235295
The event throttle: 0.5137254901960784
The event throttle: 0.5176470588235295
The event throttle: 0.5137254901960784
Faces: 0
The event throttle: 0.5176470588235295
The event throttle: 0.5137254901960784
Saved debug (no face)
----------------------------------------------------------
[FACE DETECTOR] Logical time: 28800.00 
[FACE DETECTOR] Physical time: 28883.03 
[FACE DETECTOR] LAG: 83.03 
----------------------------------------------------------
[DRIVER STATE] accel=0.5176470588235295 brake=0.0
----------------------------------------------------------
[DRIVER REACTION 1] Logical time: 28800.00 
[DRIVER REACTION 1] Physical time: 28883.39 
[DRIVER REACTION 1] LAG: 83.39 
----------------------------------------------------------
----------------------------------------------------------
[DRIVER] Logical time: 28800.00 
[DRIVER] Physical time: 28883.54 
[DRIVER] LAG: 83.54 
----------------------------------------------------------
----------------------------------------------------------
[sterr,brake,accel] Logical time: 28812.52 
[sterr,brake,accel] Physical time: 28883.97 
[sterr,brake,accel] LAG: 71.45 
----------------------------------------------------------
[DRIVER STATE] accel=0.5176470588235295 brake=0.0
----------------------------------------------------------
[DRIVER REACTION 1] Logical time: 28812.52 
The event throttle: 0.5176470588235295
[DRIVER REACTION 1] Physical time: 28884.14 
[DRIVER REACTION 1] LAG: 71.62 
----------------------------------------------------------
----------------------------------------------------------
[sterr,brake,accel] Logical time: 28836.28 
[sterr,brake,accel] Physical time: 28884.41 
[sterr,brake,accel] LAG: 48.12 
----------------------------------------------------------
[DRIVER STATE] accel=0.5137254901960784 brake=0.0
----------------------------------------------------------
[DRIVER REACTION 1] Logical time: 28836.28 
[DRIVER REACTION 1] Physical time: 28884.51 
[DRIVER REACTION 1] LAG: 48.22 
----------------------------------------------------------
----------------------------------------------------------
[sterr,brake,accel] Logical time: 28868.33 
[sterr,brake,accel] Physical time: 28884.57 
[sterr,brake,accel] LAG: 16.24 
----------------------------------------------------------
[DRIVER STATE] accel=0.5176470588235295 brake=0.0
----------------------------------------------------------
[DRIVER REACTION 1] Logical time: 28868.33 
[DRIVER REACTION 1] Physical time: 28884.65 
[DRIVER REACTION 1] LAG: 16.32 
----------------------------------------------------------
The event throttle: 0.5137254901960784
----------------------------------------------------------
[sterr,brake,accel] Logical time: 28892.27 
[sterr,brake,accel] Physical time: 28892.34 
[sterr,brake,accel] LAG: 0.08 
----------------------------------------------------------
[DRIVER STATE] accel=0.5137254901960784 brake=0.0
----------------------------------------------------------
[DRIVER REACTION 1] Logical time: 28892.27 
[DRIVER REACTION 1] Physical time: 28892.48 
[DRIVER REACTION 1] LAG: 0.22 
----------------------------------------------------------
----------------------------------------------------------
[DRIVER] Logical time: 28900.00 
[DRIVER] Physical time: 28900.35 
The event throttle: 0.5176470588235295
[DRIVER] LAG: 0.35 
----------------------------------------------------------
The event throttle: 0.5137254901960784
The event throttle: 0.5176470588235295
----------------------------------------------------------
[sterr,brake,accel] Logical time: 28916.34 
[sterr,brake,accel] Physical time: 28916.58 
[sterr,brake,accel] LAG: 0.24 
----------------------------------------------------------
[DRIVER STATE] accel=0.5176470588235295 brake=0.0
----------------------------------------------------------
[DRIVER REACTION 1] Logical time: 28916.34 
[DRIVER REACTION 1] Physical time: 28917.11 
[DRIVER REACTION 1] LAG: 0.78 
----------------------------------------------------------
The event throttle: 0.5137254901960784
The event throttle: 0.5098039215686274
----------------------------------------------------------
[sterr,brake,accel] Logical time: 28980.54 
[sterr,brake,accel] Physical time: 28980.82 
[sterr,brake,accel] LAG: 0.28 
----------------------------------------------------------
[DRIVER STATE] accel=0.5098039215686274 brake=0.0
----------------------------------------------------------
[DRIVER REACTION 1] Logical time: 28980.54 
[DRIVER REACTION 1] Physical time: 28981.55 
[DRIVER REACTION 1] LAG: 1.01 
----------------------------------------------------------
[DEVICE READER CAM read] Physical time: 29004.01 
[DEVICE READER CAM read] LAG: 4.01 
----------------------------------------------------------
[DEVICE READER CAM TIMER] Logical time: 29000.00 
[DEVICE READER CAM TIMER] Physical time: 29004.27 
[DEVICE READER CAM TIMER] LAG: 4.27 
----------------------------------------------------------
----------------------------------------------------------
[DRIVER] Logical time: 29000.00 
[DRIVER] Physical time: 29004.80 
[DRIVER] LAG: 4.80 
----------------------------------------------------------
----------------------------------------------------------
[DRIVER] Logical time: 29100.00 
[DRIVER] Physical time: 29100.59 
[DRIVER] LAG: 0.59 
----------------------------------------------------------
The event throttle: 0.5137254901960784
----------------------------------------------------------
[sterr,brake,accel] Logical time: 29124.53 
[sterr,brake,accel] Physical time: 29124.81 
[sterr,brake,accel] LAG: 0.29 
----------------------------------------------------------
[DRIVER STATE] accel=0.5137254901960784 brake=0.0
----------------------------------------------------------
[DRIVER REACTION 1] Logical time: 29124.53 
[DRIVER REACTION 1] Physical time: 29125.55 
[DRIVER REACTION 1] LAG: 1.03 
----------------------------------------------------------
The event throttle: 0.5176470588235295
----------------------------------------------------------
[sterr,brake,accel] Logical time: 29164.60 
[sterr,brake,accel] Physical time: 29164.93 
[sterr,brake,accel] LAG: 0.33 
----------------------------------------------------------
[DRIVER STATE] accel=0.5176470588235295 brake=0.0
----------------------------------------------------------
[DRIVER REACTION 1] Logical time: 29164.60 
[DRIVER REACTION 1] Physical time: 29165.75 
[DRIVER REACTION 1] LAG: 1.15 
----------------------------------------------------------
The event throttle: 0.5215686274509804
[DEVICE READER CAM read] Physical time: 29209.07 
[DEVICE READER CAM read] LAG: 9.07 
----------------------------------------------------------
[DEVICE READER CAM TIMER] Logical time: 29200.00 
[DEVICE READER CAM TIMER] Physical time: 29209.38 
[DEVICE READER CAM TIMER] LAG: 9.38 
----------------------------------------------------------
----------------------------------------------------------
[DRIVER] Logical time: 29200.00 
[DRIVER] Physical time: 29210.04 
[DRIVER] LAG: 10.04 
----------------------------------------------------------
----------------------------------------------------------
[sterr,brake,accel] Logical time: 29204.65 
[sterr,brake,accel] Physical time: 29211.59 
[sterr,brake,accel] LAG: 6.94 
----------------------------------------------------------
[DRIVER STATE] accel=0.5215686274509804 brake=0.0
----------------------------------------------------------
[DRIVER REACTION 1] Logical time: 29204.65 
[DRIVER REACTION 1] Physical time: 29212.55 
[DRIVER REACTION 1] LAG: 7.90 
----------------------------------------------------------
The event throttle: 0.5176470588235295
----------------------------------------------------------
[sterr,brake,accel] Logical time: 29236.56 
[sterr,brake,accel] Physical time: 29236.89 
[sterr,brake,accel] LAG: 0.33 
----------------------------------------------------------
[DRIVER STATE] accel=0.5176470588235295 brake=0.0
----------------------------------------------------------
[DRIVER REACTION 1] Logical time: 29236.56 
[DRIVER REACTION 1] Physical time: 29237.61 
[DRIVER REACTION 1] LAG: 1.05 
----------------------------------------------------------
The event throttle: 0.5215686274509804
----------------------------------------------------------
[DRIVER] Logical time: 29300.00 
[DRIVER] Physical time: 29300.43 
The event throttle: 0.5254901960784314
[DRIVER] LAG: 0.43 
----------------------------------------------------------
----------------------------------------------------------
[sterr,brake,accel] Logical time: 29300.80 
[sterr,brake,accel] Physical time: 29302.31 
[sterr,brake,accel] LAG: 1.50 
----------------------------------------------------------
[DRIVER STATE] accel=0.5254901960784314 brake=0.0
----------------------------------------------------------
[DRIVER REACTION 1] Logical time: 29300.80 
[DRIVER REACTION 1] Physical time: 29302.96 
[DRIVER REACTION 1] LAG: 2.16 
----------------------------------------------------------
The event throttle: 0.5215686274509804
The event throttle: 0.5254901960784314
----------------------------------------------------------
[sterr,brake,accel] Logical time: 29324.35 
[sterr,brake,accel] Physical time: 29324.59 
[sterr,brake,accel] LAG: 0.24 
----------------------------------------------------------
[DRIVER STATE] accel=0.5254901960784314 brake=0.0
----------------------------------------------------------
[DRIVER REACTION 1] Logical time: 29324.35 
[DRIVER REACTION 1] Physical time: 29325.33 
[DRIVER REACTION 1] LAG: 0.98 
----------------------------------------------------------
The event throttle: 0.5215686274509804
The event throttle: 0.5254901960784314
----------------------------------------------------------
[sterr,brake,accel] Logical time: 29356.44 
[sterr,brake,accel] Physical time: 29356.72 
[sterr,brake,accel] LAG: 0.28 
----------------------------------------------------------
[DRIVER STATE] accel=0.5254901960784314 brake=0.0
----------------------------------------------------------
[DRIVER REACTION 1] Logical time: 29356.44 
[DRIVER REACTION 1] Physical time: 29357.48 
[DRIVER REACTION 1] LAG: 1.04 
----------------------------------------------------------
The event throttle: 0.5215686274509804
[DEVICE READER CAM read] Physical time: 29404.82 
[DEVICE READER CAM read] LAG: 4.82 
----------------------------------------------------------
[DEVICE READER CAM TIMER] Logical time: 29400.00 
[DEVICE READER CAM TIMER] Physical time: 29405.06 
[DEVICE READER CAM TIMER] LAG: 5.06 
----------------------------------------------------------
----------------------------------------------------------
[DRIVER] Logical time: 29400.00 
[DRIVER] Physical time: 29405.67 
[DRIVER] LAG: 5.67 
----------------------------------------------------------
The event throttle: 0.5254901960784314
----------------------------------------------------------
[sterr,brake,accel] Logical time: 29436.53 
[sterr,brake,accel] Physical time: 29436.81 
[sterr,brake,accel] LAG: 0.27 
----------------------------------------------------------
[DRIVER STATE] accel=0.5254901960784314 brake=0.0
----------------------------------------------------------
[DRIVER REACTION 1] Logical time: 29436.53 
[DRIVER REACTION 1] Physical time: 29437.56 
[DRIVER REACTION 1] LAG: 1.02 
----------------------------------------------------------
The event throttle: 0.5215686274509804
The event throttle: 0.5254901960784314
----------------------------------------------------------
[sterr,brake,accel] Logical time: 29476.52 
[sterr,brake,accel] Physical time: 29476.78 
[sterr,brake,accel] LAG: 0.27 
----------------------------------------------------------
[DRIVER STATE] accel=0.5254901960784314 brake=0.0
----------------------------------------------------------
[DRIVER REACTION 1] Logical time: 29476.52 
[DRIVER REACTION 1] Physical time: 29477.49 
[DRIVER REACTION 1] LAG: 0.98 
----------------------------------------------------------
----------------------------------------------------------
[DRIVER] Logical time: 29500.00 
[DRIVER] Physical time: 29500.41 
[DRIVER] LAG: 0.41 
----------------------------------------------------------
The event throttle: 0.5215686274509804
----------------------------------------------------------
[sterr,brake,accel] Logical time: 29548.56 
[sterr,brake,accel] Physical time: 29548.85 
[sterr,brake,accel] LAG: 0.29 
----------------------------------------------------------
[DRIVER STATE] accel=0.5215686274509804 brake=0.0
----------------------------------------------------------
[DRIVER REACTION 1] Logical time: 29548.56 
[DRIVER REACTION 1] Physical time: 29549.61 
[DRIVER REACTION 1] LAG: 1.05 
----------------------------------------------------------
The event throttle: 0.5254901960784314
The event throttle: 0.5215686274509804
----------------------------------------------------------
[sterr,brake,accel] Logical time: 29580.44 
[sterr,brake,accel] Physical time: 29580.71 
[sterr,brake,accel] LAG: 0.26 
----------------------------------------------------------
[DRIVER STATE] accel=0.5215686274509804 brake=0.0
----------------------------------------------------------
[DRIVER REACTION 1] Logical time: 29580.44 
[DRIVER REACTION 1] Physical time: 29581.38 
[DRIVER REACTION 1] LAG: 0.93 
----------------------------------------------------------
The event throttle: 0.5254901960784314
[DEVICE READER CAM read] Physical time: 29609.38 
[DEVICE READER CAM read] LAG: 9.38 
----------------------------------------------------------
[DEVICE READER CAM TIMER] Logical time: 29600.00 
[DEVICE READER CAM TIMER] Physical time: 29609.56 
[DEVICE READER CAM TIMER] LAG: 9.56 
----------------------------------------------------------
----------------------------------------------------------
[DRIVER] Logical time: 29600.00 
[DRIVER] Physical time: 29610.13 
[DRIVER] LAG: 10.13 
----------------------------------------------------------
The event throttle: 0.5215686274509804
----------------------------------------------------------
[sterr,brake,accel] Logical time: 29684.57 
[sterr,brake,accel] Physical time: 29684.74 
[sterr,brake,accel] LAG: 0.18 
----------------------------------------------------------
[DRIVER STATE] accel=0.5215686274509804 brake=0.0
----------------------------------------------------------
[DRIVER REACTION 1] Logical time: 29684.57 
[DRIVER REACTION 1] Physical time: 29685.11 
[DRIVER REACTION 1] LAG: 0.55 
----------------------------------------------------------
----------------------------------------------------------
[DRIVER] Logical time: 29700.00 
[DRIVER] Physical time: 29700.36 
The event throttle: 0.5254901960784314
[DRIVER] LAG: 0.36 
----------------------------------------------------------
The event throttle: 0.5294117647058824
----------------------------------------------------------
[sterr,brake,accel] Logical time: 29756.62 
[sterr,brake,accel] Physical time: 29756.89 
[sterr,brake,accel] LAG: 0.27 
----------------------------------------------------------
[DRIVER STATE] accel=0.5294117647058824 brake=0.0
----------------------------------------------------------
[DRIVER REACTION 1] Logical time: 29756.62 
[DRIVER REACTION 1] Physical time: 29757.58 
[DRIVER REACTION 1] LAG: 0.96 
----------------------------------------------------------
The event throttle: 0.5254901960784314
The event throttle: 0.5294117647058824
----------------------------------------------------------
[sterr,brake,accel] Logical time: 29780.40 
[sterr,brake,accel] Physical time: 29780.61 
[sterr,brake,accel] LAG: 0.21 
----------------------------------------------------------
[DRIVER STATE] accel=0.5294117647058824 brake=0.0
----------------------------------------------------------
[DRIVER REACTION 1] Logical time: 29780.40 
[DRIVER REACTION 1] Physical time: 29781.11 
[DRIVER REACTION 1] LAG: 0.71 
----------------------------------------------------------
The event throttle: 0.5254901960784314
[DEVICE READER CAM read] Physical time: 29804.39 
[DEVICE READER CAM read] LAG: 4.39 
----------------------------------------------------------
[DEVICE READER CAM TIMER] Logical time: 29800.00 
[DEVICE READER CAM TIMER] Physical time: 29804.62 
[DEVICE READER CAM TIMER] LAG: 4.62 
----------------------------------------------------------
Faces: 0
The event throttle: 0.5215686274509804
Saved debug (no face)
----------------------------------------------------------
[FACE DETECTOR] Logical time: 29800.00 
[FACE DETECTOR] Physical time: 29877.50 
[FACE DETECTOR] LAG: 77.50 
----------------------------------------------------------
[DRIVER STATE] accel=0.5294117647058824 brake=0.0
----------------------------------------------------------
[DRIVER REACTION 1] Logical time: 29800.00 
[DRIVER REACTION 1] Physical time: 29877.85 
[DRIVER REACTION 1] LAG: 77.85 
----------------------------------------------------------
----------------------------------------------------------
[DRIVER] Logical time: 29800.00 
[DRIVER] Physical time: 29878.01 
[DRIVER] LAG: 78.01 
----------------------------------------------------------
----------------------------------------------------------
[sterr,brake,accel] Logical time: 29860.46 
[sterr,brake,accel] Physical time: 29878.59 
[sterr,brake,accel] LAG: 18.13 
----------------------------------------------------------
[DRIVER STATE] accel=0.5215686274509804 brake=0.0
----------------------------------------------------------
[DRIVER REACTION 1] Logical time: 29860.46 
[DRIVER REACTION 1] Physical time: 29878.88 
[DRIVER REACTION 1] LAG: 18.43 
----------------------------------------------------------
The event throttle: 0.5176470588235295
----------------------------------------------------------
[sterr,brake,accel] Logical time: 29892.52 
[sterr,brake,accel] Physical time: 29892.73 
[sterr,brake,accel] LAG: 0.22 
----------------------------------------------------------
[DRIVER STATE] accel=0.5176470588235295 brake=0.0
----------------------------------------------------------
[DRIVER REACTION 1] Logical time: 29892.52 
[DRIVER REACTION 1] Physical time: 29893.22 
[DRIVER REACTION 1] LAG: 0.71 
----------------------------------------------------------
----------------------------------------------------------
[DRIVER] Logical time: 29900.00 
[DRIVER] Physical time: 29900.35 
[DRIVER] LAG: 0.35 
----------------------------------------------------------
The event throttle: 0.5137254901960784
----------------------------------------------------------
[sterr,brake,accel] Logical time: 29932.64 
[sterr,brake,accel] Physical time: 29932.96 
[sterr,brake,accel] LAG: 0.32 
----------------------------------------------------------
[DRIVER STATE] accel=0.5137254901960784 brake=0.0
----------------------------------------------------------
[DRIVER REACTION 1] Logical time: 29932.64 
[DRIVER REACTION 1] Physical time: 29933.79 
[DRIVER REACTION 1] LAG: 1.15 
----------------------------------------------------------
The event throttle: 0.5098039215686274
The event throttle: 0.5137254901960784
----------------------------------------------------------
[sterr,brake,accel] Logical time: 29964.47 
[sterr,brake,accel] Physical time: 29964.75 
[sterr,brake,accel] LAG: 0.28 
----------------------------------------------------------
[DRIVER STATE] accel=0.5137254901960784 brake=0.0
----------------------------------------------------------
[DRIVER REACTION 1] Logical time: 29964.47 
[DRIVER REACTION 1] Physical time: 29965.45 
[DRIVER REACTION 1] LAG: 0.98 
----------------------------------------------------------
The event throttle: 0.5098039215686274
The event throttle: 0.5058823529411764
----------------------------------------------------------
[sterr,brake,accel] Logical time: 29988.43 
[sterr,brake,accel] Physical time: 29988.67 
[sterr,brake,accel] LAG: 0.24 
----------------------------------------------------------
[DRIVER STATE] accel=0.5058823529411764 brake=0.0
----------------------------------------------------------
[DRIVER REACTION 1] Logical time: 29988.43 
[DRIVER REACTION 1] Physical time: 29989.19 
[DRIVER REACTION 1] LAG: 0.76 
----------------------------------------------------------
[DEVICE READER CAM read] Physical time: 30004.43 
[DEVICE READER CAM read] LAG: 4.43 
----------------------------------------------------------
[DEVICE READER CAM TIMER] Logical time: 30000.00 
[DEVICE READER CAM TIMER] Physical time: 30004.63 
[DEVICE READER CAM TIMER] LAG: 4.63 
----------------------------------------------------------
----------------------------------------------------------
[DRIVER] Logical time: 30000.00 
[DRIVER] Physical time: 30005.14 
[DRIVER] LAG: 5.14 
----------------------------------------------------------
The event throttle: 0.5019607843137255
----------------------------------------------------------
[sterr,brake,accel] Logical time: 30012.58 
[sterr,brake,accel] Physical time: 30012.77 
[sterr,brake,accel] LAG: 0.19 
----------------------------------------------------------
[DRIVER STATE] accel=0.5019607843137255 brake=0.0
----------------------------------------------------------
[DRIVER REACTION 1] Logical time: 30012.58 
[DRIVER REACTION 1] Physical time: 30013.04 
[DRIVER REACTION 1] LAG: 0.46 
----------------------------------------------------------
The event throttle: 0.5058823529411764
The event throttle: 0.5019607843137255
----------------------------------------------------------
[sterr,brake,accel] Logical time: 30036.48 
[sterr,brake,accel] Physical time: 30036.64 
[sterr,brake,accel] LAG: 0.16 
----------------------------------------------------------
[DRIVER STATE] accel=0.5019607843137255 brake=0.0
----------------------------------------------------------
[DRIVER REACTION 1] Logical time: 30036.48 
[DRIVER REACTION 1] Physical time: 30036.94 
[DRIVER REACTION 1] LAG: 0.45 
----------------------------------------------------------
The event throttle: 0.4980392156862745
----------------------------------------------------------
[sterr,brake,accel] Logical time: 30068.58 
[sterr,brake,accel] Physical time: 30068.74 
[sterr,brake,accel] LAG: 0.16 
----------------------------------------------------------
[DRIVER STATE] accel=0.4980392156862745 brake=0.0
----------------------------------------------------------
[DRIVER REACTION 1] Logical time: 30068.58 
[DRIVER REACTION 1] Physical time: 30069.03 
[DRIVER REACTION 1] LAG: 0.45 
----------------------------------------------------------
----------------------------------------------------------
[DRIVER] Logical time: 30100.00 
[DRIVER] Physical time: 30100.41 
The event throttle: 0.49411764705882355
[DRIVER] LAG: 0.41 
----------------------------------------------------------
----------------------------------------------------------
[sterr,brake,accel] Logical time: 30100.77 
[sterr,brake,accel] Physical time: 30102.85 
[sterr,brake,accel] LAG: 2.08 
----------------------------------------------------------
[DRIVER STATE] accel=0.49411764705882355 brake=0.0
----------------------------------------------------------
[DRIVER REACTION 1] Logical time: 30100.77 
[DRIVER REACTION 1] Physical time: 30103.63 
[DRIVER REACTION 1] LAG: 2.87 
----------------------------------------------------------
The event throttle: 0.49019607843137253
The event throttle: 0.48627450980392156
----------------------------------------------------------
[sterr,brake,accel] Logical time: 30140.61 
[sterr,brake,accel] Physical time: 30140.94 
[sterr,brake,accel] LAG: 0.33 
----------------------------------------------------------
[DRIVER STATE] accel=0.48627450980392156 brake=0.0
----------------------------------------------------------
[DRIVER REACTION 1] Logical time: 30140.61 
[DRIVER REACTION 1] Physical time: 30141.73 
[DRIVER REACTION 1] LAG: 1.12 
----------------------------------------------------------
The event throttle: 0.4823529411764706
The event throttle: 0.47843137254901963
----------------------------------------------------------
[sterr,brake,accel] Logical time: 30180.50 
[sterr,brake,accel] Physical time: 30180.77 
[sterr,brake,accel] LAG: 0.26 
----------------------------------------------------------
[DRIVER STATE] accel=0.47843137254901963 brake=0.0
----------------------------------------------------------
[DRIVER REACTION 1] Logical time: 30180.50 
[DRIVER REACTION 1] Physical time: 30181.46 
[DRIVER REACTION 1] LAG: 0.96 
----------------------------------------------------------
The event throttle: 0.4745098039215686
[DEVICE READER CAM read] Physical time: 30203.95 
[DEVICE READER CAM read] LAG: 3.95 
----------------------------------------------------------
[DEVICE READER CAM TIMER] Logical time: 30200.00 
[DEVICE READER CAM TIMER] Physical time: 30204.18 
[DEVICE READER CAM TIMER] LAG: 4.18 
----------------------------------------------------------
----------------------------------------------------------
[DRIVER] Logical time: 30200.00 
[DRIVER] Physical time: 30204.82 
[DRIVER] LAG: 4.82 
----------------------------------------------------------
The event throttle: 0.47058823529411764
----------------------------------------------------------
[sterr,brake,accel] Logical time: 30212.64 
[sterr,brake,accel] Physical time: 30212.80 
[sterr,brake,accel] LAG: 0.16 
----------------------------------------------------------
[DRIVER STATE] accel=0.47058823529411764 brake=0.0
----------------------------------------------------------
[DRIVER REACTION 1] Logical time: 30212.64 
[DRIVER REACTION 1] Physical time: 30213.10 
[DRIVER REACTION 1] LAG: 0.46 
----------------------------------------------------------
The event throttle: 0.4666666666666667
The event throttle: 0.4627450980392157
The event throttle: 0.4588235294117647
----------------------------------------------------------
[sterr,brake,accel] Logical time: 30236.50 
[sterr,brake,accel] Physical time: 30236.65 
[sterr,brake,accel] LAG: 0.15 
----------------------------------------------------------
[DRIVER STATE] accel=0.4588235294117647 brake=0.0
----------------------------------------------------------
[DRIVER REACTION 1] Logical time: 30236.50 
[DRIVER REACTION 1] Physical time: 30236.94 
[DRIVER REACTION 1] LAG: 0.44 
----------------------------------------------------------
The event throttle: 0.4627450980392157
The event throttle: 0.4588235294117647
The event throttle: 0.4549019607843137
----------------------------------------------------------
[sterr,brake,accel] Logical time: 30260.51 
[sterr,brake,accel] Physical time: 30260.67 
[sterr,brake,accel] LAG: 0.16 
----------------------------------------------------------
[DRIVER STATE] accel=0.4549019607843137 brake=0.0
----------------------------------------------------------
[DRIVER REACTION 1] Logical time: 30260.51 
[DRIVER REACTION 1] Physical time: 30261.03 
[DRIVER REACTION 1] LAG: 0.52 
----------------------------------------------------------
The event throttle: 0.45098039215686275
The event throttle: 0.4470588235294118
----------------------------------------------------------
[sterr,brake,accel] Logical time: 30284.50 
[sterr,brake,accel] Physical time: 30284.63 
[sterr,brake,accel] LAG: 0.13 
----------------------------------------------------------
[DRIVER STATE] accel=0.4470588235294118 brake=0.0
----------------------------------------------------------
[DRIVER REACTION 1] Logical time: 30284.50 
[DRIVER REACTION 1] Physical time: 30284.87 
[DRIVER REACTION 1] LAG: 0.37 
----------------------------------------------------------
----------------------------------------------------------
[DRIVER] Logical time: 30300.00 
[DRIVER] Physical time: 30300.21 
[DRIVER] LAG: 0.21 
----------------------------------------------------------
The event throttle: 0.44313725490196076
----------------------------------------------------------
[sterr,brake,accel] Logical time: 30316.62 
[sterr,brake,accel] Physical time: 30316.89 
[sterr,brake,accel] LAG: 0.27 
----------------------------------------------------------
[DRIVER STATE] accel=0.44313725490196076 brake=0.0
----------------------------------------------------------
[DRIVER REACTION 1] Logical time: 30316.62 
[DRIVER REACTION 1] Physical time: 30317.56 
[DRIVER REACTION 1] LAG: 0.94 
----------------------------------------------------------
The event throttle: 0.4392156862745098
----------------------------------------------------------
[sterr,brake,accel] Logical time: 30348.67 
[sterr,brake,accel] Physical time: 30348.96 
[sterr,brake,accel] LAG: 0.29 
----------------------------------------------------------
[DRIVER STATE] accel=0.4392156862745098 brake=0.0
----------------------------------------------------------
[DRIVER REACTION 1] Logical time: 30348.67 
[DRIVER REACTION 1] Physical time: 30350.12 
[DRIVER REACTION 1] LAG: 1.45 
----------------------------------------------------------
[DEVICE READER CAM read] Physical time: 30404.76 
[DEVICE READER CAM read] LAG: 4.76 
----------------------------------------------------------
[DEVICE READER CAM TIMER] Logical time: 30400.00 
[DEVICE READER CAM TIMER] Physical time: 30405.00 
[DEVICE READER CAM TIMER] LAG: 5.00 
----------------------------------------------------------
----------------------------------------------------------
[DRIVER] Logical time: 30400.00 
[DRIVER] Physical time: 30405.65 
[DRIVER] LAG: 5.65 
----------------------------------------------------------
The event throttle: 0.43529411764705883
----------------------------------------------------------
[sterr,brake,accel] Logical time: 30420.53 
[sterr,brake,accel] Physical time: 30420.72 
[sterr,brake,accel] LAG: 0.19 
----------------------------------------------------------
[DRIVER STATE] accel=0.43529411764705883 brake=0.0
----------------------------------------------------------
[DRIVER REACTION 1] Logical time: 30420.53 
[DRIVER REACTION 1] Physical time: 30421.14 
[DRIVER REACTION 1] LAG: 0.60 
----------------------------------------------------------
The event throttle: 0.4392156862745098
----------------------------------------------------------
[sterr,brake,accel] Logical time: 30452.63 
[sterr,brake,accel] Physical time: 30452.88 
[sterr,brake,accel] LAG: 0.26 
----------------------------------------------------------
[DRIVER STATE] accel=0.4392156862745098 brake=0.0
----------------------------------------------------------
[DRIVER REACTION 1] Logical time: 30452.63 
[DRIVER REACTION 1] Physical time: 30453.57 
[DRIVER REACTION 1] LAG: 0.95 
----------------------------------------------------------
The event throttle: 0.43529411764705883
The event throttle: 0.4392156862745098
The event throttle: 0.43529411764705883
----------------------------------------------------------
[sterr,brake,accel] Logical time: 30476.49 
[sterr,brake,accel] Physical time: 30476.75 
[sterr,brake,accel] LAG: 0.26 
----------------------------------------------------------
[DRIVER STATE] accel=0.43529411764705883 brake=0.0
----------------------------------------------------------
[DRIVER REACTION 1] Logical time: 30476.49 
[DRIVER REACTION 1] Physical time: 30477.43 
[DRIVER REACTION 1] LAG: 0.94 
----------------------------------------------------------
The event throttle: 0.4392156862745098
The event throttle: 0.43529411764705883
----------------------------------------------------------
[DRIVER] Logical time: 30500.00 
[DRIVER] Physical time: 30500.38 
[DRIVER] LAG: 0.38 
----------------------------------------------------------
The event throttle: 0.4392156862745098
----------------------------------------------------------
[sterr,brake,accel] Logical time: 30508.85 
[sterr,brake,accel] Physical time: 30509.12 
[sterr,brake,accel] LAG: 0.27 
----------------------------------------------------------
[DRIVER STATE] accel=0.4392156862745098 brake=0.0
----------------------------------------------------------
[DRIVER REACTION 1] Logical time: 30508.85 
[DRIVER REACTION 1] Physical time: 30509.81 
[DRIVER REACTION 1] LAG: 0.96 
----------------------------------------------------------
The event throttle: 0.44313725490196076
----------------------------------------------------------
[sterr,brake,accel] Logical time: 30548.71 
[sterr,brake,accel] Physical time: 30549.04 
[sterr,brake,accel] LAG: 0.33 
----------------------------------------------------------
[DRIVER STATE] accel=0.44313725490196076 brake=0.0
----------------------------------------------------------
[DRIVER REACTION 1] Logical time: 30548.71 
[DRIVER REACTION 1] Physical time: 30549.81 
[DRIVER REACTION 1] LAG: 1.11 
----------------------------------------------------------
[DEVICE READER CAM read] Physical time: 30604.73 
[DEVICE READER CAM read] LAG: 4.73 
----------------------------------------------------------
[DEVICE READER CAM TIMER] Logical time: 30600.00 
[DEVICE READER CAM TIMER] Physical time: 30604.96 
[DEVICE READER CAM TIMER] LAG: 4.96 
----------------------------------------------------------
----------------------------------------------------------
[DRIVER] Logical time: 30600.00 
[DRIVER] Physical time: 30605.60 
[DRIVER] LAG: 5.60 
----------------------------------------------------------
The event throttle: 0.4470588235294118
----------------------------------------------------------
[sterr,brake,accel] Logical time: 30612.65 
[sterr,brake,accel] Physical time: 30612.91 
[sterr,brake,accel] LAG: 0.26 
----------------------------------------------------------
[DRIVER STATE] accel=0.4470588235294118 brake=0.0
----------------------------------------------------------
[DRIVER REACTION 1] Logical time: 30612.65 
[DRIVER REACTION 1] Physical time: 30613.57 
[DRIVER REACTION 1] LAG: 0.92 
----------------------------------------------------------
The event throttle: 0.45098039215686275
The event throttle: 0.4549019607843137
----------------------------------------------------------
[sterr,brake,accel] Logical time: 30644.62 
[sterr,brake,accel] Physical time: 30644.90 
[sterr,brake,accel] LAG: 0.28 
----------------------------------------------------------
[DRIVER STATE] accel=0.4549019607843137 brake=0.0
----------------------------------------------------------
[DRIVER REACTION 1] Logical time: 30644.62 
[DRIVER REACTION 1] Physical time: 30645.61 
[DRIVER REACTION 1] LAG: 0.99 
----------------------------------------------------------
The event throttle: 0.4588235294117647
The event throttle: 0.4549019607843137
----------------------------------------------------------
[sterr,brake,accel] Logical time: 30668.62 
[sterr,brake,accel] Physical time: 30668.88 
[sterr,brake,accel] LAG: 0.25 
----------------------------------------------------------
[DRIVER STATE] accel=0.4549019607843137 brake=0.0
----------------------------------------------------------
[DRIVER REACTION 1] Logical time: 30668.62 
[DRIVER REACTION 1] Physical time: 30669.51 
[DRIVER REACTION 1] LAG: 0.88 
----------------------------------------------------------
The event throttle: 0.4588235294117647
The event throttle: 0.4549019607843137
----------------------------------------------------------
[sterr,brake,accel] Logical time: 30692.52 
[sterr,brake,accel] Physical time: 30692.77 
[sterr,brake,accel] LAG: 0.25 
----------------------------------------------------------
[DRIVER STATE] accel=0.4549019607843137 brake=0.0
----------------------------------------------------------
[DRIVER REACTION 1] Logical time: 30692.52 
[DRIVER REACTION 1] Physical time: 30693.53 
[DRIVER REACTION 1] LAG: 1.02 
----------------------------------------------------------
----------------------------------------------------------
[DRIVER] Logical time: 30700.00 
[DRIVER] Physical time: 30700.57 
[DRIVER] LAG: 0.57 
----------------------------------------------------------
[DEVICE READER CAM read] Physical time: 30804.49 
[DEVICE READER CAM read] LAG: 4.49 
----------------------------------------------------------
[DEVICE READER CAM TIMER] Logical time: 30800.00 
[DEVICE READER CAM TIMER] Physical time: 30804.72 
[DEVICE READER CAM TIMER] LAG: 4.72 
----------------------------------------------------------
The event throttle: 0.45098039215686275
Faces: 0
Saved debug (no face)
----------------------------------------------------------
[FACE DETECTOR] Logical time: 30800.00 
[FACE DETECTOR] Physical time: 30880.51 
[FACE DETECTOR] LAG: 80.51 
----------------------------------------------------------
[DRIVER STATE] accel=0.4549019607843137 brake=0.0
----------------------------------------------------------
[DRIVER REACTION 1] Logical time: 30800.00 
[DRIVER REACTION 1] Physical time: 30880.84 
[DRIVER REACTION 1] LAG: 80.84 
----------------------------------------------------------
----------------------------------------------------------
[DRIVER] Logical time: 30800.00 
[DRIVER] Physical time: 30880.98 
[DRIVER] LAG: 80.98 
----------------------------------------------------------
----------------------------------------------------------
[sterr,brake,accel] Logical time: 30828.57 
[sterr,brake,accel] Physical time: 30881.54 
[sterr,brake,accel] LAG: 52.97 
----------------------------------------------------------
[DRIVER STATE] accel=0.45098039215686275 brake=0.0
----------------------------------------------------------
[DRIVER REACTION 1] Logical time: 30828.57 
[DRIVER REACTION 1] Physical time: 30881.82 
[DRIVER REACTION 1] LAG: 53.26 
----------------------------------------------------------
----------------------------------------------------------
[DRIVER] Logical time: 30900.00 
[DRIVER] Physical time: 30900.60 
[DRIVER] LAG: 0.60 
----------------------------------------------------------
[DEVICE READER CAM read] Physical time: 31005.31 
[DEVICE READER CAM read] LAG: 5.31 
----------------------------------------------------------
[DEVICE READER CAM TIMER] Logical time: 31000.00 
[DEVICE READER CAM TIMER] Physical time: 31005.57 
[DEVICE READER CAM TIMER] LAG: 5.57 
----------------------------------------------------------
----------------------------------------------------------
[DRIVER] Logical time: 31000.00 
[DRIVER] Physical time: 31006.21 
[DRIVER] LAG: 6.21 
----------------------------------------------------------
The event throttle: 0.4470588235294118
----------------------------------------------------------
[sterr,brake,accel] Logical time: 31012.67 
[sterr,brake,accel] Physical time: 31012.91 
[sterr,brake,accel] LAG: 0.24 
----------------------------------------------------------
[DRIVER STATE] accel=0.4470588235294118 brake=0.0
----------------------------------------------------------
[DRIVER REACTION 1] Logical time: 31012.67 
[DRIVER REACTION 1] Physical time: 31013.40 
[DRIVER REACTION 1] LAG: 0.74 
----------------------------------------------------------
The event throttle: 0.45098039215686275
----------------------------------------------------------
[DRIVER] Logical time: 31100.00 
[DRIVER] Physical time: 31100.43 
[DRIVER] LAG: 0.43 
----------------------------------------------------------
The event throttle: 0.4470588235294118
----------------------------------------------------------
[sterr,brake,accel] Logical time: 31124.72 
[sterr,brake,accel] Physical time: 31124.97 
[sterr,brake,accel] LAG: 0.26 
----------------------------------------------------------
[DRIVER STATE] accel=0.4470588235294118 brake=0.0
----------------------------------------------------------
[DRIVER REACTION 1] Logical time: 31124.72 
[DRIVER REACTION 1] Physical time: 31125.64 
[DRIVER REACTION 1] LAG: 0.92 
----------------------------------------------------------
The event throttle: 0.45098039215686275
The event throttle: 0.4470588235294118
----------------------------------------------------------
[sterr,brake,accel] Logical time: 31188.87 
[sterr,brake,accel] Physical time: 31189.22 
[sterr,brake,accel] LAG: 0.35 
----------------------------------------------------------
[DRIVER STATE] accel=0.4470588235294118 brake=0.0
----------------------------------------------------------
[DRIVER REACTION 1] Logical time: 31188.87 
[DRIVER REACTION 1] Physical time: 31189.98 
[DRIVER REACTION 1] LAG: 1.10 
----------------------------------------------------------
The event throttle: 0.45098039215686275
[DEVICE READER CAM read] Physical time: 31204.41 
[DEVICE READER CAM read] LAG: 4.41 
----------------------------------------------------------
[DEVICE READER CAM TIMER] Logical time: 31200.00 
[DEVICE READER CAM TIMER] Physical time: 31204.63 
[DEVICE READER CAM TIMER] LAG: 4.63 
----------------------------------------------------------
----------------------------------------------------------
[DRIVER] Logical time: 31200.00 
[DRIVER] Physical time: 31205.15 
[DRIVER] LAG: 5.15 
---- System clock resolution: 1 nsec
---- Start execution on Sun Apr 19 17:58:00 2026 ---- plus 378131231 nanoseconds
Fed 0 (d_main): Connected to 10.218.100.78:15045.
Fed 0 (d_main): Starting timestamp is: 1776646682576704413.
