******* Using Python version: 3.12.3
Time taken for wheel: 0.13
The /dev/input/event0 is the path and shanwan Android GamePad is the name of the device.

Webcam opened
Time taken for cam: 1.44
The devices are connected

[DEVICE READER CAM read] Physical time: 4009.18 
[DEVICE READER CAM read] LAG: 9.18 
----------------------------------------------------------
[DEVICE READER CAM TIMER] Logical time: 4000.00 
[DEVICE READER CAM TIMER] Physical time: 4009.38 
[DEVICE READER CAM TIMER] LAG: 9.38 
----------------------------------------------------------
----------------------------------------------------------
[DRIVER] Logical time: 4000.00 
[DRIVER] Physical time: 4009.88 
[DRIVER] LAG: 9.88 
----------------------------------------------------------
----------------------------------------------------------
[DRIVER] Logical time: 4100.00 
[DRIVER] Physical time: 4100.43 
[DRIVER] LAG: 0.43 
----------------------------------------------------------
[DEVICE READER CAM read] Physical time: 4208.72 
[DEVICE READER CAM read] LAG: 8.72 
----------------------------------------------------------
[DEVICE READER CAM TIMER] Logical time: 4200.00 
[DEVICE READER CAM TIMER] Physical time: 4208.98 
[DEVICE READER CAM TIMER] LAG: 8.98 
----------------------------------------------------------
----------------------------------------------------------
[DRIVER] Logical time: 4200.00 
[DRIVER] Physical time: 4209.64 
[DRIVER] LAG: 9.64 
----------------------------------------------------------
----------------------------------------------------------
[DRIVER] Logical time: 4300.00 
[DRIVER] Physical time: 4300.52 
[DRIVER] LAG: 0.52 
----------------------------------------------------------
[DEVICE READER CAM read] Physical time: 4409.33 
[DEVICE READER CAM read] LAG: 9.33 
----------------------------------------------------------
[DEVICE READER CAM TIMER] Logical time: 4400.00 
[DEVICE READER CAM TIMER] Physical time: 4409.60 
[DEVICE READER CAM TIMER] LAG: 9.60 
----------------------------------------------------------
----------------------------------------------------------
[DRIVER] Logical time: 4400.00 
[DRIVER] Physical time: 4410.34 
[DRIVER] LAG: 10.34 
----------------------------------------------------------
----------------------------------------------------------
[DRIVER] Logical time: 4500.00 
[DRIVER] Physical time: 4500.45 
[DRIVER] LAG: 0.45 
----------------------------------------------------------
[DEVICE READER CAM read] Physical time: 4609.67 
[DEVICE READER CAM read] LAG: 9.67 
----------------------------------------------------------
[DEVICE READER CAM TIMER] Logical time: 4600.00 
[DEVICE READER CAM TIMER] Physical time: 4609.94 
[DEVICE READER CAM TIMER] LAG: 9.94 
----------------------------------------------------------
----------------------------------------------------------
[DRIVER] Logical time: 4600.00 
[DRIVER] Physical time: 4610.70 
[DRIVER] LAG: 10.70 
----------------------------------------------------------
The event throttle: 0.0196078431372549
----------------------------------------------------------
[sterr,brake,accel] Logical time: 4626.23 
[sterr,brake,accel] Physical time: 4626.47 
[sterr,brake,accel] LAG: 0.25 
----------------------------------------------------------
[DRIVER STATE] accel=0.0196078431372549 brake=0.0
----------------------------------------------------------
[DRIVER REACTION 1] Logical time: 4626.23 
[DRIVER REACTION 1] Physical time: 4627.14 
[DRIVER REACTION 1] LAG: 0.91 
----------------------------------------------------------
The event throttle: 0.027450980392156862
The event throttle: 0.047058823529411764
The event throttle: 0.054901960784313725
----------------------------------------------------------
[sterr,brake,accel] Logical time: 4650.01 
[sterr,brake,accel] Physical time: 4650.30 
[sterr,brake,accel] LAG: 0.29 
----------------------------------------------------------
[DRIVER STATE] accel=0.054901960784313725 brake=0.0
----------------------------------------------------------
[DRIVER REACTION 1] Logical time: 4650.01 
[DRIVER REACTION 1] Physical time: 4650.89 
[DRIVER REACTION 1] LAG: 0.88 
----------------------------------------------------------
The event throttle: 0.07450980392156863
The event throttle: 0.09019607843137255
The event throttle: 0.10196078431372549
----------------------------------------------------------
[sterr,brake,accel] Logical time: 4674.09 
[sterr,brake,accel] Physical time: 4674.39 
[sterr,brake,accel] LAG: 0.30 
----------------------------------------------------------
[DRIVER STATE] accel=0.10196078431372549 brake=0.0
----------------------------------------------------------
[DRIVER REACTION 1] Logical time: 4674.09 
[DRIVER REACTION 1] Physical time: 4675.03 
[DRIVER REACTION 1] LAG: 0.94 
----------------------------------------------------------
The event throttle: 0.12549019607843137
The event throttle: 0.12941176470588237
The event throttle: 0.1450980392156863
----------------------------------------------------------
[sterr,brake,accel] Logical time: 4698.10 
[sterr,brake,accel] Physical time: 4698.40 
[sterr,brake,accel] LAG: 0.30 
----------------------------------------------------------
[DRIVER STATE] accel=0.1450980392156863 brake=0.0
----------------------------------------------------------
[DRIVER REACTION 1] Logical time: 4698.10 
[DRIVER REACTION 1] Physical time: 4699.04 
[DRIVER REACTION 1] LAG: 0.94 
----------------------------------------------------------
----------------------------------------------------------
[DRIVER] Logical time: 4700.00 
[DRIVER] Physical time: 4700.38 
[DRIVER] LAG: 0.38 
----------------------------------------------------------
The event throttle: 0.16470588235294117
The event throttle: 0.16862745098039217
The event throttle: 0.17647058823529413
----------------------------------------------------------
[sterr,brake,accel] Logical time: 4721.97 
[sterr,brake,accel] Physical time: 4722.22 
[sterr,brake,accel] LAG: 0.25 
----------------------------------------------------------
[DRIVER STATE] accel=0.17647058823529413 brake=0.0
----------------------------------------------------------
[DRIVER REACTION 1] Logical time: 4721.97 
[DRIVER REACTION 1] Physical time: 4722.80 
[DRIVER REACTION 1] LAG: 0.83 
----------------------------------------------------------
The event throttle: 0.1803921568627451
The event throttle: 0.1843137254901961
The event throttle: 0.1803921568627451
----------------------------------------------------------
[sterr,brake,accel] Logical time: 4778.21 
[sterr,brake,accel] Physical time: 4778.48 
[sterr,brake,accel] LAG: 0.27 
----------------------------------------------------------
[DRIVER STATE] accel=0.1803921568627451 brake=0.0
----------------------------------------------------------
[DRIVER REACTION 1] Logical time: 4778.21 
[DRIVER REACTION 1] Physical time: 4779.15 
[DRIVER REACTION 1] LAG: 0.94 
----------------------------------------------------------
The event throttle: 0.1843137254901961
The event throttle: 0.1803921568627451
[DEVICE READER CAM read] Physical time: 4808.51 
[DEVICE READER CAM read] LAG: 8.51 
----------------------------------------------------------
[DEVICE READER CAM TIMER] Logical time: 4800.00 
[DEVICE READER CAM TIMER] Physical time: 4808.78 
[DEVICE READER CAM TIMER] LAG: 8.78 
----------------------------------------------------------
The event throttle: 0.17647058823529413
The event throttle: 0.17254901960784313
The event throttle: 0.15294117647058825
The event throttle: 0.13725490196078433
The event throttle: 0.12156862745098039
Faces: 0
The event throttle: 0.10980392156862745
The event throttle: 0.0784313725490196
The event throttle: 0.043137254901960784
The event throttle: 0.027450980392156862
The event throttle: 0.0
Saved debug (no face)
----------------------------------------------------------
[FACE DETECTOR] Logical time: 4800.00 
[FACE DETECTOR] Physical time: 4883.35 
[FACE DETECTOR] LAG: 83.35 
----------------------------------------------------------
[DRIVER STATE] accel=0.1803921568627451 brake=0.0
----------------------------------------------------------
[DRIVER REACTION 1] Logical time: 4800.00 
[DRIVER REACTION 1] Physical time: 4883.73 
[DRIVER REACTION 1] LAG: 83.73 
----------------------------------------------------------
----------------------------------------------------------
[DRIVER] Logical time: 4800.00 
[DRIVER] Physical time: 4883.90 
[DRIVER] LAG: 83.90 
----------------------------------------------------------
----------------------------------------------------------
[sterr,brake,accel] Logical time: 4802.34 
[sterr,brake,accel] Physical time: 4884.68 
[sterr,brake,accel] LAG: 82.34 
----------------------------------------------------------
[DRIVER STATE] accel=0.1803921568627451 brake=0.0
----------------------------------------------------------
[DRIVER REACTION 1] Logical time: 4802.34 
[DRIVER REACTION 1] Physical time: 4884.83 
[DRIVER REACTION 1] LAG: 82.50 
----------------------------------------------------------
----------------------------------------------------------
[sterr,brake,accel] Logical time: 4826.08 
[sterr,brake,accel] Physical time: 4884.98 
[sterr,brake,accel] LAG: 58.90 
----------------------------------------------------------
[DRIVER STATE] accel=0.15294117647058825 brake=0.0
----------------------------------------------------------
[DRIVER REACTION 1] Logical time: 4826.08 
[DRIVER REACTION 1] Physical time: 4885.20 
[DRIVER REACTION 1] LAG: 59.12 
----------------------------------------------------------
----------------------------------------------------------
[sterr,brake,accel] Logical time: 4850.08 
[sterr,brake,accel] Physical time: 4885.32 
[sterr,brake,accel] LAG: 35.25 
----------------------------------------------------------
[DRIVER STATE] accel=0.10980392156862745 brake=0.0
----------------------------------------------------------
[DRIVER REACTION 1] Logical time: 4850.08 
[DRIVER REACTION 1] Physical time: 4885.44 
[DRIVER REACTION 1] LAG: 35.36 
----------------------------------------------------------
----------------------------------------------------------
[sterr,brake,accel] Logical time: 4874.05 
[sterr,brake,accel] Physical time: 4885.54 
[sterr,brake,accel] LAG: 11.49 
----------------------------------------------------------
[DRIVER STATE] accel=0.027450980392156862 brake=0.0
----------------------------------------------------------
[DRIVER REACTION 1] Logical time: 4874.05 
[DRIVER REACTION 1] Physical time: 4885.66 
[DRIVER REACTION 1] LAG: 11.61 
----------------------------------------------------------
----------------------------------------------------------
[DRIVER] Logical time: 4900.00 
[DRIVER] Physical time: 4900.27 
[DRIVER] LAG: 0.27 
----------------------------------------------------------
[DEVICE READER CAM read] Physical time: 5004.23 
[DEVICE READER CAM read] LAG: 4.23 
----------------------------------------------------------
[DEVICE READER CAM TIMER] Logical time: 5000.00 
[DEVICE READER CAM TIMER] Physical time: 5004.49 
[DEVICE READER CAM TIMER] LAG: 4.49 
----------------------------------------------------------
----------------------------------------------------------
[DRIVER] Logical time: 5000.00 
[DRIVER] Physical time: 5005.28 
[DRIVER] LAG: 5.28 
----------------------------------------------------------
----------------------------------------------------------
[DRIVER] Logical time: 5100.00 
[DRIVER] Physical time: 5100.46 
[DRIVER] LAG: 0.46 
----------------------------------------------------------
[DEVICE READER CAM read] Physical time: 5207.79 
[DEVICE READER CAM read] LAG: 7.79 
----------------------------------------------------------
[DEVICE READER CAM TIMER] Logical time: 5200.00 
[DEVICE READER CAM TIMER] Physical time: 5208.00 
[DEVICE READER CAM TIMER] LAG: 8.00 
----------------------------------------------------------
----------------------------------------------------------
[DRIVER] Logical time: 5200.00 
[DRIVER] Physical time: 5208.53 
[DRIVER] LAG: 8.53 
----------------------------------------------------------
The event throttle: 0.011764705882352941
----------------------------------------------------------
[sterr,brake,accel] Logical time: 5226.36 
[sterr,brake,accel] Physical time: 5226.54 
[sterr,brake,accel] LAG: 0.17 
----------------------------------------------------------
[DRIVER STATE] accel=0.011764705882352941 brake=0.0
----------------------------------------------------------
[DRIVER REACTION 1] Logical time: 5226.36 
[DRIVER REACTION 1] Physical time: 5226.89 
[DRIVER REACTION 1] LAG: 0.53 
----------------------------------------------------------
The event throttle: 0.043137254901960784
The event throttle: 0.10196078431372549
The event throttle: 0.13333333333333333
----------------------------------------------------------
[sterr,brake,accel] Logical time: 5250.09 
[sterr,brake,accel] Physical time: 5250.30 
[sterr,brake,accel] LAG: 0.21 
----------------------------------------------------------
[DRIVER STATE] accel=0.13333333333333333 brake=0.0
----------------------------------------------------------
[DRIVER REACTION 1] Logical time: 5250.09 
[DRIVER REACTION 1] Physical time: 5250.61 
[DRIVER REACTION 1] LAG: 0.52 
----------------------------------------------------------
The event throttle: 0.1843137254901961
The event throttle: 0.23529411764705882
The event throttle: 0.2627450980392157
----------------------------------------------------------
[sterr,brake,accel] Logical time: 5282.23 
[sterr,brake,accel] Physical time: 5282.39 
[sterr,brake,accel] LAG: 0.15 
----------------------------------------------------------
[DRIVER STATE] accel=0.2627450980392157 brake=0.0
----------------------------------------------------------
[DRIVER REACTION 1] Logical time: 5282.23 
[DRIVER REACTION 1] Physical time: 5282.68 
[DRIVER REACTION 1] LAG: 0.45 
----------------------------------------------------------
The event throttle: 0.34509803921568627
The event throttle: 0.403921568627451
----------------------------------------------------------
[DRIVER] Logical time: 5300.00 
[DRIVER] Physical time: 5300.24 
[DRIVER] LAG: 0.24 
----------------------------------------------------------
The event throttle: 0.4588235294117647
----------------------------------------------------------
[sterr,brake,accel] Logical time: 5306.19 
[sterr,brake,accel] Physical time: 5306.44 
[sterr,brake,accel] LAG: 0.25 
----------------------------------------------------------
[DRIVER STATE] accel=0.4588235294117647 brake=0.0
----------------------------------------------------------
[DRIVER REACTION 1] Logical time: 5306.19 
[DRIVER REACTION 1] Physical time: 5307.03 
[DRIVER REACTION 1] LAG: 0.84 
----------------------------------------------------------
The event throttle: 0.49019607843137253
The event throttle: 0.5568627450980392
The event throttle: 0.592156862745098
----------------------------------------------------------
[sterr,brake,accel] Logical time: 5330.09 
[sterr,brake,accel] Physical time: 5330.37 
[sterr,brake,accel] LAG: 0.27 
----------------------------------------------------------
[DRIVER STATE] accel=0.592156862745098 brake=0.0
----------------------------------------------------------
[DRIVER REACTION 1] Logical time: 5330.09 
[DRIVER REACTION 1] Physical time: 5331.01 
[DRIVER REACTION 1] LAG: 0.91 
----------------------------------------------------------
The event throttle: 0.6431372549019608
The event throttle: 0.7098039215686275
The event throttle: 0.7411764705882353
----------------------------------------------------------
[sterr,brake,accel] Logical time: 5354.08 
[sterr,brake,accel] Physical time: 5354.36 
[sterr,brake,accel] LAG: 0.28 
----------------------------------------------------------
[DRIVER STATE] accel=0.7411764705882353 brake=0.0
----------------------------------------------------------
[DRIVER REACTION 1] Logical time: 5354.08 
[DRIVER REACTION 1] Physical time: 5354.99 
[DRIVER REACTION 1] LAG: 0.91 
----------------------------------------------------------
The event throttle: 0.807843137254902
The event throttle: 0.8431372549019608
The event throttle: 0.8980392156862745
----------------------------------------------------------
[sterr,brake,accel] Logical time: 5378.08 
[sterr,brake,accel] Physical time: 5378.37 
[sterr,brake,accel] LAG: 0.29 
----------------------------------------------------------
[DRIVER STATE] accel=0.8980392156862745 brake=0.0
----------------------------------------------------------
[DRIVER REACTION 1] Logical time: 5378.08 
[DRIVER REACTION 1] Physical time: 5378.93 
[DRIVER REACTION 1] LAG: 0.85 
----------------------------------------------------------
The event throttle: 0.9529411764705882
The event throttle: 0.9764705882352941
The event throttle: 1.0
[DEVICE READER CAM read] Physical time: 5404.43 
[DEVICE READER CAM read] LAG: 4.43 
----------------------------------------------------------
[DEVICE READER CAM TIMER] Logical time: 5400.00 
[DEVICE READER CAM TIMER] Physical time: 5404.66 
[DEVICE READER CAM TIMER] LAG: 4.66 
----------------------------------------------------------
----------------------------------------------------------
[DRIVER] Logical time: 5400.00 
[DRIVER] Physical time: 5405.33 
[DRIVER] LAG: 5.33 
----------------------------------------------------------
----------------------------------------------------------
[sterr,brake,accel] Logical time: 5402.54 
[sterr,brake,accel] Physical time: 5407.01 
[sterr,brake,accel] LAG: 4.47 
----------------------------------------------------------
[DRIVER STATE] accel=1.0 brake=0.0
----------------------------------------------------------
[DRIVER REACTION 1] Logical time: 5402.54 
[DRIVER REACTION 1] Physical time: 5407.37 
[DRIVER REACTION 1] LAG: 4.83 
----------------------------------------------------------
----------------------------------------------------------
[DRIVER] Logical time: 5500.00 
[DRIVER] Physical time: 5500.36 
[DRIVER] LAG: 0.36 
----------------------------------------------------------
[DEVICE READER CAM read] Physical time: 5607.86 
[DEVICE READER CAM read] LAG: 7.86 
----------------------------------------------------------
[DEVICE READER CAM TIMER] Logical time: 5600.00 
[DEVICE READER CAM TIMER] Physical time: 5608.06 
[DEVICE READER CAM TIMER] LAG: 8.06 
----------------------------------------------------------
----------------------------------------------------------
[DRIVER] Logical time: 5600.00 
[DRIVER] Physical time: 5608.58 
[DRIVER] LAG: 8.58 
----------------------------------------------------------
The event throttle: 0.9568627450980393
----------------------------------------------------------
[sterr,brake,accel] Logical time: 5618.12 
[sterr,brake,accel] Physical time: 5618.29 
[sterr,brake,accel] LAG: 0.17 
----------------------------------------------------------
[DRIVER STATE] accel=0.9568627450980393 brake=0.0
----------------------------------------------------------
[DRIVER REACTION 1] Logical time: 5618.12 
[DRIVER REACTION 1] Physical time: 5618.68 
[DRIVER REACTION 1] LAG: 0.55 
----------------------------------------------------------
The event throttle: 0.9176470588235294
The event throttle: 0.8862745098039215
The event throttle: 0.8156862745098039
----------------------------------------------------------
[sterr,brake,accel] Logical time: 5642.12 
[sterr,brake,accel] Physical time: 5642.36 
[sterr,brake,accel] LAG: 0.24 
----------------------------------------------------------
[DRIVER STATE] accel=0.8156862745098039 brake=0.0
----------------------------------------------------------
[DRIVER REACTION 1] Logical time: 5642.12 
[DRIVER REACTION 1] Physical time: 5642.87 
[DRIVER REACTION 1] LAG: 0.75 
----------------------------------------------------------
The event throttle: 0.7725490196078432
The event throttle: 0.6901960784313725
The event throttle: 0.6039215686274509
----------------------------------------------------------
[sterr,brake,accel] Logical time: 5666.21 
[sterr,brake,accel] Physical time: 5666.47 
[sterr,brake,accel] LAG: 0.27 
----------------------------------------------------------
[DRIVER STATE] accel=0.6039215686274509 brake=0.0
----------------------------------------------------------
[DRIVER REACTION 1] Logical time: 5666.21 
[DRIVER REACTION 1] Physical time: 5667.08 
[DRIVER REACTION 1] LAG: 0.88 
----------------------------------------------------------
The event throttle: 0.5647058823529412
The event throttle: 0.47843137254901963
The event throttle: 0.42745098039215684
----------------------------------------------------------
[sterr,brake,accel] Logical time: 5690.29 
[sterr,brake,accel] Physical time: 5690.57 
[sterr,brake,accel] LAG: 0.27 
----------------------------------------------------------
[DRIVER STATE] accel=0.42745098039215684 brake=0.0
----------------------------------------------------------
[DRIVER REACTION 1] Logical time: 5690.29 
[DRIVER REACTION 1] Physical time: 5691.26 
[DRIVER REACTION 1] LAG: 0.96 
----------------------------------------------------------
The event throttle: 0.28627450980392155
----------------------------------------------------------
[DRIVER] Logical time: 5700.00 
[DRIVER] Physical time: 5700.40 
[DRIVER] LAG: 0.40 
----------------------------------------------------------
The event throttle: 0.0
[DEVICE READER CAM read] Physical time: 5808.28 
[DEVICE READER CAM read] LAG: 8.28 
----------------------------------------------------------
[DEVICE READER CAM TIMER] Logical time: 5800.00 
[DEVICE READER CAM TIMER] Physical time: 5808.49 
[DEVICE READER CAM TIMER] LAG: 8.49 
----------------------------------------------------------
Faces: 0
Saved debug (no face)
----------------------------------------------------------
[FACE DETECTOR] Logical time: 5800.00 
[FACE DETECTOR] Physical time: 5877.83 
[FACE DETECTOR] LAG: 77.83 
----------------------------------------------------------
[DRIVER STATE] accel=0.42745098039215684 brake=0.0
----------------------------------------------------------
[DRIVER REACTION 1] Logical time: 5800.00 
[DRIVER REACTION 1] Physical time: 5878.04 
[DRIVER REACTION 1] LAG: 78.04 
----------------------------------------------------------
----------------------------------------------------------
[DRIVER] Logical time: 5800.00 
[DRIVER] Physical time: 5878.10 
[DRIVER] LAG: 78.10 
----------------------------------------------------------
----------------------------------------------------------
[DRIVER] Logical time: 5900.00 
[DRIVER] Physical time: 5900.37 
[DRIVER] LAG: 0.37 
----------------------------------------------------------
The event throttle: 0.00784313725490196
----------------------------------------------------------
[sterr,brake,accel] Logical time: 5986.43 
[sterr,brake,accel] Physical time: 5986.64 
[sterr,brake,accel] LAG: 0.21 
----------------------------------------------------------
[DRIVER STATE] accel=0.00784313725490196 brake=0.0
----------------------------------------------------------
[DRIVER REACTION 1] Logical time: 5986.43 
[DRIVER REACTION 1] Physical time: 5986.94 
[DRIVER REACTION 1] LAG: 0.51 
----------------------------------------------------------
The event throttle: 0.043137254901960784
The event throttle: 0.10196078431372549
[DEVICE READER CAM read] Physical time: 6003.85 
[DEVICE READER CAM read] LAG: 3.85 
----------------------------------------------------------
[DEVICE READER CAM TIMER] Logical time: 6000.00 
[DEVICE READER CAM TIMER] Physical time: 6004.06 
[DEVICE READER CAM TIMER] LAG: 4.06 
----------------------------------------------------------
----------------------------------------------------------
[DRIVER] Logical time: 6000.00 
[DRIVER] Physical time: 6004.28 
[DRIVER] LAG: 4.28 
----------------------------------------------------------
The event throttle: 0.12941176470588237
----------------------------------------------------------
[sterr,brake,accel] Logical time: 6010.31 
[sterr,brake,accel] Physical time: 6010.56 
[sterr,brake,accel] LAG: 0.25 
----------------------------------------------------------
[DRIVER STATE] accel=0.12941176470588237 brake=0.0
----------------------------------------------------------
[DRIVER REACTION 1] Logical time: 6010.31 
[DRIVER REACTION 1] Physical time: 6011.15 
[DRIVER REACTION 1] LAG: 0.84 
----------------------------------------------------------
The event throttle: 0.1803921568627451
The event throttle: 0.22745098039215686
The event throttle: 0.2549019607843137
----------------------------------------------------------
[sterr,brake,accel] Logical time: 6034.46 
[sterr,brake,accel] Physical time: 6034.75 
[sterr,brake,accel] LAG: 0.29 
----------------------------------------------------------
[DRIVER STATE] accel=0.2549019607843137 brake=0.0
----------------------------------------------------------
[DRIVER REACTION 1] Logical time: 6034.46 
[DRIVER REACTION 1] Physical time: 6035.45 
[DRIVER REACTION 1] LAG: 0.99 
----------------------------------------------------------
The event throttle: 0.3058823529411765
The event throttle: 0.3333333333333333
The event throttle: 0.3803921568627451
----------------------------------------------------------
[sterr,brake,accel] Logical time: 6058.35 
[sterr,brake,accel] Physical time: 6058.58 
[sterr,brake,accel] LAG: 0.23 
----------------------------------------------------------
[DRIVER STATE] accel=0.3803921568627451 brake=0.0
----------------------------------------------------------
[DRIVER REACTION 1] Logical time: 6058.35 
[DRIVER REACTION 1] Physical time: 6059.11 
[DRIVER REACTION 1] LAG: 0.76 
----------------------------------------------------------
The event throttle: 0.43137254901960786
The event throttle: 0.4588235294117647
The event throttle: 0.5176470588235295
----------------------------------------------------------
[sterr,brake,accel] Logical time: 6082.25 
[sterr,brake,accel] Physical time: 6082.50 
[sterr,brake,accel] LAG: 0.25 
----------------------------------------------------------
[DRIVER STATE] accel=0.5176470588235295 brake=0.0
----------------------------------------------------------
[DRIVER REACTION 1] Logical time: 6082.25 
[DRIVER REACTION 1] Physical time: 6083.12 
[DRIVER REACTION 1] LAG: 0.87 
----------------------------------------------------------
The event throttle: 0.5411764705882353
The event throttle: 0.6039215686274509
----------------------------------------------------------
[DRIVER] Logical time: 6100.00 
[DRIVER] Physical time: 6100.39 
[DRIVER] LAG: 0.39 
----------------------------------------------------------
The event throttle: 0.6431372549019608
----------------------------------------------------------
[sterr,brake,accel] Logical time: 6106.33 
[sterr,brake,accel] Physical time: 6106.58 
[sterr,brake,accel] LAG: 0.24 
----------------------------------------------------------
[DRIVER STATE] accel=0.6431372549019608 brake=0.0
----------------------------------------------------------
[DRIVER REACTION 1] Logical time: 6106.33 
[DRIVER REACTION 1] Physical time: 6107.19 
[DRIVER REACTION 1] LAG: 0.86 
----------------------------------------------------------
The event throttle: 0.6705882352941176
The event throttle: 0.7215686274509804
The event throttle: 0.7411764705882353
----------------------------------------------------------
[sterr,brake,accel] Logical time: 6130.23 
[sterr,brake,accel] Physical time: 6130.48 
[sterr,brake,accel] LAG: 0.25 
----------------------------------------------------------
[DRIVER STATE] accel=0.7411764705882353 brake=0.0
----------------------------------------------------------
[DRIVER REACTION 1] Logical time: 6130.23 
[DRIVER REACTION 1] Physical time: 6131.05 
[DRIVER REACTION 1] LAG: 0.82 
----------------------------------------------------------
The event throttle: 0.7843137254901961
The event throttle: 0.8196078431372549
The event throttle: 0.8352941176470589
----------------------------------------------------------
[sterr,brake,accel] Logical time: 6154.24 
[sterr,brake,accel] Physical time: 6154.51 
[sterr,brake,accel] LAG: 0.27 
----------------------------------------------------------
[DRIVER STATE] accel=0.8352941176470589 brake=0.0
----------------------------------------------------------
[DRIVER REACTION 1] Logical time: 6154.24 
[DRIVER REACTION 1] Physical time: 6155.15 
[DRIVER REACTION 1] LAG: 0.91 
----------------------------------------------------------
The event throttle: 0.8666666666666667
The event throttle: 0.8901960784313725
The event throttle: 0.9098039215686274
----------------------------------------------------------
[sterr,brake,accel] Logical time: 6178.29 
[sterr,brake,accel] Physical time: 6178.56 
[sterr,brake,accel] LAG: 0.27 
----------------------------------------------------------
[DRIVER STATE] accel=0.9098039215686274 brake=0.0
----------------------------------------------------------
[DRIVER REACTION 1] Logical time: 6178.29 
[DRIVER REACTION 1] Physical time: 6179.26 
[DRIVER REACTION 1] LAG: 0.97 
----------------------------------------------------------
The event throttle: 0.9372549019607843
The event throttle: 0.9450980392156862
The event throttle: 0.9568627450980393
[DEVICE READER CAM read] Physical time: 6203.86 
[DEVICE READER CAM read] LAG: 3.86 
----------------------------------------------------------
[DEVICE READER CAM TIMER] Logical time: 6200.00 
[DEVICE READER CAM TIMER] Physical time: 6204.10 
[DEVICE READER CAM TIMER] LAG: 4.10 
----------------------------------------------------------
----------------------------------------------------------
[DRIVER] Logical time: 6200.00 
[DRIVER] Physical time: 6204.71 
[DRIVER] LAG: 4.71 
----------------------------------------------------------
----------------------------------------------------------
[sterr,brake,accel] Logical time: 6202.48 
[sterr,brake,accel] Physical time: 6206.20 
[sterr,brake,accel] LAG: 3.71 
----------------------------------------------------------
[DRIVER STATE] accel=0.9568627450980393 brake=0.0
----------------------------------------------------------
[DRIVER REACTION 1] Logical time: 6202.48 
[DRIVER REACTION 1] Physical time: 6206.89 
[DRIVER REACTION 1] LAG: 4.40 
----------------------------------------------------------
The event throttle: 0.9764705882352941
The event throttle: 0.984313725490196
The event throttle: 1.0
----------------------------------------------------------
[sterr,brake,accel] Logical time: 6226.15 
[sterr,brake,accel] Physical time: 6226.33 
[sterr,brake,accel] LAG: 0.19 
----------------------------------------------------------
[DRIVER STATE] accel=1.0 brake=0.0
----------------------------------------------------------
[DRIVER REACTION 1] Logical time: 6226.15 
[DRIVER REACTION 1] Physical time: 6226.67 
[DRIVER REACTION 1] LAG: 0.53 
----------------------------------------------------------
----------------------------------------------------------
[DRIVER] Logical time: 6300.00 
[DRIVER] Physical time: 6300.38 
[DRIVER] LAG: 0.38 
----------------------------------------------------------
The event throttle: 0.9921568627450981
----------------------------------------------------------
[sterr,brake,accel] Logical time: 6330.38 
[sterr,brake,accel] Physical time: 6330.64 
[sterr,brake,accel] LAG: 0.26 
----------------------------------------------------------
[DRIVER STATE] accel=0.9921568627450981 brake=0.0
----------------------------------------------------------
[DRIVER REACTION 1] Logical time: 6330.38 
[DRIVER REACTION 1] Physical time: 6331.31 
[DRIVER REACTION 1] LAG: 0.93 
----------------------------------------------------------
The event throttle: 0.984313725490196
The event throttle: 0.9568627450980393
The event throttle: 0.9529411764705882
----------------------------------------------------------
[sterr,brake,accel] Logical time: 6354.47 
[sterr,brake,accel] Physical time: 6354.76 
[sterr,brake,accel] LAG: 0.29 
----------------------------------------------------------
[DRIVER STATE] accel=0.9529411764705882 brake=0.0
----------------------------------------------------------
[DRIVER REACTION 1] Logical time: 6354.47 
[DRIVER REACTION 1] Physical time: 6355.50 
[DRIVER REACTION 1] LAG: 1.03 
----------------------------------------------------------
The event throttle: 0.9333333333333333
The event throttle: 0.8941176470588236
The event throttle: 0.8745098039215686
----------------------------------------------------------
[sterr,brake,accel] Logical time: 6378.32 
[sterr,brake,accel] Physical time: 6378.60 
[sterr,brake,accel] LAG: 0.28 
----------------------------------------------------------
[DRIVER STATE] accel=0.8745098039215686 brake=0.0
----------------------------------------------------------
[DRIVER REACTION 1] Logical time: 6378.32 
[DRIVER REACTION 1] Physical time: 6379.33 
[DRIVER REACTION 1] LAG: 1.01 
----------------------------------------------------------
The event throttle: 0.8313725490196079
The event throttle: 0.807843137254902
The event throttle: 0.7450980392156863
[DEVICE READER CAM read] Physical time: 6403.73 
[DEVICE READER CAM read] LAG: 3.73 
----------------------------------------------------------
[DEVICE READER CAM TIMER] Logical time: 6400.00 
[DEVICE READER CAM TIMER] Physical time: 6403.96 
[DEVICE READER CAM TIMER] LAG: 3.96 
----------------------------------------------------------
----------------------------------------------------------
[DRIVER] Logical time: 6400.00 
[DRIVER] Physical time: 6404.60 
[DRIVER] LAG: 4.60 
----------------------------------------------------------
----------------------------------------------------------
[sterr,brake,accel] Logical time: 6402.55 
[sterr,brake,accel] Physical time: 6406.80 
[sterr,brake,accel] LAG: 4.26 
----------------------------------------------------------
[DRIVER STATE] accel=0.7450980392156863 brake=0.0
----------------------------------------------------------
[DRIVER REACTION 1] Logical time: 6402.55 
[DRIVER REACTION 1] Physical time: 6407.51 
[DRIVER REACTION 1] LAG: 4.97 
----------------------------------------------------------
The event throttle: 0.6666666666666666
The event throttle: 0.6274509803921569
The event throttle: 0.5333333333333333
----------------------------------------------------------
[sterr,brake,accel] Logical time: 6426.28 
[sterr,brake,accel] Physical time: 6426.52 
[sterr,brake,accel] LAG: 0.24 
----------------------------------------------------------
[DRIVER STATE] accel=0.5333333333333333 brake=0.0
----------------------------------------------------------
[DRIVER REACTION 1] Logical time: 6426.28 
[DRIVER REACTION 1] Physical time: 6427.06 
[DRIVER REACTION 1] LAG: 0.78 
----------------------------------------------------------
The event throttle: 0.48627450980392156
The event throttle: 0.403921568627451
The event throttle: 0.34509803921568627
----------------------------------------------------------
[sterr,brake,accel] Logical time: 6450.32 
[sterr,brake,accel] Physical time: 6450.56 
[sterr,brake,accel] LAG: 0.23 
----------------------------------------------------------
[DRIVER STATE] accel=0.34509803921568627 brake=0.0
----------------------------------------------------------
[DRIVER REACTION 1] Logical time: 6450.32 
[DRIVER REACTION 1] Physical time: 6451.09 
[DRIVER REACTION 1] LAG: 0.77 
----------------------------------------------------------
The event throttle: 0.3215686274509804
The event throttle: 0.2823529411764706
The event throttle: 0.26666666666666666
----------------------------------------------------------
[sterr,brake,accel] Logical time: 6474.28 
[sterr,brake,accel] Physical time: 6474.56 
[sterr,brake,accel] LAG: 0.28 
----------------------------------------------------------
[DRIVER STATE] accel=0.26666666666666666 brake=0.0
----------------------------------------------------------
[DRIVER REACTION 1] Logical time: 6474.28 
[DRIVER REACTION 1] Physical time: 6475.27 
[DRIVER REACTION 1] LAG: 0.99 
----------------------------------------------------------
The event throttle: 0.23529411764705882
The event throttle: 0.2196078431372549
The event throttle: 0.21568627450980393
----------------------------------------------------------
[sterr,brake,accel] Logical time: 6498.25 
[sterr,brake,accel] Physical time: 6498.50 
[sterr,brake,accel] LAG: 0.25 
----------------------------------------------------------
[DRIVER STATE] accel=0.21568627450980393 brake=0.0
----------------------------------------------------------
[DRIVER REACTION 1] Logical time: 6498.25 
[DRIVER REACTION 1] Physical time: 6499.07 
[DRIVER REACTION 1] LAG: 0.83 
----------------------------------------------------------
----------------------------------------------------------
[DRIVER] Logical time: 6500.00 
[DRIVER] Physical time: 6500.35 
[DRIVER] LAG: 0.35 
----------------------------------------------------------
The event throttle: 0.20784313725490197
The event throttle: 0.21176470588235294
----------------------------------------------------------
[sterr,brake,accel] Logical time: 6546.44 
[sterr,brake,accel] Physical time: 6546.77 
[sterr,brake,accel] LAG: 0.33 
----------------------------------------------------------
[DRIVER STATE] accel=0.21176470588235294 brake=0.0
----------------------------------------------------------
[DRIVER REACTION 1] Logical time: 6546.44 
[DRIVER REACTION 1] Physical time: 6547.59 
[DRIVER REACTION 1] LAG: 1.15 
----------------------------------------------------------
The event throttle: 0.21568627450980393
The event throttle: 0.22745098039215686
The event throttle: 0.24705882352941178
----------------------------------------------------------
[sterr,brake,accel] Logical time: 6570.32 
[sterr,brake,accel] Physical time: 6570.59 
[sterr,brake,accel] LAG: 0.27 
----------------------------------------------------------
[DRIVER STATE] accel=0.24705882352941178 brake=0.0
----------------------------------------------------------
[DRIVER REACTION 1] Logical time: 6570.32 
[DRIVER REACTION 1] Physical time: 6571.30 
[DRIVER REACTION 1] LAG: 0.98 
----------------------------------------------------------
The event throttle: 0.2549019607843137
The event throttle: 0.28627450980392155
The event throttle: 0.30196078431372547
----------------------------------------------------------
[sterr,brake,accel] Logical time: 6594.24 
[sterr,brake,accel] Physical time: 6594.47 
[sterr,brake,accel] LAG: 0.23 
----------------------------------------------------------
[DRIVER STATE] accel=0.30196078431372547 brake=0.0
----------------------------------------------------------
[DRIVER REACTION 1] Logical time: 6594.24 
[DRIVER REACTION 1] Physical time: 6594.97 
[DRIVER REACTION 1] LAG: 0.73 
----------------------------------------------------------
The event throttle: 0.33725490196078434
[DEVICE READER CAM read] Physical time: 6604.34 
[DEVICE READER CAM read] LAG: 4.34 
----------------------------------------------------------
[DEVICE READER CAM TIMER] Logical time: 6600.00 
[DEVICE READER CAM TIMER] Physical time: 6604.55 
[DEVICE READER CAM TIMER] LAG: 4.55 
----------------------------------------------------------
----------------------------------------------------------
[DRIVER] Logical time: 6600.00 
[DRIVER] Physical time: 6605.06 
[DRIVER] LAG: 5.06 
----------------------------------------------------------
The event throttle: 0.3764705882352941
The event throttle: 0.396078431372549
----------------------------------------------------------
[sterr,brake,accel] Logical time: 6618.28 
[sterr,brake,accel] Physical time: 6618.50 
[sterr,brake,accel] LAG: 0.22 
----------------------------------------------------------
[DRIVER STATE] accel=0.396078431372549 brake=0.0
----------------------------------------------------------
[DRIVER REACTION 1] Logical time: 6618.28 
[DRIVER REACTION 1] Physical time: 6619.06 
[DRIVER REACTION 1] LAG: 0.78 
----------------------------------------------------------
The event throttle: 0.4392156862745098
The event throttle: 0.4627450980392157
The event throttle: 0.5176470588235295
----------------------------------------------------------
[sterr,brake,accel] Logical time: 6642.24 
[sterr,brake,accel] Physical time: 6642.48 
[sterr,brake,accel] LAG: 0.24 
----------------------------------------------------------
[DRIVER STATE] accel=0.5176470588235295 brake=0.0
----------------------------------------------------------
[DRIVER REACTION 1] Logical time: 6642.24 
[DRIVER REACTION 1] Physical time: 6643.02 
[DRIVER REACTION 1] LAG: 0.78 
----------------------------------------------------------
The event throttle: 0.5725490196078431
The event throttle: 0.596078431372549
The event throttle: 0.6431372549019608
----------------------------------------------------------
[sterr,brake,accel] Logical time: 6666.27 
[sterr,brake,accel] Physical time: 6666.51 
[sterr,brake,accel] LAG: 0.24 
----------------------------------------------------------
[DRIVER STATE] accel=0.6431372549019608 brake=0.0
----------------------------------------------------------
[DRIVER REACTION 1] Logical time: 6666.27 
[DRIVER REACTION 1] Physical time: 6667.10 
[DRIVER REACTION 1] LAG: 0.84 
----------------------------------------------------------
The event throttle: 0.6745098039215687
The event throttle: 0.7372549019607844
The event throttle: 0.796078431372549
----------------------------------------------------------
[sterr,brake,accel] Logical time: 6690.33 
[sterr,brake,accel] Physical time: 6690.58 
[sterr,brake,accel] LAG: 0.25 
----------------------------------------------------------
[DRIVER STATE] accel=0.796078431372549 brake=0.0
----------------------------------------------------------
[DRIVER REACTION 1] Logical time: 6690.33 
[DRIVER REACTION 1] Physical time: 6691.26 
[DRIVER REACTION 1] LAG: 0.93 
----------------------------------------------------------
The event throttle: 0.8235294117647058
----------------------------------------------------------
[DRIVER] Logical time: 6700.00 
[DRIVER] Physical time: 6700.39 
[DRIVER] LAG: 0.39 
----------------------------------------------------------
The event throttle: 0.8823529411764706
The event throttle: 0.9137254901960784
----------------------------------------------------------
[sterr,brake,accel] Logical time: 6714.32 
[sterr,brake,accel] Physical time: 6714.45 
[sterr,brake,accel] LAG: 0.13 
----------------------------------------------------------
[DRIVER STATE] accel=0.9137254901960784 brake=0.0
----------------------------------------------------------
[DRIVER REACTION 1] Logical time: 6714.32 
[DRIVER REACTION 1] Physical time: 6714.71 
[DRIVER REACTION 1] LAG: 0.39 
----------------------------------------------------------
The event throttle: 0.9568627450980393
The event throttle: 1.0
[DEVICE READER CAM read] Physical time: 6805.11 
[DEVICE READER CAM read] LAG: 5.11 
----------------------------------------------------------
[DEVICE READER CAM TIMER] Logical time: 6800.00 
[DEVICE READER CAM TIMER] Physical time: 6805.42 
[DEVICE READER CAM TIMER] LAG: 5.42 
----------------------------------------------------------
Faces: 0
Saved debug (no face)
----------------------------------------------------------
[FACE DETECTOR] Logical time: 6800.00 
[FACE DETECTOR] Physical time: 6875.42 
[FACE DETECTOR] LAG: 75.42 
----------------------------------------------------------
[DRIVER STATE] accel=0.9137254901960784 brake=0.0
----------------------------------------------------------
[DRIVER REACTION 1] Logical time: 6800.00 
[DRIVER REACTION 1] Physical time: 6875.63 
[DRIVER REACTION 1] LAG: 75.63 
----------------------------------------------------------
----------------------------------------------------------
[DRIVER] Logical time: 6800.00 
[DRIVER] Physical time: 6875.70 
[DRIVER] LAG: 75.70 
----------------------------------------------------------
The event throttle: 0.9882352941176471
----------------------------------------------------------
[sterr,brake,accel] Logical time: 6890.42 
[sterr,brake,accel] Physical time: 6890.69 
[sterr,brake,accel] LAG: 0.26 
----------------------------------------------------------
[DRIVER STATE] accel=0.9882352941176471 brake=0.0
----------------------------------------------------------
[DRIVER REACTION 1] Logical time: 6890.42 
[DRIVER REACTION 1] Physical time: 6891.29 
[DRIVER REACTION 1] LAG: 0.87 
----------------------------------------------------------
The event throttle: 0.9686274509803922
----------------------------------------------------------
[DRIVER] Logical time: 6900.00 
[DRIVER] Physical time: 6900.36 
[DRIVER] LAG: 0.36 
----------------------------------------------------------
The event throttle: 0.9411764705882353
The event throttle: 0.9137254901960784
----------------------------------------------------------
[sterr,brake,accel] Logical time: 6914.34 
[sterr,brake,accel] Physical time: 6914.58 
[sterr,brake,accel] LAG: 0.24 
----------------------------------------------------------
[DRIVER STATE] accel=0.9137254901960784 brake=0.0
----------------------------------------------------------
[DRIVER REACTION 1] Logical time: 6914.34 
[DRIVER REACTION 1] Physical time: 6915.12 
[DRIVER REACTION 1] LAG: 0.78 
----------------------------------------------------------
The event throttle: 0.8588235294117647
The event throttle: 0.792156862745098
The event throttle: 0.7568627450980392
----------------------------------------------------------
[sterr,brake,accel] Logical time: 6938.35 
[sterr,brake,accel] Physical time: 6938.61 
[sterr,brake,accel] LAG: 0.26 
----------------------------------------------------------
[DRIVER STATE] accel=0.7568627450980392 brake=0.0
----------------------------------------------------------
[DRIVER REACTION 1] Logical time: 6938.35 
[DRIVER REACTION 1] Physical time: 6939.29 
[DRIVER REACTION 1] LAG: 0.94 
----------------------------------------------------------
The event throttle: 0.6941176470588235
The event throttle: 0.6627450980392157
The event throttle: 0.6078431372549019
----------------------------------------------------------
[sterr,brake,accel] Logical time: 6962.31 
[sterr,brake,accel] Physical time: 6962.55 
[sterr,brake,accel] LAG: 0.24 
----------------------------------------------------------
[DRIVER STATE] accel=0.6078431372549019 brake=0.0
----------------------------------------------------------
[DRIVER REACTION 1] Logical time: 6962.31 
[DRIVER REACTION 1] Physical time: 6963.14 
[DRIVER REACTION 1] LAG: 0.83 
----------------------------------------------------------
The event throttle: 0.5647058823529412
The event throttle: 0.5372549019607843
The event throttle: 0.49411764705882355
----------------------------------------------------------
[sterr,brake,accel] Logical time: 6986.38 
[sterr,brake,accel] Physical time: 6986.64 
[sterr,brake,accel] LAG: 0.26 
----------------------------------------------------------
[DRIVER STATE] accel=0.49411764705882355 brake=0.0
----------------------------------------------------------
[DRIVER REACTION 1] Logical time: 6986.38 
[DRIVER REACTION 1] Physical time: 6987.31 
[DRIVER REACTION 1] LAG: 0.93 
----------------------------------------------------------
The event throttle: 0.4745098039215686
The event throttle: 0.42745098039215684
[DEVICE READER CAM read] Physical time: 7003.53 
[DEVICE READER CAM read] LAG: 3.53 
----------------------------------------------------------
[DEVICE READER CAM TIMER] Logical time: 7000.00 
[DEVICE READER CAM TIMER] Physical time: 7003.71 
[DEVICE READER CAM TIMER] LAG: 3.71 
----------------------------------------------------------
----------------------------------------------------------
[DRIVER] Logical time: 7000.00 
[DRIVER] Physical time: 7004.27 
[DRIVER] LAG: 4.27 
----------------------------------------------------------
The event throttle: 0.38823529411764707
----------------------------------------------------------
[sterr,brake,accel] Logical time: 7010.36 
[sterr,brake,accel] Physical time: 7010.47 
[sterr,brake,accel] LAG: 0.11 
----------------------------------------------------------
[DRIVER STATE] accel=0.38823529411764707 brake=0.0
----------------------------------------------------------
[DRIVER REACTION 1] Logical time: 7010.36 
[DRIVER REACTION 1] Physical time: 7010.67 
[DRIVER REACTION 1] LAG: 0.31 
----------------------------------------------------------
The event throttle: 0.3686274509803922
The event throttle: 0.32941176470588235
The event throttle: 0.30980392156862746
----------------------------------------------------------
[sterr,brake,accel] Logical time: 7034.34 
[sterr,brake,accel] Physical time: 7034.50 
[sterr,brake,accel] LAG: 0.15 
----------------------------------------------------------
[DRIVER STATE] accel=0.30980392156862746 brake=0.0
----------------------------------------------------------
[DRIVER REACTION 1] Logical time: 7034.34 
[DRIVER REACTION 1] Physical time: 7034.85 
[DRIVER REACTION 1] LAG: 0.51 
----------------------------------------------------------
The event throttle: 0.2823529411764706
The event throttle: 0.2627450980392157
The event throttle: 0.25882352941176473
----------------------------------------------------------
[sterr,brake,accel] Logical time: 7058.45 
[sterr,brake,accel] Physical time: 7058.61 
[sterr,brake,accel] LAG: 0.16 
----------------------------------------------------------
[DRIVER STATE] accel=0.25882352941176473 brake=0.0
----------------------------------------------------------
[DRIVER REACTION 1] Logical time: 7058.45 
[DRIVER REACTION 1] Physical time: 7058.92 
[DRIVER REACTION 1] LAG: 0.47 
----------------------------------------------------------
The event throttle: 0.2549019607843137
The event throttle: 0.25098039215686274
The event throttle: 0.24705882352941178
----------------------------------------------------------
[sterr,brake,accel] Logical time: 7082.34 
[sterr,brake,accel] Physical time: 7082.50 
[sterr,brake,accel] LAG: 0.16 
----------------------------------------------------------
[DRIVER STATE] accel=0.24705882352941178 brake=0.0
----------------------------------------------------------
[DRIVER REACTION 1] Logical time: 7082.34 
[DRIVER REACTION 1] Physical time: 7082.79 
[DRIVER REACTION 1] LAG: 0.45 
----------------------------------------------------------
The event throttle: 0.25098039215686274
----------------------------------------------------------
[DRIVER] Logical time: 7100.00 
[DRIVER] Physical time: 7100.28 
[DRIVER] LAG: 0.28 
----------------------------------------------------------
The event throttle: 0.2549019607843137
----------------------------------------------------------
[sterr,brake,accel] Logical time: 7122.47 
[sterr,brake,accel] Physical time: 7122.75 
[sterr,brake,accel] LAG: 0.29 
----------------------------------------------------------
[DRIVER STATE] accel=0.2549019607843137 brake=0.0
----------------------------------------------------------
[DRIVER REACTION 1] Logical time: 7122.47 
[DRIVER REACTION 1] Physical time: 7123.49 
[DRIVER REACTION 1] LAG: 1.02 
----------------------------------------------------------
The event throttle: 0.26666666666666666
The event throttle: 0.2784313725490196
The event throttle: 0.29411764705882354
----------------------------------------------------------
[sterr,brake,accel] Logical time: 7146.31 
[sterr,brake,accel] Physical time: 7146.56 
[sterr,brake,accel] LAG: 0.25 
----------------------------------------------------------
[DRIVER STATE] accel=0.29411764705882354 brake=0.0
----------------------------------------------------------
[DRIVER REACTION 1] Logical time: 7146.31 
[DRIVER REACTION 1] Physical time: 7147.29 
[DRIVER REACTION 1] LAG: 0.98 
----------------------------------------------------------
The event throttle: 0.3058823529411765
The event throttle: 0.33725490196078434
The event throttle: 0.3607843137254902
----------------------------------------------------------
[sterr,brake,accel] Logical time: 7170.29 
[sterr,brake,accel] Physical time: 7170.52 
[sterr,brake,accel] LAG: 0.23 
----------------------------------------------------------
[DRIVER STATE] accel=0.3607843137254902 brake=0.0
----------------------------------------------------------
[DRIVER REACTION 1] Logical time: 7170.29 
[DRIVER REACTION 1] Physical time: 7171.03 
[DRIVER REACTION 1] LAG: 0.74 
----------------------------------------------------------
The event throttle: 0.3764705882352941
The event throttle: 0.4117647058823529
The event throttle: 0.42745098039215684
----------------------------------------------------------
[sterr,brake,accel] Logical time: 7194.33 
[sterr,brake,accel] Physical time: 7194.57 
[sterr,brake,accel] LAG: 0.25 
----------------------------------------------------------
[DRIVER STATE] accel=0.42745098039215684 brake=0.0
----------------------------------------------------------
[DRIVER REACTION 1] Logical time: 7194.33 
[DRIVER REACTION 1] Physical time: 7195.13 
[DRIVER REACTION 1] LAG: 0.80 
----------------------------------------------------------
The event throttle: 0.47843137254901963
[DEVICE READER CAM read] Physical time: 7204.73 
[DEVICE READER CAM read] LAG: 4.73 
----------------------------------------------------------
[DEVICE READER CAM TIMER] Logical time: 7200.00 
[DEVICE READER CAM TIMER] Physical time: 7204.96 
[DEVICE READER CAM TIMER] LAG: 4.96 
----------------------------------------------------------
----------------------------------------------------------
[DRIVER] Logical time: 7200.00 
[DRIVER] Physical time: 7205.57 
[DRIVER] LAG: 5.57 
----------------------------------------------------------
The event throttle: 0.5254901960784314
The event throttle: 0.5450980392156862
----------------------------------------------------------
[sterr,brake,accel] Logical time: 7218.29 
[sterr,brake,accel] Physical time: 7218.48 
[sterr,brake,accel] LAG: 0.18 
----------------------------------------------------------
[DRIVER STATE] accel=0.5450980392156862 brake=0.0
----------------------------------------------------------
[DRIVER REACTION 1] Logical time: 7218.29 
[DRIVER REACTION 1] Physical time: 7218.93 
[DRIVER REACTION 1] LAG: 0.64 
----------------------------------------------------------
The event throttle: 0.592156862745098
The event throttle: 0.611764705882353
The event throttle: 0.6588235294117647
----------------------------------------------------------
[sterr,brake,accel] Logical time: 7242.31 
[sterr,brake,accel] Physical time: 7242.54 
[sterr,brake,accel] LAG: 0.23 
----------------------------------------------------------
[DRIVER STATE] accel=0.6588235294117647 brake=0.0
----------------------------------------------------------
[DRIVER REACTION 1] Logical time: 7242.31 
[DRIVER REACTION 1] Physical time: 7243.09 
[DRIVER REACTION 1] LAG: 0.78 
----------------------------------------------------------
The event throttle: 0.7098039215686275
The event throttle: 0.7372549019607844
The event throttle: 0.7764705882352941
----------------------------------------------------------
[sterr,brake,accel] Logical time: 7266.33 
[sterr,brake,accel] Physical time: 7266.58 
[sterr,brake,accel] LAG: 0.25 
----------------------------------------------------------
[DRIVER STATE] accel=0.7764705882352941 brake=0.0
----------------------------------------------------------
[DRIVER REACTION 1] Logical time: 7266.33 
[DRIVER REACTION 1] Physical time: 7267.22 
[DRIVER REACTION 1] LAG: 0.89 
----------------------------------------------------------
The event throttle: 0.803921568627451
The event throttle: 0.8431372549019608
The event throttle: 0.8588235294117647
----------------------------------------------------------
[sterr,brake,accel] Logical time: 7290.40 
[sterr,brake,accel] Physical time: 7290.68 
[sterr,brake,accel] LAG: 0.28 
----------------------------------------------------------
[DRIVER STATE] accel=0.8588235294117647 brake=0.0
----------------------------------------------------------
[DRIVER REACTION 1] Logical time: 7290.40 
[DRIVER REACTION 1] Physical time: 7291.36 
[DRIVER REACTION 1] LAG: 0.96 
----------------------------------------------------------
The event throttle: 0.8941176470588236
----------------------------------------------------------
[DRIVER] Logical time: 7300.00 
[DRIVER] Physical time: 7300.39 
[DRIVER] LAG: 0.39 
----------------------------------------------------------
The event throttle: 0.9333333333333333
The event throttle: 0.9411764705882353
----------------------------------------------------------
[sterr,brake,accel] Logical time: 7314.33 
[sterr,brake,accel] Physical time: 7314.55 
[sterr,brake,accel] LAG: 0.22 
----------------------------------------------------------
[DRIVER STATE] accel=0.9411764705882353 brake=0.0
----------------------------------------------------------
[DRIVER REACTION 1] Logical time: 7314.33 
[DRIVER REACTION 1] Physical time: 7315.05 
[DRIVER REACTION 1] LAG: 0.72 
----------------------------------------------------------
The event throttle: 0.9529411764705882
The event throttle: 0.984313725490196
----------------------------------------------------------
[sterr,brake,accel] Logical time: 7338.40 
[sterr,brake,accel] Physical time: 7338.68 
[sterr,brake,accel] LAG: 0.28 
----------------------------------------------------------
[DRIVER STATE] accel=0.984313725490196 brake=0.0
----------------------------------------------------------
[DRIVER REACTION 1] Logical time: 7338.40 
[DRIVER REACTION 1] Physical time: 7339.44 
[DRIVER REACTION 1] LAG: 1.04 
----------------------------------------------------------
The event throttle: 1.0
[DEVICE READER CAM read] Physical time: 7404.51 
[DEVICE READER CAM read] LAG: 4.51 
----------------------------------------------------------
[DEVICE READER CAM TIMER] Logical time: 7400.00 
[DEVICE READER CAM TIMER] Physical time: 7404.72 
[DEVICE READER CAM TIMER] LAG: 4.72 
----------------------------------------------------------
----------------------------------------------------------
[DRIVER] Logical time: 7400.00 
[DRIVER] Physical time: 7405.34 
[DRIVER] LAG: 5.34 
----------------------------------------------------------
The event throttle: 0.9921568627450981
----------------------------------------------------------
[sterr,brake,accel] Logical time: 7410.45 
[sterr,brake,accel] Physical time: 7410.60 
[sterr,brake,accel] LAG: 0.14 
----------------------------------------------------------
[DRIVER STATE] accel=0.9921568627450981 brake=0.0
----------------------------------------------------------
[DRIVER REACTION 1] Logical time: 7410.45 
[DRIVER REACTION 1] Physical time: 7410.91 
[DRIVER REACTION 1] LAG: 0.46 
----------------------------------------------------------
The event throttle: 0.9882352941176471
The event throttle: 0.9725490196078431
The event throttle: 0.9607843137254902
----------------------------------------------------------
[sterr,brake,accel] Logical time: 7434.40 
[sterr,brake,accel] Physical time: 7434.56 
[sterr,brake,accel] LAG: 0.16 
----------------------------------------------------------
[DRIVER STATE] accel=0.9607843137254902 brake=0.0
----------------------------------------------------------
[DRIVER REACTION 1] Logical time: 7434.40 
[DRIVER REACTION 1] Physical time: 7434.86 
[DRIVER REACTION 1] LAG: 0.46 
----------------------------------------------------------
The event throttle: 0.9490196078431372
The event throttle: 0.9254901960784314
The event throttle: 0.9098039215686274
----------------------------------------------------------
[sterr,brake,accel] Logical time: 7458.40 
[sterr,brake,accel] Physical time: 7458.56 
[sterr,brake,accel] LAG: 0.15 
----------------------------------------------------------
[DRIVER STATE] accel=0.9098039215686274 brake=0.0
----------------------------------------------------------
[DRIVER REACTION 1] Logical time: 7458.40 
[DRIVER REACTION 1] Physical time: 7458.84 
[DRIVER REACTION 1] LAG: 0.44 
----------------------------------------------------------
The event throttle: 0.8745098039215686
The event throttle: 0.8509803921568627
The event throttle: 0.807843137254902
----------------------------------------------------------
[sterr,brake,accel] Logical time: 7482.39 
[sterr,brake,accel] Physical time: 7482.54 
[sterr,brake,accel] LAG: 0.16 
----------------------------------------------------------
[DRIVER STATE] accel=0.807843137254902 brake=0.0
----------------------------------------------------------
[DRIVER REACTION 1] Logical time: 7482.39 
[DRIVER REACTION 1] Physical time: 7482.82 
[DRIVER REACTION 1] LAG: 0.43 
----------------------------------------------------------
The event throttle: 0.7529411764705882
The event throttle: 0.7254901960784313
----------------------------------------------------------
[DRIVER] Logical time: 7500.00 
[DRIVER] Physical time: 7500.26 
[DRIVER] LAG: 0.26 
----------------------------------------------------------
The event throttle: 0.6509803921568628
----------------------------------------------------------
[sterr,brake,accel] Logical time: 7506.47 
[sterr,brake,accel] Physical time: 7506.72 
[sterr,brake,accel] LAG: 0.25 
----------------------------------------------------------
[DRIVER STATE] accel=0.6509803921568628 brake=0.0
----------------------------------------------------------
[DRIVER REACTION 1] Logical time: 7506.47 
[DRIVER REACTION 1] Physical time: 7507.40 
[DRIVER REACTION 1] LAG: 0.93 
----------------------------------------------------------
The event throttle: 0.6235294117647059
The event throttle: 0.5725490196078431
The event throttle: 0.5137254901960784
----------------------------------------------------------
[sterr,brake,accel] Logical time: 7530.40 
[sterr,brake,accel] Physical time: 7530.66 
[sterr,brake,accel] LAG: 0.26 
----------------------------------------------------------
[DRIVER STATE] accel=0.5137254901960784 brake=0.0
----------------------------------------------------------
[DRIVER REACTION 1] Logical time: 7530.40 
[DRIVER REACTION 1] Physical time: 7531.29 
[DRIVER REACTION 1] LAG: 0.89 
----------------------------------------------------------
The event throttle: 0.48627450980392156
The event throttle: 0.43529411764705883
The event throttle: 0.4117647058823529
----------------------------------------------------------
[sterr,brake,accel] Logical time: 7554.45 
[sterr,brake,accel] Physical time: 7554.75 
[sterr,brake,accel] LAG: 0.30 
----------------------------------------------------------
[DRIVER STATE] accel=0.4117647058823529 brake=0.0
----------------------------------------------------------
[DRIVER REACTION 1] Logical time: 7554.45 
[DRIVER REACTION 1] Physical time: 7555.47 
[DRIVER REACTION 1] LAG: 1.02 
----------------------------------------------------------
The event throttle: 0.3686274509803922
The event throttle: 0.32941176470588235
The event throttle: 0.30980392156862746
----------------------------------------------------------
[sterr,brake,accel] Logical time: 7578.34 
[sterr,brake,accel] Physical time: 7578.56 
[sterr,brake,accel] LAG: 0.22 
----------------------------------------------------------
[DRIVER STATE] accel=0.30980392156862746 brake=0.0
----------------------------------------------------------
[DRIVER REACTION 1] Logical time: 7578.34 
[DRIVER REACTION 1] Physical time: 7579.07 
[DRIVER REACTION 1] LAG: 0.73 
----------------------------------------------------------
The event throttle: 0.2784313725490196
The event throttle: 0.25882352941176473
The event throttle: 0.22745098039215686
[DEVICE READER CAM read] Physical time: 7604.03 
[DEVICE READER CAM read] LAG: 4.03 
----------------------------------------------------------
[DEVICE READER CAM TIMER] Logical time: 7600.00 
[DEVICE READER CAM TIMER] Physical time: 7604.33 
[DEVICE READER CAM TIMER] LAG: 4.33 
----------------------------------------------------------
----------------------------------------------------------
[DRIVER] Logical time: 7600.00 
[DRIVER] Physical time: 7604.90 
[DRIVER] LAG: 4.90 
----------------------------------------------------------
----------------------------------------------------------
[sterr,brake,accel] Logical time: 7602.65 
[sterr,brake,accel] Physical time: 7606.42 
[sterr,brake,accel] LAG: 3.77 
----------------------------------------------------------
[DRIVER STATE] accel=0.22745098039215686 brake=0.0
----------------------------------------------------------
[DRIVER REACTION 1] Logical time: 7602.65 
[DRIVER REACTION 1] Physical time: 7607.11 
[DRIVER REACTION 1] LAG: 4.46 
----------------------------------------------------------
The event throttle: 0.20392156862745098
The event throttle: 0.1843137254901961
The event throttle: 0.16470588235294117
----------------------------------------------------------
[sterr,brake,accel] Logical time: 7626.33 
[sterr,brake,accel] Physical time: 7626.49 
[sterr,brake,accel] LAG: 0.16 
----------------------------------------------------------
[DRIVER STATE] accel=0.16470588235294117 brake=0.0
----------------------------------------------------------
[DRIVER REACTION 1] Logical time: 7626.33 
[DRIVER REACTION 1] Physical time: 7626.84 
[DRIVER REACTION 1] LAG: 0.51 
----------------------------------------------------------
The event throttle: 0.1568627450980392
The event throttle: 0.13725490196078433
The event throttle: 0.12941176470588237
----------------------------------------------------------
[sterr,brake,accel] Logical time: 7650.45 
[sterr,brake,accel] Physical time: 7650.69 
[sterr,brake,accel] LAG: 0.24 
----------------------------------------------------------
[DRIVER STATE] accel=0.12941176470588237 brake=0.0
----------------------------------------------------------
[DRIVER REACTION 1] Logical time: 7650.45 
[DRIVER REACTION 1] Physical time: 7651.32 
[DRIVER REACTION 1] LAG: 0.87 
----------------------------------------------------------
The event throttle: 0.12549019607843137
The event throttle: 0.12156862745098039
----------------------------------------------------------
[sterr,brake,accel] Logical time: 7674.49 
[sterr,brake,accel] Physical time: 7674.78 
[sterr,brake,accel] LAG: 0.29 
----------------------------------------------------------
[DRIVER STATE] accel=0.12156862745098039 brake=0.0
----------------------------------------------------------
[DRIVER REACTION 1] Logical time: 7674.49 
[DRIVER REACTION 1] Physical time: 7675.48 
[DRIVER REACTION 1] LAG: 0.98 
----------------------------------------------------------
----------------------------------------------------------
[DRIVER] Logical time: 7700.00 
[DRIVER] Physical time: 7700.43 
[DRIVER] LAG: 0.43 
----------------------------------------------------------
The event throttle: 0.12549019607843137
----------------------------------------------------------
[sterr,brake,accel] Logical time: 7706.65 
[sterr,brake,accel] Physical time: 7706.79 
[sterr,brake,accel] LAG: 0.15 
----------------------------------------------------------
[DRIVER STATE] accel=0.12549019607843137 brake=0.0
----------------------------------------------------------
[DRIVER REACTION 1] Logical time: 7706.65 
[DRIVER REACTION 1] Physical time: 7707.09 
[DRIVER REACTION 1] LAG: 0.44 
----------------------------------------------------------
The event throttle: 0.13333333333333333
The event throttle: 0.14901960784313725
The event throttle: 0.16862745098039217
----------------------------------------------------------
[sterr,brake,accel] Logical time: 7730.38 
[sterr,brake,accel] Physical time: 7730.51 
[sterr,brake,accel] LAG: 0.13 
----------------------------------------------------------
[DRIVER STATE] accel=0.16862745098039217 brake=0.0
----------------------------------------------------------
[DRIVER REACTION 1] Logical time: 7730.38 
[DRIVER REACTION 1] Physical time: 7730.75 
[DRIVER REACTION 1] LAG: 0.38 
----------------------------------------------------------
The event throttle: 0.17647058823529413
The event throttle: 0.20392156862745098
The event throttle: 0.21568627450980393
----------------------------------------------------------
[sterr,brake,accel] Logical time: 7754.44 
[sterr,brake,accel] Physical time: 7754.58 
[sterr,brake,accel] LAG: 0.14 
----------------------------------------------------------
[DRIVER STATE] accel=0.21568627450980393 brake=0.0
----------------------------------------------------------
[DRIVER REACTION 1] Logical time: 7754.44 
[DRIVER REACTION 1] Physical time: 7754.84 
[DRIVER REACTION 1] LAG: 0.40 
----------------------------------------------------------
The event throttle: 0.23921568627450981
The event throttle: 0.26666666666666666
The event throttle: 0.2823529411764706
----------------------------------------------------------
[sterr,brake,accel] Logical time: 7778.40 
[sterr,brake,accel] Physical time: 7778.53 
[sterr,brake,accel] LAG: 0.13 
----------------------------------------------------------
[DRIVER STATE] accel=0.2823529411764706 brake=0.0
----------------------------------------------------------
[DRIVER REACTION 1] Logical time: 7778.40 
[DRIVER REACTION 1] Physical time: 7778.78 
[DRIVER REACTION 1] LAG: 0.38 
----------------------------------------------------------
The event throttle: 0.3137254901960784
The event throttle: 0.3333333333333333
The event throttle: 0.3686274509803922
[DEVICE READER CAM read] Physical time: 7803.89 
[DEVICE READER CAM read] LAG: 3.89 
----------------------------------------------------------
[DEVICE READER CAM TIMER] Logical time: 7800.00 
[DEVICE READER CAM TIMER] Physical time: 7804.12 
[DEVICE READER CAM TIMER] LAG: 4.12 
----------------------------------------------------------
The event throttle: 0.403921568627451
The event throttle: 0.4235294117647059
The event throttle: 0.4627450980392157
The event throttle: 0.4823529411764706
Faces: 0
The event throttle: 0.5215686274509804
The event throttle: 0.5607843137254902
The event throttle: 0.5803921568627451
The event throttle: 0.6078431372549019
The event throttle: 0.6274509803921569
Saved debug (no face)
----------------------------------------------------------
[FACE DETECTOR] Logical time: 7800.00 
[FACE DETECTOR] Physical time: 7875.48 
[FACE DETECTOR] LAG: 75.48 
----------------------------------------------------------
[DRIVER STATE] accel=0.2823529411764706 brake=0.0
----------------------------------------------------------
[DRIVER REACTION 1] Logical time: 7800.00 
[DRIVER REACTION 1] Physical time: 7875.68 
[DRIVER REACTION 1] LAG: 75.68 
----------------------------------------------------------
----------------------------------------------------------
[DRIVER] Logical time: 7800.00 
[DRIVER] Physical time: 7875.77 
[DRIVER] LAG: 75.77 
----------------------------------------------------------
----------------------------------------------------------
[sterr,brake,accel] Logical time: 7802.70 
[sterr,brake,accel] Physical time: 7876.39 
[sterr,brake,accel] LAG: 73.69 
----------------------------------------------------------
[DRIVER STATE] accel=0.3686274509803922 brake=0.0
----------------------------------------------------------
[DRIVER REACTION 1] Logical time: 7802.70 
[DRIVER REACTION 1] Physical time: 7876.73 
[DRIVER REACTION 1] LAG: 74.02 
----------------------------------------------------------
----------------------------------------------------------
[sterr,brake,accel] Logical time: 7826.37 
[sterr,brake,accel] Physical time: 7876.95 
[sterr,brake,accel] LAG: 50.58 
----------------------------------------------------------
[DRIVER STATE] accel=0.4627450980392157 brake=0.0
----------------------------------------------------------
[DRIVER REACTION 1] Logical time: 7826.37 
[DRIVER REACTION 1] Physical time: 7877.27 
[DRIVER REACTION 1] LAG: 50.90 
----------------------------------------------------------
----------------------------------------------------------
[sterr,brake,accel] Logical time: 7850.40 
[sterr,brake,accel] Physical time: 7877.49 
[sterr,brake,accel] LAG: 27.09 
----------------------------------------------------------
[DRIVER STATE] accel=0.5607843137254902 brake=0.0
----------------------------------------------------------
[DRIVER REACTION 1] Logical time: 7850.40 
[DRIVER REACTION 1] Physical time: 7877.74 
[DRIVER REACTION 1] LAG: 27.34 
----------------------------------------------------------
----------------------------------------------------------
[sterr,brake,accel] Logical time: 7874.41 
[sterr,brake,accel] Physical time: 7877.94 
[sterr,brake,accel] LAG: 3.53 
----------------------------------------------------------
[DRIVER STATE] accel=0.6274509803921569 brake=0.0
----------------------------------------------------------
[DRIVER REACTION 1] Logical time: 7874.41 
[DRIVER REACTION 1] Physical time: 7878.18 
[DRIVER REACTION 1] LAG: 3.77 
----------------------------------------------------------
The event throttle: 0.6588235294117647
The event throttle: 0.6901960784313725
The event throttle: 0.7098039215686275
----------------------------------------------------------
[sterr,brake,accel] Logical time: 7898.44 
[sterr,brake,accel] Physical time: 7898.68 
[sterr,brake,accel] LAG: 0.25 
----------------------------------------------------------
[DRIVER STATE] accel=0.7098039215686275 brake=0.0
----------------------------------------------------------
[DRIVER REACTION 1] Logical time: 7898.44 
[DRIVER REACTION 1] Physical time: 7899.40 
[DRIVER REACTION 1] LAG: 0.97 
----------------------------------------------------------
----------------------------------------------------------
[DRIVER] Logical time: 7900.00 
[DRIVER] Physical time: 7900.37 
[DRIVER] LAG: 0.37 
----------------------------------------------------------
The event throttle: 0.7411764705882353
The event throttle: 0.7490196078431373
The event throttle: 0.7725490196078432
----------------------------------------------------------
[sterr,brake,accel] Logical time: 7922.39 
[sterr,brake,accel] Physical time: 7922.60 
[sterr,brake,accel] LAG: 0.22 
----------------------------------------------------------
[DRIVER STATE] accel=0.7725490196078432 brake=0.0
----------------------------------------------------------
[DRIVER REACTION 1] Logical time: 7922.39 
[DRIVER REACTION 1] Physical time: 7923.28 
[DRIVER REACTION 1] LAG: 0.90 
----------------------------------------------------------
The event throttle: 0.8
The event throttle: 0.807843137254902
The event throttle: 0.8313725490196079
----------------------------------------------------------
[sterr,brake,accel] Logical time: 7946.43 
[sterr,brake,accel] Physical time: 7946.67 
[sterr,brake,accel] LAG: 0.24 
----------------------------------------------------------
[DRIVER STATE] accel=0.8313725490196079 brake=0.0
----------------------------------------------------------
[DRIVER REACTION 1] Logical time: 7946.43 
[DRIVER REACTION 1] Physical time: 7947.36 
[DRIVER REACTION 1] LAG: 0.93 
----------------------------------------------------------
The event throttle: 0.8431372549019608
The event throttle: 0.8588235294117647
The event throttle: 0.8745098039215686
----------------------------------------------------------
[sterr,brake,accel] Logical time: 7970.39 
[sterr,brake,accel] Physical time: 7970.61 
[sterr,brake,accel] LAG: 0.22 
----------------------------------------------------------
[DRIVER STATE] accel=0.8745098039215686 brake=0.0
----------------------------------------------------------
[DRIVER REACTION 1] Logical time: 7970.39 
[DRIVER REACTION 1] Physical time: 7971.12 
[DRIVER REACTION 1] LAG: 0.73 
----------------------------------------------------------
The event throttle: 0.8823529411764706
The event throttle: 0.8980392156862745
The event throttle: 0.9058823529411765
----------------------------------------------------------
[sterr,brake,accel] Logical time: 7994.51 
[sterr,brake,accel] Physical time: 7994.79 
[sterr,brake,accel] LAG: 0.28 
----------------------------------------------------------
[DRIVER STATE] accel=0.9058823529411765 brake=0.0
----------------------------------------------------------
[DRIVER REACTION 1] Logical time: 7994.51 
[DRIVER REACTION 1] Physical time: 7995.51 
[DRIVER REACTION 1] LAG: 1.00 
----------------------------------------------------------
The event throttle: 0.9137254901960784
[DEVICE READER CAM read] Physical time: 8004.40 
[DEVICE READER CAM read] LAG: 4.40 
----------------------------------------------------------
[DEVICE READER CAM TIMER] Logical time: 8000.00 
[DEVICE READER CAM TIMER] Physical time: 8004.58 
[DEVICE READER CAM TIMER] LAG: 4.58 
----------------------------------------------------------
----------------------------------------------------------
[DRIVER] Logical time: 8000.00 
[DRIVER] Physical time: 8005.09 
[DRIVER] LAG: 5.09 
----------------------------------------------------------
The event throttle: 0.9215686274509803
The event throttle: 0.9254901960784314
----------------------------------------------------------
[sterr,brake,accel] Logical time: 8018.37 
[sterr,brake,accel] Physical time: 8018.46 
[sterr,brake,accel] LAG: 0.09 
----------------------------------------------------------
[DRIVER STATE] accel=0.9254901960784314 brake=0.0
----------------------------------------------------------
[DRIVER REACTION 1] Logical time: 8018.37 
[DRIVER REACTION 1] Physical time: 8018.68 
[DRIVER REACTION 1] LAG: 0.31 
----------------------------------------------------------
The event throttle: 0.9333333333333333
The event throttle: 0.9372549019607843
The event throttle: 0.9333333333333333
----------------------------------------------------------
[sterr,brake,accel] Logical time: 8058.57 
[sterr,brake,accel] Physical time: 8058.71 
[sterr,brake,accel] LAG: 0.14 
----------------------------------------------------------
[DRIVER STATE] accel=0.9333333333333333 brake=0.0
----------------------------------------------------------
[DRIVER REACTION 1] Logical time: 8058.57 
[DRIVER REACTION 1] Physical time: 8058.97 
[DRIVER REACTION 1] LAG: 0.39 
----------------------------------------------------------
The event throttle: 0.9372549019607843
The event throttle: 0.9333333333333333
The event throttle: 0.9372549019607843
----------------------------------------------------------
[sterr,brake,accel] Logical time: 8082.51 
[sterr,brake,accel] Physical time: 8082.66 
[sterr,brake,accel] LAG: 0.16 
----------------------------------------------------------
[DRIVER STATE] accel=0.9372549019607843 brake=0.0
----------------------------------------------------------
[DRIVER REACTION 1] Logical time: 8082.51 
[DRIVER REACTION 1] Physical time: 8083.02 
[DRIVER REACTION 1] LAG: 0.51 
----------------------------------------------------------
----------------------------------------------------------
[DRIVER] Logical time: 8100.00 
[DRIVER] Physical time: 8100.26 
[DRIVER] LAG: 0.26 
----------------------------------------------------------
The event throttle: 0.9333333333333333
----------------------------------------------------------
[sterr,brake,accel] Logical time: 8106.58 
[sterr,brake,accel] Physical time: 8106.81 
[sterr,brake,accel] LAG: 0.23 
----------------------------------------------------------
[DRIVER STATE] accel=0.9333333333333333 brake=0.0
----------------------------------------------------------
[DRIVER REACTION 1] Logical time: 8106.58 
[DRIVER REACTION 1] Physical time: 8107.42 
[DRIVER REACTION 1] LAG: 0.84 
----------------------------------------------------------
The event throttle: 0.9294117647058824
The event throttle: 0.9137254901960784
----------------------------------------------------------
[sterr,brake,accel] Logical time: 8130.49 
[sterr,brake,accel] Physical time: 8130.74 
[sterr,brake,accel] LAG: 0.25 
----------------------------------------------------------
[DRIVER STATE] accel=0.9137254901960784 brake=0.0
----------------------------------------------------------
[DRIVER REACTION 1] Logical time: 8130.49 
[DRIVER REACTION 1] Physical time: 8131.45 
[DRIVER REACTION 1] LAG: 0.95 
----------------------------------------------------------
The event throttle: 0.9098039215686274
The event throttle: 0.8980392156862745
The event throttle: 0.8901960784313725
----------------------------------------------------------
[sterr,brake,accel] Logical time: 8154.45 
[sterr,brake,accel] Physical time: 8154.68 
[sterr,brake,accel] LAG: 0.23 
----------------------------------------------------------
[DRIVER STATE] accel=0.8901960784313725 brake=0.0
----------------------------------------------------------
[DRIVER REACTION 1] Logical time: 8154.45 
[DRIVER REACTION 1] Physical time: 8155.39 
[DRIVER REACTION 1] LAG: 0.94 
----------------------------------------------------------
The event throttle: 0.8745098039215686
The event throttle: 0.8549019607843137
The event throttle: 0.8431372549019608
----------------------------------------------------------
[sterr,brake,accel] Logical time: 8178.44 
[sterr,brake,accel] Physical time: 8178.69 
[sterr,brake,accel] LAG: 0.24 
----------------------------------------------------------
[DRIVER STATE] accel=0.8431372549019608 brake=0.0
----------------------------------------------------------
[DRIVER REACTION 1] Logical time: 8178.44 
[DRIVER REACTION 1] Physical time: 8179.28 
[DRIVER REACTION 1] LAG: 0.84 
----------------------------------------------------------
The event throttle: 0.8196078431372549
The event throttle: 0.807843137254902
The event throttle: 0.7647058823529411
[DEVICE READER CAM read] Physical time: 8204.08 
[DEVICE READER CAM read] LAG: 4.08 
----------------------------------------------------------
[DEVICE READER CAM TIMER] Logical time: 8200.00 
[DEVICE READER CAM TIMER] Physical time: 8204.36 
[DEVICE READER CAM TIMER] LAG: 4.36 
----------------------------------------------------------
----------------------------------------------------------
[DRIVER] Logical time: 8200.00 
[DRIVER] Physical time: 8204.93 
[DRIVER] LAG: 4.93 
----------------------------------------------------------
----------------------------------------------------------
[sterr,brake,accel] Logical time: 8202.81 
[sterr,brake,accel] Physical time: 8206.82 
[sterr,brake,accel] LAG: 4.01 
----------------------------------------------------------
[DRIVER STATE] accel=0.7647058823529411 brake=0.0
----------------------------------------------------------
[DRIVER REACTION 1] Logical time: 8202.81 
[DRIVER REACTION 1] Physical time: 8207.15 
[DRIVER REACTION 1] LAG: 4.34 
----------------------------------------------------------
The event throttle: 0.7333333333333333
The event throttle: 0.7098039215686275
The event throttle: 0.6666666666666666
----------------------------------------------------------
[sterr,brake,accel] Logical time: 8226.49 
[sterr,brake,accel] Physical time: 8226.63 
[sterr,brake,accel] LAG: 0.14 
----------------------------------------------------------
[DRIVER STATE] accel=0.6666666666666666 brake=0.0
----------------------------------------------------------
[DRIVER REACTION 1] Logical time: 8226.49 
[DRIVER REACTION 1] Physical time: 8226.94 
[DRIVER REACTION 1] LAG: 0.45 
----------------------------------------------------------
The event throttle: 0.6392156862745098
The event throttle: 0.6
The event throttle: 0.5607843137254902
----------------------------------------------------------
[sterr,brake,accel] Logical time: 8250.49 
[sterr,brake,accel] Physical time: 8250.63 
[sterr,brake,accel] LAG: 0.14 
----------------------------------------------------------
[DRIVER STATE] accel=0.5607843137254902 brake=0.0
----------------------------------------------------------
[DRIVER REACTION 1] Logical time: 8250.49 
[DRIVER REACTION 1] Physical time: 8250.91 
[DRIVER REACTION 1] LAG: 0.42 
----------------------------------------------------------
The event throttle: 0.5333333333333333
The event throttle: 0.5058823529411764
The event throttle: 0.49411764705882355
----------------------------------------------------------
[sterr,brake,accel] Logical time: 8274.47 
[sterr,brake,accel] Physical time: 8274.61 
[sterr,brake,accel] LAG: 0.14 
----------------------------------------------------------
[DRIVER STATE] accel=0.49411764705882355 brake=0.0
----------------------------------------------------------
[DRIVER REACTION 1] Logical time: 8274.47 
[DRIVER REACTION 1] Physical time: 8274.93 
[DRIVER REACTION 1] LAG: 0.46 
----------------------------------------------------------
The event throttle: 0.47058823529411764
The event throttle: 0.4549019607843137
The event throttle: 0.4470588235294118
----------------------------------------------------------
[sterr,brake,accel] Logical time: 8298.53 
[sterr,brake,accel] Physical time: 8298.70 
[sterr,brake,accel] LAG: 0.16 
----------------------------------------------------------
[DRIVER STATE] accel=0.4470588235294118 brake=0.0
----------------------------------------------------------
[DRIVER REACTION 1] Logical time: 8298.53 
[DRIVER REACTION 1] Physical time: 8298.99 
[DRIVER REACTION 1] LAG: 0.46 
----------------------------------------------------------
----------------------------------------------------------
[DRIVER] Logical time: 8300.00 
[DRIVER] Physical time: 8300.24 
[DRIVER] LAG: 0.24 
----------------------------------------------------------
The event throttle: 0.43137254901960786
The event throttle: 0.4392156862745098
The event throttle: 0.43529411764705883
----------------------------------------------------------
[sterr,brake,accel] Logical time: 8322.53 
[sterr,brake,accel] Physical time: 8322.67 
[sterr,brake,accel] LAG: 0.14 
----------------------------------------------------------
[DRIVER STATE] accel=0.43529411764705883 brake=0.0
----------------------------------------------------------
[DRIVER REACTION 1] Logical time: 8322.53 
[DRIVER REACTION 1] Physical time: 8322.94 
[DRIVER REACTION 1] LAG: 0.41 
----------------------------------------------------------
The event throttle: 0.4392156862745098
----------------------------------------------------------
[sterr,brake,accel] Logical time: 8346.66 
[sterr,brake,accel] Physical time: 8346.82 
[sterr,brake,accel] LAG: 0.16 
----------------------------------------------------------
[DRIVER STATE] accel=0.4392156862745098 brake=0.0
----------------------------------------------------------
[DRIVER REACTION 1] Logical time: 8346.66 
[DRIVER REACTION 1] Physical time: 8347.12 
[DRIVER REACTION 1] LAG: 0.46 
----------------------------------------------------------
The event throttle: 0.44313725490196076
The event throttle: 0.4470588235294118
The event throttle: 0.4627450980392157
----------------------------------------------------------
[sterr,brake,accel] Logical time: 8370.45 
[sterr,brake,accel] Physical time: 8370.58 
[sterr,brake,accel] LAG: 0.13 
----------------------------------------------------------
[DRIVER STATE] accel=0.4627450980392157 brake=0.0
----------------------------------------------------------
[DRIVER REACTION 1] Logical time: 8370.45 
[DRIVER REACTION 1] Physical time: 8370.86 
[DRIVER REACTION 1] LAG: 0.41 
----------------------------------------------------------
The event throttle: 0.47058823529411764
The event throttle: 0.47843137254901963
----------------------------------------------------------
[sterr,brake,accel] Logical time: 8394.56 
[sterr,brake,accel] Physical time: 8394.72 
[sterr,brake,accel] LAG: 0.16 
----------------------------------------------------------
[DRIVER STATE] accel=0.47843137254901963 brake=0.0
----------------------------------------------------------
[DRIVER REACTION 1] Logical time: 8394.56 
[DRIVER REACTION 1] Physical time: 8395.01 
[DRIVER REACTION 1] LAG: 0.44 
----------------------------------------------------------
The event throttle: 0.49019607843137253
[DEVICE READER CAM read] Physical time: 8404.30 
[DEVICE READER CAM read] LAG: 4.30 
----------------------------------------------------------
[DEVICE READER CAM TIMER] Logical time: 8400.00 
[DEVICE READER CAM TIMER] Physical time: 8404.52 
[DEVICE READER CAM TIMER] LAG: 4.52 
----------------------------------------------------------
----------------------------------------------------------
[DRIVER] Logical time: 8400.00 
[DRIVER] Physical time: 8404.77 
[DRIVER] LAG: 4.77 
----------------------------------------------------------
The event throttle: 0.5058823529411764
The event throttle: 0.5098039215686274
----------------------------------------------------------
[sterr,brake,accel] Logical time: 8418.45 
[sterr,brake,accel] Physical time: 8418.67 
[sterr,brake,accel] LAG: 0.22 
----------------------------------------------------------
[DRIVER STATE] accel=0.5098039215686274 brake=0.0
----------------------------------------------------------
[DRIVER REACTION 1] Logical time: 8418.45 
[DRIVER REACTION 1] Physical time: 8419.21 
[DRIVER REACTION 1] LAG: 0.75 
----------------------------------------------------------
The event throttle: 0.5294117647058824
The event throttle: 0.5333333333333333
The event throttle: 0.5411764705882353
----------------------------------------------------------
[sterr,brake,accel] Logical time: 8442.52 
[sterr,brake,accel] Physical time: 8442.77 
[sterr,brake,accel] LAG: 0.25 
----------------------------------------------------------
[DRIVER STATE] accel=0.5411764705882353 brake=0.0
----------------------------------------------------------
[DRIVER REACTION 1] Logical time: 8442.52 
[DRIVER REACTION 1] Physical time: 8443.45 
[DRIVER REACTION 1] LAG: 0.93 
----------------------------------------------------------
The event throttle: 0.5725490196078431
The event throttle: 0.592156862745098
The event throttle: 0.596078431372549
----------------------------------------------------------
[sterr,brake,accel] Logical time: 8466.57 
[sterr,brake,accel] Physical time: 8466.84 
[sterr,brake,accel] LAG: 0.27 
----------------------------------------------------------
[DRIVER STATE] accel=0.596078431372549 brake=0.0
----------------------------------------------------------
[DRIVER REACTION 1] Logical time: 8466.57 
[DRIVER REACTION 1] Physical time: 8467.52 
[DRIVER REACTION 1] LAG: 0.94 
----------------------------------------------------------
The event throttle: 0.6039215686274509
The event throttle: 0.6274509803921569
The event throttle: 0.6509803921568628
----------------------------------------------------------
[sterr,brake,accel] Logical time: 8490.74 
[sterr,brake,accel] Physical time: 8491.05 
[sterr,brake,accel] LAG: 0.31 
----------------------------------------------------------
[DRIVER STATE] accel=0.6509803921568628 brake=0.0
----------------------------------------------------------
[DRIVER REACTION 1] Logical time: 8490.74 
[DRIVER REACTION 1] Physical time: 8491.77 
[DRIVER REACTION 1] LAG: 1.03 
----------------------------------------------------------
The event throttle: 0.6705882352941176
----------------------------------------------------------
[DRIVER] Logical time: 8500.00 
[DRIVER] Physical time: 8500.35 
[DRIVER] LAG: 0.35 
----------------------------------------------------------
The event throttle: 0.7098039215686275
The event throttle: 0.7137254901960784
----------------------------------------------------------
[sterr,brake,accel] Logical time: 8514.48 
[sterr,brake,accel] Physical time: 8514.60 
[sterr,brake,accel] LAG: 0.12 
----------------------------------------------------------
[DRIVER STATE] accel=0.7137254901960784 brake=0.0
----------------------------------------------------------
[DRIVER REACTION 1] Logical time: 8514.48 
[DRIVER REACTION 1] Physical time: 8514.91 
[DRIVER REACTION 1] LAG: 0.43 
----------------------------------------------------------
The event throttle: 0.7372549019607844
The event throttle: 0.7647058823529411
The event throttle: 0.7843137254901961
----------------------------------------------------------
[sterr,brake,accel] Logical time: 8538.55 
[sterr,brake,accel] Physical time: 8538.70 
[sterr,brake,accel] LAG: 0.15 
----------------------------------------------------------
[DRIVER STATE] accel=0.7843137254901961 brake=0.0
----------------------------------------------------------
[DRIVER REACTION 1] Logical time: 8538.55 
[DRIVER REACTION 1] Physical time: 8539.00 
[DRIVER REACTION 1] LAG: 0.45 
----------------------------------------------------------
The event throttle: 0.803921568627451
The event throttle: 0.8156862745098039
The event throttle: 0.8313725490196079
----------------------------------------------------------
[sterr,brake,accel] Logical time: 8562.50 
[sterr,brake,accel] Physical time: 8562.64 
[sterr,brake,accel] LAG: 0.15 
----------------------------------------------------------
[DRIVER STATE] accel=0.8313725490196079 brake=0.0
----------------------------------------------------------
[DRIVER REACTION 1] Logical time: 8562.50 
[DRIVER REACTION 1] Physical time: 8562.91 
[DRIVER REACTION 1] LAG: 0.41 
----------------------------------------------------------
The event throttle: 0.8627450980392157
The event throttle: 0.8549019607843137
The event throttle: 0.8705882352941177
----------------------------------------------------------
[sterr,brake,accel] Logical time: 8586.51 
[sterr,brake,accel] Physical time: 8586.65 
[sterr,brake,accel] LAG: 0.15 
----------------------------------------------------------
[DRIVER STATE] accel=0.8705882352941177 brake=0.0
----------------------------------------------------------
[DRIVER REACTION 1] Logical time: 8586.51 
[DRIVER REACTION 1] Physical time: 8586.94 
[DRIVER REACTION 1] LAG: 0.43 
----------------------------------------------------------
The event throttle: 0.8823529411764706
The event throttle: 0.8941176470588236
[DEVICE READER CAM read] Physical time: 8607.66 
[DEVICE READER CAM read] LAG: 7.66 
----------------------------------------------------------
[DEVICE READER CAM TIMER] Logical time: 8600.00 
[DEVICE READER CAM TIMER] Physical time: 8607.89 
[DEVICE READER CAM TIMER] LAG: 7.89 
----------------------------------------------------------
----------------------------------------------------------
[DRIVER] Logical time: 8600.00 
[DRIVER] Physical time: 8608.10 
[DRIVER] LAG: 8.10 
----------------------------------------------------------
The event throttle: 0.9098039215686274
----------------------------------------------------------
[sterr,brake,accel] Logical time: 8610.56 
[sterr,brake,accel] Physical time: 8610.75 
[sterr,brake,accel] LAG: 0.19 
----------------------------------------------------------
[DRIVER STATE] accel=0.9098039215686274 brake=0.0
----------------------------------------------------------
[DRIVER REACTION 1] Logical time: 8610.56 
[DRIVER REACTION 1] Physical time: 8611.25 
[DRIVER REACTION 1] LAG: 0.70 
----------------------------------------------------------
The event throttle: 0.9137254901960784
The event throttle: 0.9254901960784314
The event throttle: 0.9176470588235294
----------------------------------------------------------
[sterr,brake,accel] Logical time: 8634.51 
[sterr,brake,accel] Physical time: 8634.78 
[sterr,brake,accel] LAG: 0.27 
----------------------------------------------------------
[DRIVER STATE] accel=0.9176470588235294 brake=0.0
----------------------------------------------------------
[DRIVER REACTION 1] Logical time: 8634.51 
[DRIVER REACTION 1] Physical time: 8635.53 
[DRIVER REACTION 1] LAG: 1.02 
----------------------------------------------------------
The event throttle: 0.9098039215686274
The event throttle: 0.9254901960784314
The event throttle: 0.9137254901960784
----------------------------------------------------------
[sterr,brake,accel] Logical time: 8658.52 
[sterr,brake,accel] Physical time: 8658.78 
[sterr,brake,accel] LAG: 0.26 
----------------------------------------------------------
[DRIVER STATE] accel=0.9137254901960784 brake=0.0
----------------------------------------------------------
[DRIVER REACTION 1] Logical time: 8658.52 
[DRIVER REACTION 1] Physical time: 8659.49 
[DRIVER REACTION 1] LAG: 0.97 
----------------------------------------------------------
The event throttle: 0.9254901960784314
The event throttle: 0.9215686274509803
----------------------------------------------------------
[sterr,brake,accel] Logical time: 8682.60 
[sterr,brake,accel] Physical time: 8682.89 
[sterr,brake,accel] LAG: 0.29 
----------------------------------------------------------
[DRIVER STATE] accel=0.9215686274509803 brake=0.0
----------------------------------------------------------
[DRIVER REACTION 1] Logical time: 8682.60 
[DRIVER REACTION 1] Physical time: 8683.61 
[DRIVER REACTION 1] LAG: 1.01 
----------------------------------------------------------
The event throttle: 0.9137254901960784
The event throttle: 0.9254901960784314
----------------------------------------------------------
[DRIVER] Logical time: 8700.00 
[DRIVER] Physical time: 8700.31 
[DRIVER] LAG: 0.31 
----------------------------------------------------------
The event throttle: 0.9294117647058824
----------------------------------------------------------
[sterr,brake,accel] Logical time: 8706.60 
[sterr,brake,accel] Physical time: 8706.72 
[sterr,brake,accel] LAG: 0.12 
----------------------------------------------------------
[DRIVER STATE] accel=0.9294117647058824 brake=0.0
----------------------------------------------------------
[DRIVER REACTION 1] Logical time: 8706.60 
[DRIVER REACTION 1] Physical time: 8706.96 
[DRIVER REACTION 1] LAG: 0.36 
----------------------------------------------------------
The event throttle: 0.9215686274509803
The event throttle: 0.9372549019607843
The event throttle: 0.9176470588235294
----------------------------------------------------------
[sterr,brake,accel] Logical time: 8730.53 
[sterr,brake,accel] Physical time: 8730.68 
[sterr,brake,accel] LAG: 0.15 
----------------------------------------------------------
[DRIVER STATE] accel=0.9176470588235294 brake=0.0
----------------------------------------------------------
[DRIVER REACTION 1] Logical time: 8730.53 
[DRIVER REACTION 1] Physical time: 8730.94 
[DRIVER REACTION 1] LAG: 0.41 
----------------------------------------------------------
The event throttle: 0.9058823529411765
The event throttle: 0.9137254901960784
The event throttle: 0.9098039215686274
----------------------------------------------------------
[sterr,brake,accel] Logical time: 8762.61 
[sterr,brake,accel] Physical time: 8762.78 
[sterr,brake,accel] LAG: 0.17 
----------------------------------------------------------
[DRIVER STATE] accel=0.9098039215686274 brake=0.0
----------------------------------------------------------
[DRIVER REACTION 1] Logical time: 8762.61 
[DRIVER REACTION 1] Physical time: 8763.07 
[DRIVER REACTION 1] LAG: 0.46 
----------------------------------------------------------
The event throttle: 0.9019607843137255
The event throttle: 0.8784313725490196
The event throttle: 0.8745098039215686
----------------------------------------------------------
[sterr,brake,accel] Logical time: 8786.55 
[sterr,brake,accel] Physical time: 8786.74 
[sterr,brake,accel] LAG: 0.19 
----------------------------------------------------------
[DRIVER STATE] accel=0.8745098039215686 brake=0.0
----------------------------------------------------------
[DRIVER REACTION 1] Logical time: 8786.55 
[DRIVER REACTION 1] Physical time: 8787.00 
[DRIVER REACTION 1] LAG: 0.46 
----------------------------------------------------------
The event throttle: 0.8666666666666667
The event throttle: 0.8470588235294118
[DEVICE READER CAM read] Physical time: 8804.08 
[DEVICE READER CAM read] LAG: 4.08 
----------------------------------------------------------
[DEVICE READER CAM TIMER] Logical time: 8800.00 
[DEVICE READER CAM TIMER] Physical time: 8804.33 
[DEVICE READER CAM TIMER] LAG: 4.33 
----------------------------------------------------------
The event throttle: 0.8352941176470589
The event throttle: 0.8117647058823529
The event throttle: 0.796078431372549
The event throttle: 0.7686274509803922
Faces: 0
The event throttle: 0.7490196078431373
The event throttle: 0.7098039215686275
The event throttle: 0.6862745098039216
The event throttle: 0.6627450980392157
The event throttle: 0.6470588235294118
Saved debug (no face)
----------------------------------------------------------
[FACE DETECTOR] Logical time: 8800.00 
[FACE DETECTOR] Physical time: 8877.26 
[FACE DETECTOR] LAG: 77.26 
----------------------------------------------------------
[DRIVER STATE] accel=0.8745098039215686 brake=0.0
----------------------------------------------------------
[DRIVER REACTION 1] Logical time: 8800.00 
[DRIVER REACTION 1] Physical time: 8877.50 
[DRIVER REACTION 1] LAG: 77.50 
----------------------------------------------------------
----------------------------------------------------------
[DRIVER] Logical time: 8800.00 
[DRIVER] Physical time: 8877.59 
[DRIVER] LAG: 77.59 
----------------------------------------------------------
----------------------------------------------------------
[sterr,brake,accel] Logical time: 8810.66 
[sterr,brake,accel] Physical time: 8878.32 
[sterr,brake,accel] LAG: 67.66 
----------------------------------------------------------
[DRIVER STATE] accel=0.8352941176470589 brake=0.0
----------------------------------------------------------
[DRIVER REACTION 1] Logical time: 8810.66 
[DRIVER REACTION 1] Physical time: 8878.65 
[DRIVER REACTION 1] LAG: 67.99 
----------------------------------------------------------
----------------------------------------------------------
[sterr,brake,accel] Logical time: 8834.46 
[sterr,brake,accel] Physical time: 8878.83 
[sterr,brake,accel] LAG: 44.37 
----------------------------------------------------------
[DRIVER STATE] accel=0.7686274509803922 brake=0.0
----------------------------------------------------------
[DRIVER REACTION 1] Logical time: 8834.46 
[DRIVER REACTION 1] Physical time: 8879.10 
[DRIVER REACTION 1] LAG: 44.64 
----------------------------------------------------------
----------------------------------------------------------
[sterr,brake,accel] Logical time: 8858.49 
[sterr,brake,accel] Physical time: 8879.31 
[sterr,brake,accel] LAG: 20.82 
----------------------------------------------------------
[DRIVER STATE] accel=0.6862745098039216 brake=0.0
----------------------------------------------------------
[DRIVER REACTION 1] Logical time: 8858.49 
[DRIVER REACTION 1] Physical time: 8879.54 
[DRIVER REACTION 1] LAG: 21.05 
----------------------------------------------------------
The event throttle: 0.6235294117647059
----------------------------------------------------------
[sterr,brake,accel] Logical time: 8882.52 
[sterr,brake,accel] Physical time: 8882.66 
[sterr,brake,accel] LAG: 0.14 
----------------------------------------------------------
[DRIVER STATE] accel=0.6235294117647059 brake=0.0
----------------------------------------------------------
[DRIVER REACTION 1] Logical time: 8882.52 
[DRIVER REACTION 1] Physical time: 8882.96 
[DRIVER REACTION 1] LAG: 0.44 
----------------------------------------------------------
The event throttle: 0.592156862745098
The event throttle: 0.5843137254901961
----------------------------------------------------------
[DRIVER] Logical time: 8900.00 
[DRIVER] Physical time: 8900.33 
[DRIVER] LAG: 0.33 
----------------------------------------------------------
The event throttle: 0.5529411764705883
----------------------------------------------------------
[sterr,brake,accel] Logical time: 8906.71 
[sterr,brake,accel] Physical time: 8906.97 
[sterr,brake,accel] LAG: 0.26 
----------------------------------------------------------
[DRIVER STATE] accel=0.5529411764705883 brake=0.0
----------------------------------------------------------
[DRIVER REACTION 1] Logical time: 8906.71 
[DRIVER REACTION 1] Physical time: 8907.61 
[DRIVER REACTION 1] LAG: 0.91 
----------------------------------------------------------
The event throttle: 0.5411764705882353
The event throttle: 0.5254901960784314
The event throttle: 0.5058823529411764
----------------------------------------------------------
[sterr,brake,accel] Logical time: 8930.61 
[sterr,brake,accel] Physical time: 8930.87 
[sterr,brake,accel] LAG: 0.26 
----------------------------------------------------------
[DRIVER STATE] accel=0.5058823529411764 brake=0.0
----------------------------------------------------------
[DRIVER REACTION 1] Logical time: 8930.61 
[DRIVER REACTION 1] Physical time: 8931.51 
[DRIVER REACTION 1] LAG: 0.90 
----------------------------------------------------------
The event throttle: 0.49019607843137253
The event throttle: 0.4627450980392157
The event throttle: 0.45098039215686275
----------------------------------------------------------
[sterr,brake,accel] Logical time: 8954.52 
[sterr,brake,accel] Physical time: 8954.75 
[sterr,brake,accel] LAG: 0.24 
----------------------------------------------------------
[DRIVER STATE] accel=0.45098039215686275 brake=0.0
----------------------------------------------------------
[DRIVER REACTION 1] Logical time: 8954.52 
[DRIVER REACTION 1] Physical time: 8955.37 
[DRIVER REACTION 1] LAG: 0.86 
----------------------------------------------------------
The event throttle: 0.41568627450980394
The event throttle: 0.4392156862745098
----------------------------------------------------------
[sterr,brake,accel] Logical time: 8978.55 
[sterr,brake,accel] Physical time: 8978.79 
[sterr,brake,accel] LAG: 0.24 
----------------------------------------------------------
[DRIVER STATE] accel=0.4392156862745098 brake=0.0
----------------------------------------------------------
[DRIVER REACTION 1] Logical time: 8978.55 
[DRIVER REACTION 1] Physical time: 8979.43 
[DRIVER REACTION 1] LAG: 0.89 
----------------------------------------------------------
The event throttle: 0.40784313725490196
The event throttle: 0.41568627450980394
The event throttle: 0.4117647058823529
[DEVICE READER CAM read] Physical time: 9003.88 
[DEVICE READER CAM read] LAG: 3.88 
----------------------------------------------------------
[DEVICE READER CAM TIMER] Logical time: 9000.00 
[DEVICE READER CAM TIMER] Physical time: 9004.31 
[DEVICE READER CAM TIMER] LAG: 4.31 
----------------------------------------------------------
----------------------------------------------------------
[DRIVER] Logical time: 9000.00 
[DRIVER] Physical time: 9004.89 
[DRIVER] LAG: 4.89 
----------------------------------------------------------
----------------------------------------------------------
[sterr,brake,accel] Logical time: 9002.77 
[sterr,brake,accel] Physical time: 9006.83 
[sterr,brake,accel] LAG: 4.06 
----------------------------------------------------------
[DRIVER STATE] accel=0.4117647058823529 brake=0.0
----------------------------------------------------------
[DRIVER REACTION 1] Logical time: 9002.77 
[DRIVER REACTION 1] Physical time: 9007.60 
[DRIVER REACTION 1] LAG: 4.83 
----------------------------------------------------------
The event throttle: 0.403921568627451
The event throttle: 0.4117647058823529
The event throttle: 0.40784313725490196
----------------------------------------------------------
[sterr,brake,accel] Logical time: 9026.48 
[sterr,brake,accel] Physical time: 9026.64 
[sterr,brake,accel] LAG: 0.16 
----------------------------------------------------------
[DRIVER STATE] accel=0.40784313725490196 brake=0.0
----------------------------------------------------------
[DRIVER REACTION 1] Logical time: 9026.48 
[DRIVER REACTION 1] Physical time: 9026.99 
[DRIVER REACTION 1] LAG: 0.51 
----------------------------------------------------------
The event throttle: 0.4196078431372549
The event throttle: 0.4117647058823529
----------------------------------------------------------
[sterr,brake,accel] Logical time: 9050.58 
[sterr,brake,accel] Physical time: 9050.84 
[sterr,brake,accel] LAG: 0.26 
----------------------------------------------------------
[DRIVER STATE] accel=0.4117647058823529 brake=0.0
----------------------------------------------------------
[DRIVER REACTION 1] Logical time: 9050.58 
[DRIVER REACTION 1] Physical time: 9051.51 
[DRIVER REACTION 1] LAG: 0.93 
----------------------------------------------------------
The event throttle: 0.4196078431372549
The event throttle: 0.4117647058823529
The event throttle: 0.41568627450980394
----------------------------------------------------------
[sterr,brake,accel] Logical time: 9082.66 
[sterr,brake,accel] Physical time: 9082.95 
[sterr,brake,accel] LAG: 0.28 
----------------------------------------------------------
[DRIVER STATE] accel=0.41568627450980394 brake=0.0
----------------------------------------------------------
[DRIVER REACTION 1] Logical time: 9082.66 
[DRIVER REACTION 1] Physical time: 9083.64 
[DRIVER REACTION 1] LAG: 0.98 
----------------------------------------------------------
The event throttle: 0.4470588235294118
The event throttle: 0.4392156862745098
----------------------------------------------------------
[DRIVER] Logical time: 9100.00 
[DRIVER] Physical time: 9100.37 
[DRIVER] LAG: 0.37 
----------------------------------------------------------
The event throttle: 0.47843137254901963
----------------------------------------------------------
[sterr,brake,accel] Logical time: 9106.74 
[sterr,brake,accel] Physical time: 9106.99 
[sterr,brake,accel] LAG: 0.26 
----------------------------------------------------------
[DRIVER STATE] accel=0.47843137254901963 brake=0.0
----------------------------------------------------------
[DRIVER REACTION 1] Logical time: 9106.74 
[DRIVER REACTION 1] Physical time: 9107.66 
[DRIVER REACTION 1] LAG: 0.92 
----------------------------------------------------------
The event throttle: 0.5058823529411764
The event throttle: 0.5411764705882353
----------------------------------------------------------
[sterr,brake,accel] Logical time: 9130.60 
[sterr,brake,accel] Physical time: 9130.87 
[sterr,brake,accel] LAG: 0.27 
----------------------------------------------------------
[DRIVER STATE] accel=0.5411764705882353 brake=0.0
----------------------------------------------------------
[DRIVER REACTION 1] Logical time: 9130.60 
[DRIVER REACTION 1] Physical time: 9131.57 
[DRIVER REACTION 1] LAG: 0.97 
----------------------------------------------------------
The event throttle: 0.5568627450980392
The event throttle: 0.592156862745098
The event throttle: 0.611764705882353
----------------------------------------------------------
[sterr,brake,accel] Logical time: 9154.65 
[sterr,brake,accel] Physical time: 9154.92 
[sterr,brake,accel] LAG: 0.27 
----------------------------------------------------------
[DRIVER STATE] accel=0.611764705882353 brake=0.0
----------------------------------------------------------
[DRIVER REACTION 1] Logical time: 9154.65 
[DRIVER REACTION 1] Physical time: 9155.60 
[DRIVER REACTION 1] LAG: 0.95 
----------------------------------------------------------
The event throttle: 0.6509803921568628
The event throttle: 0.6862745098039216
The event throttle: 0.7058823529411765
----------------------------------------------------------
[sterr,brake,accel] Logical time: 9178.56 
[sterr,brake,accel] Physical time: 9178.81 
[sterr,brake,accel] LAG: 0.25 
----------------------------------------------------------
[DRIVER STATE] accel=0.7058823529411765 brake=0.0
----------------------------------------------------------
[DRIVER REACTION 1] Logical time: 9178.56 
[DRIVER REACTION 1] Physical time: 9179.44 
[DRIVER REACTION 1] LAG: 0.87 
----------------------------------------------------------
The event throttle: 0.7411764705882353
The event throttle: 0.7568627450980392
The event throttle: 0.807843137254902
[DEVICE READER CAM read] Physical time: 9204.42 
[DEVICE READER CAM read] LAG: 4.42 
----------------------------------------------------------
[DEVICE READER CAM TIMER] Logical time: 9200.00 
[DEVICE READER CAM TIMER] Physical time: 9204.65 
[DEVICE READER CAM TIMER] LAG: 4.65 
----------------------------------------------------------
----------------------------------------------------------
[DRIVER] Logical time: 9200.00 
[DRIVER] Physical time: 9205.29 
[DRIVER] LAG: 5.29 
----------------------------------------------------------
----------------------------------------------------------
[sterr,brake,accel] Logical time: 9202.84 
[sterr,brake,accel] Physical time: 9206.63 
[sterr,brake,accel] LAG: 3.79 
----------------------------------------------------------
[DRIVER STATE] accel=0.807843137254902 brake=0.0
----------------------------------------------------------
[DRIVER REACTION 1] Logical time: 9202.84 
[DRIVER REACTION 1] Physical time: 9206.96 
[DRIVER REACTION 1] LAG: 4.12 
----------------------------------------------------------
The event throttle: 0.8509803921568627
The event throttle: 0.8588235294117647
The event throttle: 0.9019607843137255
----------------------------------------------------------
[sterr,brake,accel] Logical time: 9226.57 
[sterr,brake,accel] Physical time: 9226.75 
[sterr,brake,accel] LAG: 0.19 
----------------------------------------------------------
[DRIVER STATE] accel=0.9019607843137255 brake=0.0
----------------------------------------------------------
[DRIVER REACTION 1] Logical time: 9226.57 
[DRIVER REACTION 1] Physical time: 9227.03 
[DRIVER REACTION 1] LAG: 0.46 
----------------------------------------------------------
The event throttle: 0.9490196078431372
The event throttle: 0.9568627450980393
----------------------------------------------------------
[sterr,brake,accel] Logical time: 9250.60 
[sterr,brake,accel] Physical time: 9250.76 
[sterr,brake,accel] LAG: 0.15 
----------------------------------------------------------
[DRIVER STATE] accel=0.9568627450980393 brake=0.0
----------------------------------------------------------
[DRIVER REACTION 1] Logical time: 9250.60 
[DRIVER REACTION 1] Physical time: 9251.10 
[DRIVER REACTION 1] LAG: 0.50 
----------------------------------------------------------
The event throttle: 0.9647058823529412
The event throttle: 0.9921568627450981
The event throttle: 0.996078431372549
----------------------------------------------------------
[sterr,brake,accel] Logical time: 9274.61 
[sterr,brake,accel] Physical time: 9274.76 
[sterr,brake,accel] LAG: 0.15 
----------------------------------------------------------
[DRIVER STATE] accel=0.996078431372549 brake=0.0
----------------------------------------------------------
[DRIVER REACTION 1] Logical time: 9274.61 
[DRIVER REACTION 1] Physical time: 9275.04 
[DRIVER REACTION 1] LAG: 0.43 
----------------------------------------------------------
The event throttle: 1.0
----------------------------------------------------------
[DRIVER] Logical time: 9300.00 
[DRIVER] Physical time: 9300.29 
[DRIVER] LAG: 0.29 
----------------------------------------------------------
[DEVICE READER CAM read] Physical time: 9404.49 
[DEVICE READER CAM read] LAG: 4.49 
----------------------------------------------------------
[DEVICE READER CAM TIMER] Logical time: 9400.00 
[DEVICE READER CAM TIMER] Physical time: 9404.73 
[DEVICE READER CAM TIMER] LAG: 4.73 
----------------------------------------------------------
----------------------------------------------------------
[DRIVER] Logical time: 9400.00 
[DRIVER] Physical time: 9405.39 
[DRIVER] LAG: 5.39 
----------------------------------------------------------
----------------------------------------------------------
[DRIVER] Logical time: 9500.00 
[DRIVER] Physical time: 9500.41 
[DRIVER] LAG: 0.41 
----------------------------------------------------------
The event throttle: 0.9921568627450981
----------------------------------------------------------
[sterr,brake,accel] Logical time: 9554.83 
[sterr,brake,accel] Physical time: 9555.09 
[sterr,brake,accel] LAG: 0.26 
----------------------------------------------------------
[DRIVER STATE] accel=0.9921568627450981 brake=0.0
----------------------------------------------------------
[DRIVER REACTION 1] Logical time: 9554.83 
[DRIVER REACTION 1] Physical time: 9555.71 
[DRIVER REACTION 1] LAG: 0.88 
----------------------------------------------------------
The event throttle: 0.9647058823529412
The event throttle: 0.9490196078431372
The event throttle: 0.9294117647058824
----------------------------------------------------------
[sterr,brake,accel] Logical time: 9578.61 
[sterr,brake,accel] Physical time: 9578.85 
[sterr,brake,accel] LAG: 0.23 
----------------------------------------------------------
[DRIVER STATE] accel=0.9294117647058824 brake=0.0
----------------------------------------------------------
[DRIVER REACTION 1] Logical time: 9578.61 
[DRIVER REACTION 1] Physical time: 9579.47 
[DRIVER REACTION 1] LAG: 0.85 
----------------------------------------------------------
The event throttle: 0.9019607843137255
The event throttle: 0.8666666666666667
The event throttle: 0.8313725490196079
[DEVICE READER CAM read] Physical time: 9604.01 
[DEVICE READER CAM read] LAG: 4.01 
----------------------------------------------------------
[DEVICE READER CAM TIMER] Logical time: 9600.00 
[DEVICE READER CAM TIMER] Physical time: 9604.31 
[DEVICE READER CAM TIMER] LAG: 4.31 
----------------------------------------------------------
----------------------------------------------------------
[DRIVER] Logical time: 9600.00 
[DRIVER] Physical time: 9604.92 
[DRIVER] LAG: 4.92 
----------------------------------------------------------
----------------------------------------------------------
[sterr,brake,accel] Logical time: 9602.92 
[sterr,brake,accel] Physical time: 9606.40 
[sterr,brake,accel] LAG: 3.48 
----------------------------------------------------------
[DRIVER STATE] accel=0.8313725490196079 brake=0.0
----------------------------------------------------------
[DRIVER REACTION 1] Logical time: 9602.92 
[DRIVER REACTION 1] Physical time: 9607.03 
[DRIVER REACTION 1] LAG: 4.11 
----------------------------------------------------------
The event throttle: 0.792156862745098
The event throttle: 0.7764705882352941
The event throttle: 0.7450980392156863
----------------------------------------------------------
[sterr,brake,accel] Logical time: 9626.66 
[sterr,brake,accel] Physical time: 9626.94 
[sterr,brake,accel] LAG: 0.28 
----------------------------------------------------------
[DRIVER STATE] accel=0.7450980392156863 brake=0.0
----------------------------------------------------------
[DRIVER REACTION 1] Logical time: 9626.66 
[DRIVER REACTION 1] Physical time: 9627.61 
[DRIVER REACTION 1] LAG: 0.95 
----------------------------------------------------------
The event throttle: 0.7294117647058823
The event throttle: 0.7019607843137254
The event throttle: 0.6666666666666666
----------------------------------------------------------
[sterr,brake,accel] Logical time: 9650.65 
[sterr,brake,accel] Physical time: 9650.92 
[sterr,brake,accel] LAG: 0.27 
----------------------------------------------------------
[DRIVER STATE] accel=0.6666666666666666 brake=0.0
----------------------------------------------------------
[DRIVER REACTION 1] Logical time: 9650.65 
[DRIVER REACTION 1] Physical time: 9651.56 
[DRIVER REACTION 1] LAG: 0.91 
----------------------------------------------------------
The event throttle: 0.6549019607843137
The event throttle: 0.6509803921568628
----------------------------------------------------------
[sterr,brake,accel] Logical time: 9674.72 
[sterr,brake,accel] Physical time: 9674.97 
[sterr,brake,accel] LAG: 0.25 
----------------------------------------------------------
[DRIVER STATE] accel=0.6509803921568628 brake=0.0
----------------------------------------------------------
[DRIVER REACTION 1] Logical time: 9674.72 
[DRIVER REACTION 1] Physical time: 9675.56 
[DRIVER REACTION 1] LAG: 0.84 
----------------------------------------------------------
The event throttle: 0.6392156862745098
----------------------------------------------------------
[DRIVER] Logical time: 9700.00 
[DRIVER] Physical time: 9700.37 
[DRIVER] LAG: 0.37 
----------------------------------------------------------
The event throttle: 0.6431372549019608
----------------------------------------------------------
[sterr,brake,accel] Logical time: 9714.78 
[sterr,brake,accel] Physical time: 9715.03 
[sterr,brake,accel] LAG: 0.25 
----------------------------------------------------------
[DRIVER STATE] accel=0.6431372549019608 brake=0.0
----------------------------------------------------------
[DRIVER REACTION 1] Logical time: 9714.78 
[DRIVER REACTION 1] Physical time: 9715.67 
[DRIVER REACTION 1] LAG: 0.88 
----------------------------------------------------------
The event throttle: 0.6509803921568628
The event throttle: 0.6392156862745098
The event throttle: 0.6431372549019608
----------------------------------------------------------
[sterr,brake,accel] Logical time: 9746.74 
[sterr,brake,accel] Physical time: 9747.01 
[sterr,brake,accel] LAG: 0.27 
----------------------------------------------------------
[DRIVER STATE] accel=0.6431372549019608 brake=0.0
----------------------------------------------------------
[DRIVER REACTION 1] Logical time: 9746.74 
[DRIVER REACTION 1] Physical time: 9747.70 
[DRIVER REACTION 1] LAG: 0.96 
----------------------------------------------------------
The event throttle: 0.6509803921568628
----------------------------------------------------------
[sterr,brake,accel] Logical time: 9770.78 
[sterr,brake,accel] Physical time: 9771.03 
[sterr,brake,accel] LAG: 0.25 
----------------------------------------------------------
[DRIVER STATE] accel=0.6509803921568628 brake=0.0
----------------------------------------------------------
[DRIVER REACTION 1] Logical time: 9770.78 
[DRIVER REACTION 1] Physical time: 9771.68 
[DRIVER REACTION 1] LAG: 0.90 
----------------------------------------------------------
The event throttle: 0.6196078431372549
The event throttle: 0.6549019607843137
The event throttle: 0.6509803921568628
----------------------------------------------------------
[sterr,brake,accel] Logical time: 9794.71 
[sterr,brake,accel] Physical time: 9794.97 
[sterr,brake,accel] LAG: 0.26 
----------------------------------------------------------
[DRIVER STATE] accel=0.6509803921568628 brake=0.0
----------------------------------------------------------
[DRIVER REACTION 1] Logical time: 9794.71 
[DRIVER REACTION 1] Physical time: 9795.64 
[DRIVER REACTION 1] LAG: 0.92 
----------------------------------------------------------
The event throttle: 0.6627450980392157
[DEVICE READER CAM read] Physical time: 9804.35 
[DEVICE READER CAM read] LAG: 4.35 
----------------------------------------------------------
[DEVICE READER CAM TIMER] Logical time: 9800.00 
[DEVICE READER CAM TIMER] Physical time: 9804.55 
[DEVICE READER CAM TIMER] LAG: 4.55 
----------------------------------------------------------
The event throttle: 0.6666666666666666
The event throttle: 0.6745098039215687
Faces: 0
The event throttle: 0.6862745098039216
The event throttle: 0.6784313725490196
The event throttle: 0.6862745098039216
The event throttle: 0.6823529411764706
The event throttle: 0.6980392156862745
Saved debug (no face)
----------------------------------------------------------
[FACE DETECTOR] Logical time: 9800.00 
[FACE DETECTOR] Physical time: 9871.02 
[FACE DETECTOR] LAG: 71.02 
----------------------------------------------------------
[DRIVER STATE] accel=0.6509803921568628 brake=0.0
----------------------------------------------------------
[DRIVER REACTION 1] Logical time: 9800.00 
[DRIVER REACTION 1] Physical time: 9871.38 
[DRIVER REACTION 1] LAG: 71.38 
----------------------------------------------------------
----------------------------------------------------------
[DRIVER] Logical time: 9800.00 
[DRIVER] Physical time: 9871.52 
[DRIVER] LAG: 71.52 
----------------------------------------------------------
----------------------------------------------------------
[sterr,brake,accel] Logical time: 9826.66 
[sterr,brake,accel] Physical time: 9872.05 
[sterr,brake,accel] LAG: 45.39 
----------------------------------------------------------
[DRIVER STATE] accel=0.6745098039215687 brake=0.0
----------------------------------------------------------
[DRIVER REACTION 1] Logical time: 9826.66 
[DRIVER REACTION 1] Physical time: 9872.41 
[DRIVER REACTION 1] LAG: 45.75 
----------------------------------------------------------
----------------------------------------------------------
[sterr,brake,accel] Logical time: 9850.64 
[sterr,brake,accel] Physical time: 9872.57 
[sterr,brake,accel] LAG: 21.93 
----------------------------------------------------------
[DRIVER STATE] accel=0.6862745098039216 brake=0.0
----------------------------------------------------------
[DRIVER REACTION 1] Logical time: 9850.64 
[DRIVER REACTION 1] Physical time: 9872.80 
[DRIVER REACTION 1] LAG: 22.16 
----------------------------------------------------------
The event throttle: 0.7058823529411765
----------------------------------------------------------
[sterr,brake,accel] Logical time: 9874.63 
[sterr,brake,accel] Physical time: 9874.74 
[sterr,brake,accel] LAG: 0.10 
----------------------------------------------------------
[DRIVER STATE] accel=0.7058823529411765 brake=0.0
----------------------------------------------------------
[DRIVER REACTION 1] Logical time: 9874.63 
[DRIVER REACTION 1] Physical time: 9875.00 
[DRIVER REACTION 1] LAG: 0.36 
----------------------------------------------------------
The event throttle: 0.7294117647058823
The event throttle: 0.7333333333333333
The event throttle: 0.7529411764705882
----------------------------------------------------------
[sterr,brake,accel] Logical time: 9898.68 
[sterr,brake,accel] Physical time: 9898.92 
[sterr,brake,accel] LAG: 0.24 
----------------------------------------------------------
[DRIVER STATE] accel=0.7529411764705882 brake=0.0
----------------------------------------------------------
[DRIVER REACTION 1] Logical time: 9898.68 
[DRIVER REACTION 1] Physical time: 9899.56 
[DRIVER REACTION 1] LAG: 0.89 
----------------------------------------------------------
----------------------------------------------------------
[DRIVER] Logical time: 9900.00 
[DRIVER] Physical time: 9900.32 
[DRIVER] LAG: 0.32 
----------------------------------------------------------
The event throttle: 0.7490196078431373
The event throttle: 0.7803921568627451
----------------------------------------------------------
[sterr,brake,accel] Logical time: 9922.78 
[sterr,brake,accel] Physical time: 9922.94 
[sterr,brake,accel] LAG: 0.17 
----------------------------------------------------------
[DRIVER STATE] accel=0.7803921568627451 brake=0.0
----------------------------------------------------------
[DRIVER REACTION 1] Logical time: 9922.78 
[DRIVER REACTION 1] Physical time: 9923.29 
[DRIVER REACTION 1] LAG: 0.51 
----------------------------------------------------------
The event throttle: 0.8
The event throttle: 0.807843137254902
The event throttle: 0.8313725490196079
----------------------------------------------------------
[sterr,brake,accel] Logical time: 9946.72 
[sterr,brake,accel] Physical time: 9946.88 
[sterr,brake,accel] LAG: 0.16 
----------------------------------------------------------
[DRIVER STATE] accel=0.8313725490196079 brake=0.0
----------------------------------------------------------
[DRIVER REACTION 1] Logical time: 9946.72 
[DRIVER REACTION 1] Physical time: 9947.22 
[DRIVER REACTION 1] LAG: 0.50 
----------------------------------------------------------
The event throttle: 0.8431372549019608
The event throttle: 0.8823529411764706
The event throttle: 0.8862745098039215
----------------------------------------------------------
[sterr,brake,accel] Logical time: 9970.69 
[sterr,brake,accel] Physical time: 9970.85 
[sterr,brake,accel] LAG: 0.16 
----------------------------------------------------------
[DRIVER STATE] accel=0.8862745098039215 brake=0.0
----------------------------------------------------------
[DRIVER REACTION 1] Logical time: 9970.69 
[DRIVER REACTION 1] Physical time: 9971.14 
[DRIVER REACTION 1] LAG: 0.45 
----------------------------------------------------------
The event throttle: 0.9058823529411765
The event throttle: 0.9215686274509803
The event throttle: 0.9450980392156862
----------------------------------------------------------
[sterr,brake,accel] Logical time: 9994.70 
[sterr,brake,accel] Physical time: 9994.91 
[sterr,brake,accel] LAG: 0.21 
----------------------------------------------------------
[DRIVER STATE] accel=0.9450980392156862 brake=0.0
----------------------------------------------------------
[DRIVER REACTION 1] Logical time: 9994.70 
[DRIVER REACTION 1] Physical time: 9995.27 
[DRIVER REACTION 1] LAG: 0.57 
----------------------------------------------------------
[DEVICE READER CAM read] Physical time: 10007.80 
[DEVICE READER CAM read] LAG: 7.80 
----------------------------------------------------------
[DEVICE READER CAM TIMER] Logical time: 10000.00 
[DEVICE READER CAM TIMER] Physical time: 10008.00 
[DEVICE READER CAM TIMER] LAG: 8.00 
----------------------------------------------------------
----------------------------------------------------------
[DRIVER] Logical time: 10000.00 
[DRIVER] Physical time: 10008.46 
[DRIVER] LAG: 8.46 
----------------------------------------------------------
The event throttle: 0.9529411764705882
The event throttle: 0.9607843137254902
----------------------------------------------------------
[sterr,brake,accel] Logical time: 10026.61 
[sterr,brake,accel] Physical time: 10026.80 
[sterr,brake,accel] LAG: 0.19 
----------------------------------------------------------
[DRIVER STATE] accel=0.9607843137254902 brake=0.0
----------------------------------------------------------
[DRIVER REACTION 1] Logical time: 10026.61 
[DRIVER REACTION 1] Physical time: 10027.28 
[DRIVER REACTION 1] LAG: 0.68 
----------------------------------------------------------
The event throttle: 0.9764705882352941
The event throttle: 0.9725490196078431
The event throttle: 0.9764705882352941
----------------------------------------------------------
[sterr,brake,accel] Logical time: 10050.70 
[sterr,brake,accel] Physical time: 10050.96 
[sterr,brake,accel] LAG: 0.27 
----------------------------------------------------------
[DRIVER STATE] accel=0.9764705882352941 brake=0.0
----------------------------------------------------------
[DRIVER REACTION 1] Logical time: 10050.70 
[DRIVER REACTION 1] Physical time: 10051.65 
[DRIVER REACTION 1] LAG: 0.95 
----------------------------------------------------------
----------------------------------------------------------
[DRIVER] Logical time: 10100.00 
[DRIVER] Physical time: 10100.59 
[DRIVER] LAG: 0.59 
----------------------------------------------------------
The event throttle: 0.9725490196078431
----------------------------------------------------------
[sterr,brake,accel] Logical time: 10114.81 
[sterr,brake,accel] Physical time: 10115.04 
[sterr,brake,accel] LAG: 0.23 
----------------------------------------------------------
[DRIVER STATE] accel=0.9725490196078431 brake=0.0
----------------------------------------------------------
[DRIVER REACTION 1] Logical time: 10114.81 
[DRIVER REACTION 1] Physical time: 10115.62 
[DRIVER REACTION 1] LAG: 0.81 
----------------------------------------------------------
The event throttle: 0.9764705882352941
The event throttle: 0.9725490196078431
The event throttle: 0.9764705882352941
----------------------------------------------------------
[sterr,brake,accel] Logical time: 10138.78 
[sterr,brake,accel] Physical time: 10139.04 
[sterr,brake,accel] LAG: 0.26 
----------------------------------------------------------
[DRIVER STATE] accel=0.9764705882352941 brake=0.0
----------------------------------------------------------
[DRIVER REACTION 1] Logical time: 10138.78 
[DRIVER REACTION 1] Physical time: 10139.70 
[DRIVER REACTION 1] LAG: 0.92 
----------------------------------------------------------
The event throttle: 0.9725490196078431
----------------------------------------------------------
[sterr,brake,accel] Logical time: 10170.81 
[sterr,brake,accel] Physical time: 10171.04 
[sterr,brake,accel] LAG: 0.23 
----------------------------------------------------------
[DRIVER STATE] accel=0.9725490196078431 brake=0.0
----------------------------------------------------------
[DRIVER REACTION 1] Logical time: 10170.81 
[DRIVER REACTION 1] Physical time: 10171.60 
[DRIVER REACTION 1] LAG: 0.79 
----------------------------------------------------------
The event throttle: 0.9921568627450981
The event throttle: 0.9686274509803922
The event throttle: 0.9607843137254902
[DEVICE READER CAM read] Physical time: 10204.38 
[DEVICE READER CAM read] LAG: 4.38 
----------------------------------------------------------
[DEVICE READER CAM TIMER] Logical time: 10200.00 
[DEVICE READER CAM TIMER] Physical time: 10204.61 
[DEVICE READER CAM TIMER] LAG: 4.61 
----------------------------------------------------------
----------------------------------------------------------
[DRIVER] Logical time: 10200.00 
[DRIVER] Physical time: 10205.22 
[DRIVER] LAG: 5.22 
----------------------------------------------------------
----------------------------------------------------------
[sterr,brake,accel] Logical time: 10202.99 
[sterr,brake,accel] Physical time: 10206.86 
[sterr,brake,accel] LAG: 3.88 
----------------------------------------------------------
[DRIVER STATE] accel=0.9607843137254902 brake=0.0
----------------------------------------------------------
[DRIVER REACTION 1] Logical time: 10202.99 
[DRIVER REACTION 1] Physical time: 10207.48 
[DRIVER REACTION 1] LAG: 4.49 
----------------------------------------------------------
The event throttle: 0.9529411764705882
The event throttle: 0.9490196078431372
The event throttle: 0.9450980392156862
----------------------------------------------------------
[sterr,brake,accel] Logical time: 10226.66 
[sterr,brake,accel] Physical time: 10226.85 
[sterr,brake,accel] LAG: 0.19 
----------------------------------------------------------
[DRIVER STATE] accel=0.9450980392156862 brake=0.0
----------------------------------------------------------
[DRIVER REACTION 1] Logical time: 10226.66 
[DRIVER REACTION 1] Physical time: 10227.32 
[DRIVER REACTION 1] LAG: 0.66 
----------------------------------------------------------
The event throttle: 0.9333333333333333
The event throttle: 0.9254901960784314
The event throttle: 0.9058823529411765
----------------------------------------------------------
[sterr,brake,accel] Logical time: 10250.69 
[sterr,brake,accel] Physical time: 10250.92 
[sterr,brake,accel] LAG: 0.23 
----------------------------------------------------------
[DRIVER STATE] accel=0.9058823529411765 brake=0.0
----------------------------------------------------------
[DRIVER REACTION 1] Logical time: 10250.69 
[DRIVER REACTION 1] Physical time: 10251.52 
[DRIVER REACTION 1] LAG: 0.82 
----------------------------------------------------------
The event throttle: 0.8901960784313725
The event throttle: 0.8705882352941177
The event throttle: 0.8588235294117647
----------------------------------------------------------
[sterr,brake,accel] Logical time: 10274.76 
[sterr,brake,accel] Physical time: 10275.03 
[sterr,brake,accel] LAG: 0.27 
----------------------------------------------------------
[DRIVER STATE] accel=0.8588235294117647 brake=0.0
----------------------------------------------------------
[DRIVER REACTION 1] Logical time: 10274.76 
[DRIVER REACTION 1] Physical time: 10275.74 
[DRIVER REACTION 1] LAG: 0.98 
----------------------------------------------------------
The event throttle: 0.8313725490196079
The event throttle: 0.8
The event throttle: 0.788235294117647
----------------------------------------------------------
[sterr,brake,accel] Logical time: 10298.73 
[sterr,brake,accel] Physical time: 10298.96 
[sterr,brake,accel] LAG: 0.24 
----------------------------------------------------------
[DRIVER STATE] accel=0.788235294117647 brake=0.0
----------------------------------------------------------
[DRIVER REACTION 1] Logical time: 10298.73 
[DRIVER REACTION 1] Physical time: 10299.65 
[DRIVER REACTION 1] LAG: 0.92 
----------------------------------------------------------
----------------------------------------------------------
[DRIVER] Logical time: 10300.00 
[DRIVER] Physical time: 10300.31 
[DRIVER] LAG: 0.31 
----------------------------------------------------------
The event throttle: 0.7568627450980392
The event throttle: 0.7529411764705882
The event throttle: 0.7176470588235294
----------------------------------------------------------
[sterr,brake,accel] Logical time: 10322.72 
[sterr,brake,accel] Physical time: 10322.95 
[sterr,brake,accel] LAG: 0.22 
----------------------------------------------------------
[DRIVER STATE] accel=0.7176470588235294 brake=0.0
----------------------------------------------------------
[DRIVER REACTION 1] Logical time: 10322.72 
[DRIVER REACTION 1] Physical time: 10323.66 
[DRIVER REACTION 1] LAG: 0.93 
----------------------------------------------------------
The event throttle: 0.6901960784313725
The event throttle: 0.6823529411764706
The event throttle: 0.6509803921568628
----------------------------------------------------------
[sterr,brake,accel] Logical time: 10346.76 
[sterr,brake,accel] Physical time: 10347.03 
[sterr,brake,accel] LAG: 0.27 
----------------------------------------------------------
[DRIVER STATE] accel=0.6509803921568628 brake=0.0
----------------------------------------------------------
[DRIVER REACTION 1] Logical time: 10346.76 
[DRIVER REACTION 1] Physical time: 10347.73 
[DRIVER REACTION 1] LAG: 0.97 
----------------------------------------------------------
The event throttle: 0.6352941176470588
The event throttle: 0.6039215686274509
The event throttle: 0.5764705882352941
----------------------------------------------------------
[sterr,brake,accel] Logical time: 10370.72 
[sterr,brake,accel] Physical time: 10370.97 
[sterr,brake,accel] LAG: 0.25 
----------------------------------------------------------
[DRIVER STATE] accel=0.5764705882352941 brake=0.0
----------------------------------------------------------
[DRIVER REACTION 1] Logical time: 10370.72 
[DRIVER REACTION 1] Physical time: 10371.58 
[DRIVER REACTION 1] LAG: 0.87 
----------------------------------------------------------
The event throttle: 0.5686274509803921
The event throttle: 0.5372549019607843
The event throttle: 0.5254901960784314
----------------------------------------------------------
[sterr,brake,accel] Logical time: 10394.79 
[sterr,brake,accel] Physical time: 10395.04 
[sterr,brake,accel] LAG: 0.25 
----------------------------------------------------------
[DRIVER STATE] accel=0.5254901960784314 brake=0.0
----------------------------------------------------------
[DRIVER REACTION 1] Logical time: 10394.79 
[DRIVER REACTION 1] Physical time: 10395.73 
[DRIVER REACTION 1] LAG: 0.94 
----------------------------------------------------------
The event throttle: 0.5098039215686274
[DEVICE READER CAM read] Physical time: 10404.59 
[DEVICE READER CAM read] LAG: 4.59 
----------------------------------------------------------
[DEVICE READER CAM TIMER] Logical time: 10400.00 
[DEVICE READER CAM TIMER] Physical time: 10404.88 
[DEVICE READER CAM TIMER] LAG: 4.88 
----------------------------------------------------------
----------------------------------------------------------
[DRIVER] Logical time: 10400.00 
[DRIVER] Physical time: 10405.51 
[DRIVER] LAG: 5.51 
----------------------------------------------------------
The event throttle: 0.48627450980392156
The event throttle: 0.49411764705882355
----------------------------------------------------------
[sterr,brake,accel] Logical time: 10418.74 
[sterr,brake,accel] Physical time: 10418.87 
[sterr,brake,accel] LAG: 0.13 
----------------------------------------------------------
[DRIVER STATE] accel=0.49411764705882355 brake=0.0
----------------------------------------------------------
[DRIVER REACTION 1] Logical time: 10418.74 
[DRIVER REACTION 1] Physical time: 10419.08 
[DRIVER REACTION 1] LAG: 0.34 
----------------------------------------------------------
The event throttle: 0.49019607843137253
The event throttle: 0.49411764705882355
The event throttle: 0.5058823529411764
----------------------------------------------------------
[sterr,brake,accel] Logical time: 10450.77 
[sterr,brake,accel] Physical time: 10450.93 
[sterr,brake,accel] LAG: 0.16 
----------------------------------------------------------
[DRIVER STATE] accel=0.5058823529411764 brake=0.0
----------------------------------------------------------
[DRIVER REACTION 1] Logical time: 10450.77 
[DRIVER REACTION 1] Physical time: 10451.26 
[DRIVER REACTION 1] LAG: 0.49 
----------------------------------------------------------
The event throttle: 0.5137254901960784
The event throttle: 0.5411764705882353
The event throttle: 0.5647058823529412
----------------------------------------------------------
[sterr,brake,accel] Logical time: 10474.74 
[sterr,brake,accel] Physical time: 10474.88 
[sterr,brake,accel] LAG: 0.15 
----------------------------------------------------------
[DRIVER STATE] accel=0.5647058823529412 brake=0.0
----------------------------------------------------------
[DRIVER REACTION 1] Logical time: 10474.74 
[DRIVER REACTION 1] Physical time: 10475.14 
[DRIVER REACTION 1] LAG: 0.40 
----------------------------------------------------------
The event throttle: 0.6078431372549019
The event throttle: 0.6470588235294118
The event throttle: 0.6784313725490196
----------------------------------------------------------
[sterr,brake,accel] Logical time: 10498.80 
[sterr,brake,accel] Physical time: 10498.96 
[sterr,brake,accel] LAG: 0.16 
----------------------------------------------------------
[DRIVER STATE] accel=0.6784313725490196 brake=0.0
----------------------------------------------------------
[DRIVER REACTION 1] Logical time: 10498.80 
[DRIVER REACTION 1] Physical time: 10499.32 
[DRIVER REACTION 1] LAG: 0.52 
----------------------------------------------------------
----------------------------------------------------------
[DRIVER] Logical time: 10500.00 
[DRIVER] Physical time: 10500.42 
[DRIVER] LAG: 0.42 
----------------------------------------------------------
The event throttle: 0.7411764705882353
The event throttle: 0.7647058823529411
The event throttle: 0.8235294117647058
----------------------------------------------------------
[sterr,brake,accel] Logical time: 10522.75 
[sterr,brake,accel] Physical time: 10523.01 
[sterr,brake,accel] LAG: 0.26 
----------------------------------------------------------
[DRIVER STATE] accel=0.8235294117647058 brake=0.0
----------------------------------------------------------
[DRIVER REACTION 1] Logical time: 10522.75 
[DRIVER REACTION 1] Physical time: 10523.68 
[DRIVER REACTION 1] LAG: 0.93 
----------------------------------------------------------
The event throttle: 0.8862745098039215
The event throttle: 0.9137254901960784
The event throttle: 0.9529411764705882
----------------------------------------------------------
[sterr,brake,accel] Logical time: 10546.81 
[sterr,brake,accel] Physical time: 10547.11 
[sterr,brake,accel] LAG: 0.29 
----------------------------------------------------------
[DRIVER STATE] accel=0.9529411764705882 brake=0.0
----------------------------------------------------------
[DRIVER REACTION 1] Logical time: 10546.81 
[DRIVER REACTION 1] Physical time: 10547.78 
[DRIVER REACTION 1] LAG: 0.97 
----------------------------------------------------------
The event throttle: 0.9803921568627451
The event throttle: 1.0
[DEVICE READER CAM read] Physical time: 10604.52 
[DEVICE READER CAM read] LAG: 4.52 
----------------------------------------------------------
[DEVICE READER CAM TIMER] Logical time: 10600.00 
[DEVICE READER CAM TIMER] Physical time: 10604.77 
[DEVICE READER CAM TIMER] LAG: 4.77 
----------------------------------------------------------
----------------------------------------------------------
[DRIVER] Logical time: 10600.00 
[DRIVER] Physical time: 10605.60 
[DRIVER] LAG: 5.60 
----------------------------------------------------------
----------------------------------------------------------
[DRIVER] Logical time: 10700.00 
[DRIVER] Physical time: 10700.33 
[DRIVER] LAG: 0.33 
----------------------------------------------------------
The event throttle: 0.9882352941176471
----------------------------------------------------------
[sterr,brake,accel] Logical time: 10714.91 
[sterr,brake,accel] Physical time: 10715.20 
[sterr,brake,accel] LAG: 0.30 
----------------------------------------------------------
[DRIVER STATE] accel=0.9882352941176471 brake=0.0
----------------------------------------------------------
[DRIVER REACTION 1] Logical time: 10714.91 
[DRIVER REACTION 1] Physical time: 10715.87 
[DRIVER REACTION 1] LAG: 0.97 
----------------------------------------------------------
The event throttle: 0.9568627450980393
The event throttle: 0.9411764705882353
The event throttle: 0.9215686274509803
----------------------------------------------------------
[sterr,brake,accel] Logical time: 10738.82 
[sterr,brake,accel] Physical time: 10739.09 
[sterr,brake,accel] LAG: 0.27 
----------------------------------------------------------
[DRIVER STATE] accel=0.9215686274509803 brake=0.0
----------------------------------------------------------
[DRIVER REACTION 1] Logical time: 10738.82 
[DRIVER REACTION 1] Physical time: 10739.76 
[DRIVER REACTION 1] LAG: 0.94 
----------------------------------------------------------
The event throttle: 0.8666666666666667
The event throttle: 0.8313725490196079
----------------------------------------------------------
[sterr,brake,accel] Logical time: 10762.86 
[sterr,brake,accel] Physical time: 10763.14 
[sterr,brake,accel] LAG: 0.28 
----------------------------------------------------------
[DRIVER STATE] accel=0.8313725490196079 brake=0.0
----------------------------------------------------------
[DRIVER REACTION 1] Logical time: 10762.86 
[DRIVER REACTION 1] Physical time: 10763.80 
[DRIVER REACTION 1] LAG: 0.94 
----------------------------------------------------------
The event throttle: 0.796078431372549
The event throttle: 0.7725490196078432
The event throttle: 0.7411764705882353
----------------------------------------------------------
[sterr,brake,accel] Logical time: 10786.79 
[sterr,brake,accel] Physical time: 10787.06 
[sterr,brake,accel] LAG: 0.27 
----------------------------------------------------------
[DRIVER STATE] accel=0.7411764705882353 brake=0.0
----------------------------------------------------------
[DRIVER REACTION 1] Logical time: 10786.79 
[DRIVER REACTION 1] Physical time: 10787.73 
[DRIVER REACTION 1] LAG: 0.94 
----------------------------------------------------------
The event throttle: 0.7176470588235294
The event throttle: 0.6823529411764706
[DEVICE READER CAM read] Physical time: 10804.04 
[DEVICE READER CAM read] LAG: 4.04 
----------------------------------------------------------
[DEVICE READER CAM TIMER] Logical time: 10800.00 
[DEVICE READER CAM TIMER] Physical time: 10804.33 
[DEVICE READER CAM TIMER] LAG: 4.33 
----------------------------------------------------------
The event throttle: 0.6274509803921569
The event throttle: 0.6039215686274509
The event throttle: 0.5568627450980392
The event throttle: 0.5294117647058824
Faces: 0
The event throttle: 0.4823529411764706
The event throttle: 0.43529411764705883
The event throttle: 0.41568627450980394
The event throttle: 0.3843137254901961
Saved debug (no face)
----------------------------------------------------------
[FACE DETECTOR] Logical time: 10800.00 
[FACE DETECTOR] Physical time: 10872.84 
[FACE DETECTOR] LAG: 72.84 
----------------------------------------------------------
[DRIVER STATE] accel=0.7411764705882353 brake=0.0
----------------------------------------------------------
[DRIVER REACTION 1] Logical time: 10800.00 
[DRIVER REACTION 1] Physical time: 10873.25 
[DRIVER REACTION 1] LAG: 73.25 
----------------------------------------------------------
----------------------------------------------------------
[DRIVER] Logical time: 10800.00 
[DRIVER] Physical time: 10873.43 
[DRIVER] LAG: 73.43 
----------------------------------------------------------
----------------------------------------------------------
[sterr,brake,accel] Logical time: 10811.12 
[sterr,brake,accel] Physical time: 10874.00 
[sterr,brake,accel] LAG: 62.88 
----------------------------------------------------------
[DRIVER STATE] accel=0.6274509803921569 brake=0.0
----------------------------------------------------------
[DRIVER REACTION 1] Logical time: 10811.12 
[DRIVER REACTION 1] Physical time: 10874.31 
[DRIVER REACTION 1] LAG: 63.20 
----------------------------------------------------------
----------------------------------------------------------
[sterr,brake,accel] Logical time: 10834.71 
[sterr,brake,accel] Physical time: 10874.47 
[sterr,brake,accel] LAG: 39.76 
----------------------------------------------------------
[DRIVER STATE] accel=0.5294117647058824 brake=0.0
The event throttle: 0.37254901960784315
----------------------------------------------------------
[DRIVER REACTION 1] Logical time: 10834.71 
[DRIVER REACTION 1] Physical time: 10874.82 
[DRIVER REACTION 1] LAG: 40.11 
----------------------------------------------------------
----------------------------------------------------------
[sterr,brake,accel] Logical time: 10858.77 
[sterr,brake,accel] Physical time: 10874.99 
[sterr,brake,accel] LAG: 16.22 
----------------------------------------------------------
[DRIVER STATE] accel=0.41568627450980394 brake=0.0
----------------------------------------------------------
[DRIVER REACTION 1] Logical time: 10858.77 
[DRIVER REACTION 1] Physical time: 10875.26 
[DRIVER REACTION 1] LAG: 16.49 
----------------------------------------------------------
The event throttle: 0.3411764705882353
----------------------------------------------------------
[sterr,brake,accel] Logical time: 10882.77 
[sterr,brake,accel] Physical time: 10882.91 
[sterr,brake,accel] LAG: 0.14 
----------------------------------------------------------
[DRIVER STATE] accel=0.3411764705882353 brake=0.0
----------------------------------------------------------
[DRIVER REACTION 1] Logical time: 10882.77 
[DRIVER REACTION 1] Physical time: 10883.31 
[DRIVER REACTION 1] LAG: 0.54 
----------------------------------------------------------
The event throttle: 0.3215686274509804
The event throttle: 0.3137254901960784
----------------------------------------------------------
[DRIVER] Logical time: 10900.00 
[DRIVER] Physical time: 10900.34 
[DRIVER] LAG: 0.34 
----------------------------------------------------------
The event throttle: 0.30196078431372547
----------------------------------------------------------
[sterr,brake,accel] Logical time: 10906.93 
[sterr,brake,accel] Physical time: 10907.21 
[sterr,brake,accel] LAG: 0.28 
----------------------------------------------------------
[DRIVER STATE] accel=0.30196078431372547 brake=0.0
----------------------------------------------------------
[DRIVER REACTION 1] Logical time: 10906.93 
[DRIVER REACTION 1] Physical time: 10907.79 
[DRIVER REACTION 1] LAG: 0.86 
----------------------------------------------------------
The event throttle: 0.2980392156862745
The event throttle: 0.29411764705882354
The event throttle: 0.2901960784313726
----------------------------------------------------------
[sterr,brake,accel] Logical time: 10938.93 
[sterr,brake,accel] Physical time: 10939.24 
[sterr,brake,accel] LAG: 0.31 
----------------------------------------------------------
[DRIVER STATE] accel=0.2901960784313726 brake=0.0
----------------------------------------------------------
[DRIVER REACTION 1] Logical time: 10938.93 
[DRIVER REACTION 1] Physical time: 10939.90 
[DRIVER REACTION 1] LAG: 0.97 
----------------------------------------------------------
The event throttle: 0.30196078431372547
----------------------------------------------------------
[sterr,brake,accel] Logical time: 10971.01 
[sterr,brake,accel] Physical time: 10971.36 
[sterr,brake,accel] LAG: 0.35 
----------------------------------------------------------
[DRIVER STATE] accel=0.30196078431372547 brake=0.0
----------------------------------------------------------
[DRIVER REACTION 1] Logical time: 10971.01 
[DRIVER REACTION 1] Physical time: 10972.10 
[DRIVER REACTION 1] LAG: 1.08 
----------------------------------------------------------
The event throttle: 0.30980392156862746
The event throttle: 0.3333333333333333
The event throttle: 0.3411764705882353
----------------------------------------------------------
[sterr,brake,accel] Logical time: 10994.81 
[sterr,brake,accel] Physical time: 10995.05 
[sterr,brake,accel] LAG: 0.23 
----------------------------------------------------------
[DRIVER STATE] accel=0.3411764705882353 brake=0.0
----------------------------------------------------------
[DRIVER REACTION 1] Logical time: 10994.81 
[DRIVER REACTION 1] Physical time: 10995.63 
[DRIVER REACTION 1] LAG: 0.82 
----------------------------------------------------------
The event throttle: 0.3764705882352941
[DEVICE READER CAM read] Physical time: 11004.37 
[DEVICE READER CAM read] LAG: 4.37 
----------------------------------------------------------
[DEVICE READER CAM TIMER] Logical time: 11000.00 
[DEVICE READER CAM TIMER] Physical time: 11004.59 
[DEVICE READER CAM TIMER] LAG: 4.59 
----------------------------------------------------------
----------------------------------------------------------
[DRIVER] Logical time: 11000.00 
[DRIVER] Physical time: 11005.27 
[DRIVER] LAG: 5.27 
----------------------------------------------------------
The event throttle: 0.4117647058823529
The event throttle: 0.43529411764705883
----------------------------------------------------------
[sterr,brake,accel] Logical time: 11018.83 
[sterr,brake,accel] Physical time: 11019.05 
[sterr,brake,accel] LAG: 0.22 
----------------------------------------------------------
[DRIVER STATE] accel=0.43529411764705883 brake=0.0
----------------------------------------------------------
[DRIVER REACTION 1] Logical time: 11018.83 
[DRIVER REACTION 1] Physical time: 11019.60 
[DRIVER REACTION 1] LAG: 0.77 
----------------------------------------------------------
The event throttle: 0.48627450980392156
The event throttle: 0.5137254901960784
The event throttle: 0.5764705882352941
----------------------------------------------------------
[sterr,brake,accel] Logical time: 11042.80 
[sterr,brake,accel] Physical time: 11043.05 
[sterr,brake,accel] LAG: 0.25 
----------------------------------------------------------
[DRIVER STATE] accel=0.5764705882352941 brake=0.0
----------------------------------------------------------
[DRIVER REACTION 1] Logical time: 11042.80 
[DRIVER REACTION 1] Physical time: 11043.63 
[DRIVER REACTION 1] LAG: 0.83 
----------------------------------------------------------
The event throttle: 0.6196078431372549
The event throttle: 0.6431372549019608
The event throttle: 0.6980392156862745
----------------------------------------------------------
[sterr,brake,accel] Logical time: 11066.83 
[sterr,brake,accel] Physical time: 11067.09 
[sterr,brake,accel] LAG: 0.26 
----------------------------------------------------------
[DRIVER STATE] accel=0.6980392156862745 brake=0.0
----------------------------------------------------------
[DRIVER REACTION 1] Logical time: 11066.83 
[DRIVER REACTION 1] Physical time: 11067.81 
[DRIVER REACTION 1] LAG: 0.98 
----------------------------------------------------------
The event throttle: 0.7176470588235294
The event throttle: 0.7568627450980392
The event throttle: 0.8
----------------------------------------------------------
[sterr,brake,accel] Logical time: 11090.80 
[sterr,brake,accel] Physical time: 11091.05 
[sterr,brake,accel] LAG: 0.25 
----------------------------------------------------------
[DRIVER STATE] accel=0.8 brake=0.0
----------------------------------------------------------
[DRIVER REACTION 1] Logical time: 11090.80 
[DRIVER REACTION 1] Physical time: 11091.86 
[DRIVER REACTION 1] LAG: 1.05 
----------------------------------------------------------
The event throttle: 0.8196078431372549
----------------------------------------------------------
[DRIVER] Logical time: 11100.00 
[DRIVER] Physical time: 11100.47 
[DRIVER] LAG: 0.47 
----------------------------------------------------------
The event throttle: 0.8509803921568627
The event throttle: 0.8627450980392157
----------------------------------------------------------
[sterr,brake,accel] Logical time: 11114.89 
[sterr,brake,accel] Physical time: 11115.12 
[sterr,brake,accel] LAG: 0.23 
----------------------------------------------------------
[DRIVER STATE] accel=0.8627450980392157 brake=0.0
----------------------------------------------------------
[DRIVER REACTION 1] Logical time: 11114.89 
[DRIVER REACTION 1] Physical time: 11115.68 
[DRIVER REACTION 1] LAG: 0.79 
----------------------------------------------------------
The event throttle: 0.8823529411764706
The event throttle: 0.8862745098039215
The event throttle: 0.8901960784313725
----------------------------------------------------------
[sterr,brake,accel] Logical time: 11138.84 
[sterr,brake,accel] Physical time: 11139.11 
[sterr,brake,accel] LAG: 0.27 
----------------------------------------------------------
[DRIVER STATE] accel=0.8901960784313725 brake=0.0
----------------------------------------------------------
[DRIVER REACTION 1] Logical time: 11138.84 
[DRIVER REACTION 1] Physical time: 11139.79 
[DRIVER REACTION 1] LAG: 0.95 
----------------------------------------------------------
The event throttle: 0.8941176470588236
----------------------------------------------------------
[sterr,brake,accel] Logical time: 11163.05 
[sterr,brake,accel] Physical time: 11163.36 
[sterr,brake,accel] LAG: 0.31 
----------------------------------------------------------
[DRIVER STATE] accel=0.8941176470588236 brake=0.0
----------------------------------------------------------
[DRIVER REACTION 1] Logical time: 11163.05 
[DRIVER REACTION 1] Physical time: 11163.97 
[DRIVER REACTION 1] LAG: 0.92 
----------------------------------------------------------
The event throttle: 0.8901960784313725
[DEVICE READER CAM read] Physical time: 11205.06 
[DEVICE READER CAM read] LAG: 5.06 
----------------------------------------------------------
[DEVICE READER CAM TIMER] Logical time: 11200.00 
[DEVICE READER CAM TIMER] Physical time: 11205.36 
[DEVICE READER CAM TIMER] LAG: 5.36 
----------------------------------------------------------
----------------------------------------------------------
[DRIVER] Logical time: 11200.00 
[DRIVER] Physical time: 11206.05 
[DRIVER] LAG: 6.05 
----------------------------------------------------------
The event throttle: 0.8941176470588236
----------------------------------------------------------
[sterr,brake,accel] Logical time: 11226.97 
[sterr,brake,accel] Physical time: 11227.27 
[sterr,brake,accel] LAG: 0.30 
----------------------------------------------------------
[DRIVER STATE] accel=0.8941176470588236 brake=0.0
----------------------------------------------------------
[DRIVER REACTION 1] Logical time: 11226.97 
[DRIVER REACTION 1] Physical time: 11227.84 
[DRIVER REACTION 1] LAG: 0.88 
----------------------------------------------------------
The event throttle: 0.8980392156862745
----------------------------------------------------------
[sterr,brake,accel] Logical time: 11251.09 
[sterr,brake,accel] Physical time: 11251.42 
[sterr,brake,accel] LAG: 0.33 
----------------------------------------------------------
[DRIVER STATE] accel=0.8980392156862745 brake=0.0
----------------------------------------------------------
[DRIVER REACTION 1] Logical time: 11251.09 
[DRIVER REACTION 1] Physical time: 11252.10 
[DRIVER REACTION 1] LAG: 1.02 
----------------------------------------------------------
The event throttle: 0.9019607843137255
----------------------------------------------------------
[sterr,brake,accel] Logical time: 11274.95 
[sterr,brake,accel] Physical time: 11275.29 
[sterr,brake,accel] LAG: 0.35 
----------------------------------------------------------
[DRIVER STATE] accel=0.9019607843137255 brake=0.0
----------------------------------------------------------
[DRIVER REACTION 1] Logical time: 11274.95 
[DRIVER REACTION 1] Physical time: 11275.93 
[DRIVER REACTION 1] LAG: 0.98 
----------------------------------------------------------
The event throttle: 0.8980392156862745
----------------------------------------------------------
[DRIVER] Logical time: 11300.00 
[DRIVER] Physical time: 11300.47 
[DRIVER] LAG: 0.47 
----------------------------------------------------------
The event throttle: 0.8901960784313725
----------------------------------------------------------
[sterr,brake,accel] Logical time: 11322.98 
[sterr,brake,accel] Physical time: 11323.13 
[sterr,brake,accel] LAG: 0.15 
----------------------------------------------------------
[DRIVER STATE] accel=0.8901960784313725 brake=0.0
----------------------------------------------------------
[DRIVER REACTION 1] Logical time: 11322.98 
[DRIVER REACTION 1] Physical time: 11323.49 
[DRIVER REACTION 1] LAG: 0.50 
----------------------------------------------------------
The event throttle: 0.8823529411764706
The event throttle: 0.8784313725490196
The event throttle: 0.8627450980392157
----------------------------------------------------------
[sterr,brake,accel] Logical time: 11346.88 
[sterr,brake,accel] Physical time: 11347.02 
[sterr,brake,accel] LAG: 0.14 
----------------------------------------------------------
[DRIVER STATE] accel=0.8627450980392157 brake=0.0
----------------------------------------------------------
[DRIVER REACTION 1] Logical time: 11346.88 
[DRIVER REACTION 1] Physical time: 11347.32 
[DRIVER REACTION 1] LAG: 0.45 
----------------------------------------------------------
The event throttle: 0.8588235294117647
The event throttle: 0.8392156862745098
The event throttle: 0.8196078431372549
----------------------------------------------------------
[sterr,brake,accel] Logical time: 11370.85 
[sterr,brake,accel] Physical time: 11370.99 
[sterr,brake,accel] LAG: 0.14 
----------------------------------------------------------
[DRIVER STATE] accel=0.8196078431372549 brake=0.0
----------------------------------------------------------
[DRIVER REACTION 1] Logical time: 11370.85 
[DRIVER REACTION 1] Physical time: 11371.31 
[DRIVER REACTION 1] LAG: 0.45 
----------------------------------------------------------
The event throttle: 0.807843137254902
The event throttle: 0.7843137254901961
The event throttle: 0.7647058823529411
----------------------------------------------------------
[sterr,brake,accel] Logical time: 11394.88 
[sterr,brake,accel] Physical time: 11395.02 
[sterr,brake,accel] LAG: 0.15 
----------------------------------------------------------
[DRIVER STATE] accel=0.7647058823529411 brake=0.0
----------------------------------------------------------
[DRIVER REACTION 1] Logical time: 11394.88 
[DRIVER REACTION 1] Physical time: 11395.35 
[DRIVER REACTION 1] LAG: 0.48 
----------------------------------------------------------
The event throttle: 0.7411764705882353
[DEVICE READER CAM read] Physical time: 11404.14 
[DEVICE READER CAM read] LAG: 4.14 
----------------------------------------------------------
[DEVICE READER CAM TIMER] Logical time: 11400.00 
[DEVICE READER CAM TIMER] Physical time: 11404.39 
[DEVICE READER CAM TIMER] LAG: 4.39 
----------------------------------------------------------
----------------------------------------------------------
[DRIVER] Logical time: 11400.00 
[DRIVER] Physical time: 11404.57 
[DRIVER] LAG: 4.57 
----------------------------------------------------------
The event throttle: 0.7019607843137254
The event throttle: 0.6823529411764706
----------------------------------------------------------
[sterr,brake,accel] Logical time: 11426.91 
[sterr,brake,accel] Physical time: 11427.10 
[sterr,brake,accel] LAG: 0.19 
----------------------------------------------------------
[DRIVER STATE] accel=0.6823529411764706 brake=0.0
----------------------------------------------------------
[DRIVER REACTION 1] Logical time: 11426.91 
[DRIVER REACTION 1] Physical time: 11427.56 
[DRIVER REACTION 1] LAG: 0.65 
----------------------------------------------------------
The event throttle: 0.615686274509804
The event throttle: 0.5686274509803921
The event throttle: 0.5137254901960784
----------------------------------------------------------
[sterr,brake,accel] Logical time: 11450.87 
[sterr,brake,accel] Physical time: 11451.11 
[sterr,brake,accel] LAG: 0.24 
----------------------------------------------------------
[DRIVER STATE] accel=0.5137254901960784 brake=0.0
----------------------------------------------------------
[DRIVER REACTION 1] Logical time: 11450.87 
[DRIVER REACTION 1] Physical time: 11451.72 
[DRIVER REACTION 1] LAG: 0.85 
----------------------------------------------------------
The event throttle: 0.49019607843137253
The event throttle: 0.44313725490196076
The event throttle: 0.4235294117647059
----------------------------------------------------------
[sterr,brake,accel] Logical time: 11474.86 
[sterr,brake,accel] Physical time: 11475.11 
[sterr,brake,accel] LAG: 0.25 
----------------------------------------------------------
[DRIVER STATE] accel=0.4235294117647059 brake=0.0
----------------------------------------------------------
[DRIVER REACTION 1] Logical time: 11474.86 
[DRIVER REACTION 1] Physical time: 11475.72 
[DRIVER REACTION 1] LAG: 0.87 
----------------------------------------------------------
The event throttle: 0.38823529411764707
The event throttle: 0.3568627450980392
The event throttle: 0.3411764705882353
----------------------------------------------------------
[sterr,brake,accel] Logical time: 11498.92 
[sterr,brake,accel] Physical time: 11499.23 
[sterr,brake,accel] LAG: 0.31 
----------------------------------------------------------
[DRIVER STATE] accel=0.3411764705882353 brake=0.0
----------------------------------------------------------
[DRIVER REACTION 1] Logical time: 11498.92 
[DRIVER REACTION 1] Physical time: 11499.85 
[DRIVER REACTION 1] LAG: 0.93 
----------------------------------------------------------
----------------------------------------------------------
[DRIVER] Logical time: 11500.00 
[DRIVER] Physical time: 11500.24 
[DRIVER] LAG: 0.24 
----------------------------------------------------------
The event throttle: 0.3176470588235294
The event throttle: 0.3058823529411765
The event throttle: 0.2901960784313726
----------------------------------------------------------
[sterr,brake,accel] Logical time: 11522.87 
[sterr,brake,accel] Physical time: 11523.14 
[sterr,brake,accel] LAG: 0.27 
----------------------------------------------------------
[DRIVER STATE] accel=0.2901960784313726 brake=0.0
----------------------------------------------------------
[DRIVER REACTION 1] Logical time: 11522.87 
[DRIVER REACTION 1] Physical time: 11523.87 
[DRIVER REACTION 1] LAG: 1.00 
----------------------------------------------------------
The event throttle: 0.28627450980392155
The event throttle: 0.2823529411764706
The event throttle: 0.28627450980392155
----------------------------------------------------------
[sterr,brake,accel] Logical time: 11554.98 
[sterr,brake,accel] Physical time: 11555.28 
[sterr,brake,accel] LAG: 0.30 
----------------------------------------------------------
[DRIVER STATE] accel=0.28627450980392155 brake=0.0
----------------------------------------------------------
[DRIVER REACTION 1] Logical time: 11554.98 
[DRIVER REACTION 1] Physical time: 11555.85 
[DRIVER REACTION 1] LAG: 0.87 
----------------------------------------------------------
The event throttle: 0.2901960784313726
The event throttle: 0.30980392156862746
The event throttle: 0.3215686274509804
----------------------------------------------------------
[sterr,brake,accel] Logical time: 11578.87 
[sterr,brake,accel] Physical time: 11579.12 
[sterr,brake,accel] LAG: 0.25 
----------------------------------------------------------
[DRIVER STATE] accel=0.3215686274509804 brake=0.0
----------------------------------------------------------
[DRIVER REACTION 1] Logical time: 11578.87 
[DRIVER REACTION 1] Physical time: 11579.73 
[DRIVER REACTION 1] LAG: 0.85 
----------------------------------------------------------
The event throttle: 0.35294117647058826
The event throttle: 0.3764705882352941
The event throttle: 0.4196078431372549
[DEVICE READER CAM read] Physical time: 11604.77 
[DEVICE READER CAM read] LAG: 4.77 
----------------------------------------------------------
[DEVICE READER CAM TIMER] Logical time: 11600.00 
[DEVICE READER CAM TIMER] Physical time: 11605.00 
[DEVICE READER CAM TIMER] LAG: 5.00 
----------------------------------------------------------
----------------------------------------------------------
[DRIVER] Logical time: 11600.00 
[DRIVER] Physical time: 11605.61 
[DRIVER] LAG: 5.61 
----------------------------------------------------------
----------------------------------------------------------
[sterr,brake,accel] Logical time: 11603.20 
[sterr,brake,accel] Physical time: 11607.55 
[sterr,brake,accel] LAG: 4.35 
----------------------------------------------------------
[DRIVER STATE] accel=0.4196078431372549 brake=0.0
----------------------------------------------------------
[DRIVER REACTION 1] Logical time: 11603.20 
[DRIVER REACTION 1] Physical time: 11608.28 
[DRIVER REACTION 1] LAG: 5.08 
----------------------------------------------------------
The event throttle: 0.48627450980392156
The event throttle: 0.5137254901960784
The event throttle: 0.5882352941176471
----------------------------------------------------------
[sterr,brake,accel] Logical time: 11626.86 
[sterr,brake,accel] Physical time: 11627.02 
[sterr,brake,accel] LAG: 0.16 
----------------------------------------------------------
[DRIVER STATE] accel=0.5882352941176471 brake=0.0
----------------------------------------------------------
[DRIVER REACTION 1] Logical time: 11626.86 
[DRIVER REACTION 1] Physical time: 11627.38 
[DRIVER REACTION 1] LAG: 0.52 
----------------------------------------------------------
The event throttle: 0.615686274509804
The event throttle: 0.6901960784313725
The event throttle: 0.7607843137254902
----------------------------------------------------------
[sterr,brake,accel] Logical time: 11650.93 
[sterr,brake,accel] Physical time: 11651.22 
[sterr,brake,accel] LAG: 0.29 
----------------------------------------------------------
[DRIVER STATE] accel=0.7607843137254902 brake=0.0
----------------------------------------------------------
[DRIVER REACTION 1] Logical time: 11650.93 
[DRIVER REACTION 1] Physical time: 11651.82 
[DRIVER REACTION 1] LAG: 0.89 
----------------------------------------------------------
The event throttle: 0.8
The event throttle: 0.8627450980392157
The event throttle: 0.8901960784313725
----------------------------------------------------------
[sterr,brake,accel] Logical time: 11674.92 
[sterr,brake,accel] Physical time: 11675.23 
[sterr,brake,accel] LAG: 0.31 
----------------------------------------------------------
[DRIVER STATE] accel=0.8901960784313725 brake=0.0
----------------------------------------------------------
[DRIVER REACTION 1] Logical time: 11674.92 
[DRIVER REACTION 1] Physical time: 11675.84 
[DRIVER REACTION 1] LAG: 0.92 
----------------------------------------------------------
The event throttle: 0.9450980392156862
The event throttle: 0.9882352941176471
The event throttle: 1.0
----------------------------------------------------------
[sterr,brake,accel] Logical time: 11698.92 
[sterr,brake,accel] Physical time: 11699.23 
[sterr,brake,accel] LAG: 0.31 
----------------------------------------------------------
[DRIVER STATE] accel=1.0 brake=0.0
----------------------------------------------------------
[DRIVER REACTION 1] Logical time: 11698.92 
[DRIVER REACTION 1] Physical time: 11699.87 
[DRIVER REACTION 1] LAG: 0.95 
----------------------------------------------------------
----------------------------------------------------------
[DRIVER] Logical time: 11700.00 
[DRIVER] Physical time: 11700.56 
[DRIVER] LAG: 0.56 
----------------------------------------------------------
[DEVICE READER CAM read] Physical time: 11804.81 
[DEVICE READER CAM read] LAG: 4.81 
----------------------------------------------------------
[DEVICE READER CAM TIMER] Logical time: 11800.00 
[DEVICE READER CAM TIMER] Physical time: 11805.05 
[DEVICE READER CAM TIMER] LAG: 5.05 
----------------------------------------------------------
Faces: 0
The event throttle: 0.9686274509803922
The event throttle: 0.9529411764705882
The event throttle: 0.9137254901960784
The event throttle: 0.8862745098039215
The event throttle: 0.8392156862745098
Saved debug (no face)
----------------------------------------------------------
[FACE DETECTOR] Logical time: 11800.00 
[FACE DETECTOR] Physical time: 11885.69 
[FACE DETECTOR] LAG: 85.69 
----------------------------------------------------------
[DRIVER STATE] accel=1.0 brake=0.0
----------------------------------------------------------
[DRIVER REACTION 1] Logical time: 11800.00 
[DRIVER REACTION 1] Physical time: 11885.89 
[DRIVER REACTION 1] LAG: 85.89 
----------------------------------------------------------
----------------------------------------------------------
[DRIVER] Logical time: 11800.00 
[DRIVER] Physical time: 11885.95 
[DRIVER] LAG: 85.95 
----------------------------------------------------------
----------------------------------------------------------
[sterr,brake,accel] Logical time: 11850.95 
[sterr,brake,accel] Physical time: 11886.56 
[sterr,brake,accel] LAG: 35.61 
----------------------------------------------------------
[DRIVER STATE] accel=0.9686274509803922 brake=0.0
----------------------------------------------------------
[DRIVER REACTION 1] Logical time: 11850.95 
[DRIVER REACTION 1] Physical time: 11886.86 
[DRIVER REACTION 1] LAG: 35.91 
----------------------------------------------------------
----------------------------------------------------------
[sterr,brake,accel] Logical time: 11874.89 
[sterr,brake,accel] Physical time: 11887.01 
[sterr,brake,accel] LAG: 12.12 
----------------------------------------------------------
[DRIVER STATE] accel=0.8862745098039215 brake=0.0
----------------------------------------------------------
[DRIVER REACTION 1] Logical time: 11874.89 
[DRIVER REACTION 1] Physical time: 11887.26 
[DRIVER REACTION 1] LAG: 12.37 
----------------------------------------------------------
The event throttle: 0.7843137254901961
The event throttle: 0.7529411764705882
----------------------------------------------------------
[sterr,brake,accel] Logical time: 11898.95 
[sterr,brake,accel] Physical time: 11899.19 
[sterr,brake,accel] LAG: 0.24 
----------------------------------------------------------
[DRIVER STATE] accel=0.7529411764705882 brake=0.0
----------------------------------------------------------
[DRIVER REACTION 1] Logical time: 11898.95 
[DRIVER REACTION 1] Physical time: 11899.65 
[DRIVER REACTION 1] LAG: 0.70 
----------------------------------------------------------
----------------------------------------------------------
[DRIVER] Logical time: 11900.00 
[DRIVER] Physical time: 11900.24 
[DRIVER] LAG: 0.24 
----------------------------------------------------------
The event throttle: 0.7019607843137254
The event throttle: 0.6705882352941176
The event throttle: 0.6196078431372549
----------------------------------------------------------
[sterr,brake,accel] Logical time: 11922.96 
[sterr,brake,accel] Physical time: 11923.22 
[sterr,brake,accel] LAG: 0.26 
----------------------------------------------------------
[DRIVER STATE] accel=0.6196078431372549 brake=0.0
----------------------------------------------------------
[DRIVER REACTION 1] Logical time: 11922.96 
[DRIVER REACTION 1] Physical time: 11923.53 
[DRIVER REACTION 1] LAG: 0.57 
----------------------------------------------------------
The event throttle: 0.5725490196078431
The event throttle: 0.5450980392156862
The event throttle: 0.4980392156862745
----------------------------------------------------------
[sterr,brake,accel] Logical time: 11946.99 
[sterr,brake,accel] Physical time: 11947.19 
[sterr,brake,accel] LAG: 0.20 
----------------------------------------------------------
[DRIVER STATE] accel=0.4980392156862745 brake=0.0
----------------------------------------------------------
[DRIVER REACTION 1] Logical time: 11946.99 
[DRIVER REACTION 1] Physical time: 11947.49 
[DRIVER REACTION 1] LAG: 0.51 
----------------------------------------------------------
The event throttle: 0.47843137254901963
The event throttle: 0.43137254901960786
The event throttle: 0.39215686274509803
----------------------------------------------------------
[sterr,brake,accel] Logical time: 11970.92 
[sterr,brake,accel] Physical time: 11971.07 
[sterr,brake,accel] LAG: 0.15 
----------------------------------------------------------
[DRIVER STATE] accel=0.39215686274509803 brake=0.0
----------------------------------------------------------
[DRIVER REACTION 1] Logical time: 11970.92 
[DRIVER REACTION 1] Physical time: 11971.36 
[DRIVER REACTION 1] LAG: 0.43 
----------------------------------------------------------
The event throttle: 0.3764705882352941
The event throttle: 0.33725490196078434
The event throttle: 0.3215686274509804
----------------------------------------------------------
[sterr,brake,accel] Logical time: 11994.96 
[sterr,brake,accel] Physical time: 11995.12 
[sterr,brake,accel] LAG: 0.15 
----------------------------------------------------------
[DRIVER STATE] accel=0.3215686274509804 brake=0.0
----------------------------------------------------------
[DRIVER REACTION 1] Logical time: 11994.96 
[DRIVER REACTION 1] Physical time: 11995.51 
[DRIVER REACTION 1] LAG: 0.55 
----------------------------------------------------------
The event throttle: 0.2901960784313726
[DEVICE READER CAM read] Physical time: 12004.35 
[DEVICE READER CAM read] LAG: 4.35 
----------------------------------------------------------
[DEVICE READER CAM TIMER] Logical time: 12000.00 
[DEVICE READER CAM TIMER] Physical time: 12004.56 
[DEVICE READER CAM TIMER] LAG: 4.56 
----------------------------------------------------------
----------------------------------------------------------
[DRIVER] Logical time: 12000.00 
[DRIVER] Physical time: 12004.75 
[DRIVER] LAG: 4.75 
----------------------------------------------------------
The event throttle: 0.26666666666666666
The event throttle: 0.25882352941176473
----------------------------------------------------------
[sterr,brake,accel] Logical time: 12018.93 
[sterr,brake,accel] Physical time: 12019.11 
[sterr,brake,accel] LAG: 0.18 
----------------------------------------------------------
[DRIVER STATE] accel=0.25882352941176473 brake=0.0
----------------------------------------------------------
[DRIVER REACTION 1] Logical time: 12018.93 
[DRIVER REACTION 1] Physical time: 12019.58 
[DRIVER REACTION 1] LAG: 0.65 
----------------------------------------------------------
The event throttle: 0.25098039215686274
The event throttle: 0.24705882352941178
The event throttle: 0.25098039215686274
----------------------------------------------------------
[sterr,brake,accel] Logical time: 12067.10 
[sterr,brake,accel] Physical time: 12067.50 
[sterr,brake,accel] LAG: 0.40 
----------------------------------------------------------
[DRIVER STATE] accel=0.25098039215686274 brake=0.0
----------------------------------------------------------
[DRIVER REACTION 1] Logical time: 12067.10 
[DRIVER REACTION 1] Physical time: 12068.13 
[DRIVER REACTION 1] LAG: 1.03 
----------------------------------------------------------
The event throttle: 0.25882352941176473
The event throttle: 0.29411764705882354
The event throttle: 0.32941176470588235
----------------------------------------------------------
[sterr,brake,accel] Logical time: 12091.00 
[sterr,brake,accel] Physical time: 12091.30 
[sterr,brake,accel] LAG: 0.30 
----------------------------------------------------------
[DRIVER STATE] accel=0.32941176470588235 brake=0.0
----------------------------------------------------------
[DRIVER REACTION 1] Logical time: 12091.00 
[DRIVER REACTION 1] Physical time: 12091.90 
[DRIVER REACTION 1] LAG: 0.91 
----------------------------------------------------------
The event throttle: 0.34509803921568627
----------------------------------------------------------
[DRIVER] Logical time: 12100.00 
[DRIVER] Physical time: 12100.43 
[DRIVER] LAG: 0.43 
----------------------------------------------------------
The event throttle: 0.3843137254901961
The event throttle: 0.41568627450980394
----------------------------------------------------------
[sterr,brake,accel] Logical time: 12115.08 
[sterr,brake,accel] Physical time: 12115.32 
[sterr,brake,accel] LAG: 0.24 
----------------------------------------------------------
[DRIVER STATE] accel=0.41568627450980394 brake=0.0
----------------------------------------------------------
[DRIVER REACTION 1] Logical time: 12115.08 
[DRIVER REACTION 1] Physical time: 12115.83 
[DRIVER REACTION 1] LAG: 0.75 
----------------------------------------------------------
The event throttle: 0.4745098039215686
The event throttle: 0.5333333333333333
The event throttle: 0.5686274509803921
----------------------------------------------------------
[sterr,brake,accel] Logical time: 12138.90 
[sterr,brake,accel] Physical time: 12139.06 
[sterr,brake,accel] LAG: 0.16 
----------------------------------------------------------
[DRIVER STATE] accel=0.5686274509803921 brake=0.0
----------------------------------------------------------
[DRIVER REACTION 1] Logical time: 12138.90 
[DRIVER REACTION 1] Physical time: 12139.41 
[DRIVER REACTION 1] LAG: 0.51 
----------------------------------------------------------
The event throttle: 0.6196078431372549
The event throttle: 0.6431372549019608
The event throttle: 0.7058823529411765
----------------------------------------------------------
[sterr,brake,accel] Logical time: 12162.96 
[sterr,brake,accel] Physical time: 12163.25 
[sterr,brake,accel] LAG: 0.29 
----------------------------------------------------------
[DRIVER STATE] accel=0.7058823529411765 brake=0.0
----------------------------------------------------------
[DRIVER REACTION 1] Logical time: 12162.96 
[DRIVER REACTION 1] Physical time: 12163.82 
[DRIVER REACTION 1] LAG: 0.86 
----------------------------------------------------------
The event throttle: 0.7490196078431373
The event throttle: 0.7725490196078432
The event throttle: 0.8196078431372549
----------------------------------------------------------
[sterr,brake,accel] Logical time: 12186.92 
[sterr,brake,accel] Physical time: 12187.21 
[sterr,brake,accel] LAG: 0.29 
----------------------------------------------------------
[DRIVER STATE] accel=0.8196078431372549 brake=0.0
----------------------------------------------------------
[DRIVER REACTION 1] Logical time: 12186.92 
[DRIVER REACTION 1] Physical time: 12187.90 
[DRIVER REACTION 1] LAG: 0.98 
----------------------------------------------------------
The event throttle: 0.8392156862745098
The event throttle: 0.8784313725490196
[DEVICE READER CAM read] Physical time: 12204.09 
[DEVICE READER CAM read] LAG: 4.09 
----------------------------------------------------------
[DEVICE READER CAM TIMER] Logical time: 12200.00 
[DEVICE READER CAM TIMER] Physical time: 12204.34 
[DEVICE READER CAM TIMER] LAG: 4.34 
----------------------------------------------------------
----------------------------------------------------------
[DRIVER] Logical time: 12200.00 
[DRIVER] Physical time: 12204.97 
[DRIVER] LAG: 4.97 
----------------------------------------------------------
The event throttle: 0.9098039215686274
----------------------------------------------------------
[sterr,brake,accel] Logical time: 12211.00 
[sterr,brake,accel] Physical time: 12211.18 
[sterr,brake,accel] LAG: 0.18 
----------------------------------------------------------
[DRIVER STATE] accel=0.9098039215686274 brake=0.0
----------------------------------------------------------
[DRIVER REACTION 1] Logical time: 12211.00 
[DRIVER REACTION 1] Physical time: 12211.58 
[DRIVER REACTION 1] LAG: 0.59 
----------------------------------------------------------
The event throttle: 0.9333333333333333
The event throttle: 0.9529411764705882
The event throttle: 0.9607843137254902
----------------------------------------------------------
[sterr,brake,accel] Logical time: 12235.01 
[sterr,brake,accel] Physical time: 12235.35 
[sterr,brake,accel] LAG: 0.34 
----------------------------------------------------------
[DRIVER STATE] accel=0.9607843137254902 brake=0.0
----------------------------------------------------------
[DRIVER REACTION 1] Logical time: 12235.01 
[DRIVER REACTION 1] Physical time: 12235.97 
[DRIVER REACTION 1] LAG: 0.96 
----------------------------------------------------------
The event throttle: 0.9921568627450981
The event throttle: 1.0
----------------------------------------------------------
[DRIVER] Logical time: 12300.00 
[DRIVER] Physical time: 12300.48 
[DRIVER] LAG: 0.48 
----------------------------------------------------------
The event throttle: 0.9725490196078431
[DEVICE READER CAM read] Physical time: 12404.51 
[DEVICE READER CAM read] LAG: 4.51 
----------------------------------------------------------
[DEVICE READER CAM TIMER] Logical time: 12400.00 
[DEVICE READER CAM TIMER] Physical time: 12404.74 
[DEVICE READER CAM TIMER] LAG: 4.74 
----------------------------------------------------------
----------------------------------------------------------
[DRIVER] Logical time: 12400.00 
[DRIVER] Physical time: 12405.39 
[DRIVER] LAG: 5.39 
----------------------------------------------------------
----------------------------------------------------------
[sterr,brake,accel] Logical time: 12403.39 
[sterr,brake,accel] Physical time: 12406.74 
[sterr,brake,accel] LAG: 3.35 
----------------------------------------------------------
[DRIVER STATE] accel=0.9725490196078431 brake=0.0
----------------------------------------------------------
[DRIVER REACTION 1] Logical time: 12403.39 
[DRIVER REACTION 1] Physical time: 12407.05 
[DRIVER REACTION 1] LAG: 3.65 
----------------------------------------------------------
The event throttle: 0.9490196078431372
The event throttle: 0.9215686274509803
The event throttle: 0.8627450980392157
----------------------------------------------------------
[sterr,brake,accel] Logical time: 12427.02 
[sterr,brake,accel] Physical time: 12427.22 
[sterr,brake,accel] LAG: 0.20 
----------------------------------------------------------
[DRIVER STATE] accel=0.8627450980392157 brake=0.0
----------------------------------------------------------
[DRIVER REACTION 1] Logical time: 12427.02 
[DRIVER REACTION 1] Physical time: 12427.57 
[DRIVER REACTION 1] LAG: 0.55 
----------------------------------------------------------
The event throttle: 0.8352941176470589
The event throttle: 0.7686274509803922
The event throttle: 0.7176470588235294
----------------------------------------------------------
[sterr,brake,accel] Logical time: 12451.02 
[sterr,brake,accel] Physical time: 12451.21 
[sterr,brake,accel] LAG: 0.19 
----------------------------------------------------------
[DRIVER STATE] accel=0.7176470588235294 brake=0.0
----------------------------------------------------------
[DRIVER REACTION 1] Logical time: 12451.02 
[DRIVER REACTION 1] Physical time: 12451.51 
[DRIVER REACTION 1] LAG: 0.49 
----------------------------------------------------------
The event throttle: 0.6901960784313725
The event throttle: 0.6431372549019608
The event throttle: 0.6235294117647059
----------------------------------------------------------
[sterr,brake,accel] Logical time: 12475.01 
[sterr,brake,accel] Physical time: 12475.18 
[sterr,brake,accel] LAG: 0.17 
----------------------------------------------------------
[DRIVER STATE] accel=0.6235294117647059 brake=0.0
----------------------------------------------------------
[DRIVER REACTION 1] Logical time: 12475.01 
[DRIVER REACTION 1] Physical time: 12475.49 
[DRIVER REACTION 1] LAG: 0.48 
----------------------------------------------------------
The event throttle: 0.5803921568627451
The event throttle: 0.5411764705882353
The event throttle: 0.5294117647058824
----------------------------------------------------------
[sterr,brake,accel] Logical time: 12499.00 
[sterr,brake,accel] Physical time: 12499.14 
[sterr,brake,accel] LAG: 0.14 
----------------------------------------------------------
[DRIVER STATE] accel=0.5294117647058824 brake=0.0
----------------------------------------------------------
[DRIVER REACTION 1] Logical time: 12499.00 
[DRIVER REACTION 1] Physical time: 12499.45 
[DRIVER REACTION 1] LAG: 0.44 
----------------------------------------------------------
----------------------------------------------------------
[DRIVER] Logical time: 12500.00 
[DRIVER] Physical time: 12500.24 
[DRIVER] LAG: 0.24 
----------------------------------------------------------
The event throttle: 0.5019607843137255
The event throttle: 0.49019607843137253
The event throttle: 0.4745098039215686
----------------------------------------------------------
[sterr,brake,accel] Logical time: 12522.98 
[sterr,brake,accel] Physical time: 12523.27 
[sterr,brake,accel] LAG: 0.29 
----------------------------------------------------------
[DRIVER STATE] accel=0.4745098039215686 brake=0.0
----------------------------------------------------------
[DRIVER REACTION 1] Logical time: 12522.98 
[DRIVER REACTION 1] Physical time: 12523.99 
[DRIVER REACTION 1] LAG: 1.00 
----------------------------------------------------------
The event throttle: 0.4588235294117647
The event throttle: 0.4549019607843137
The event throttle: 0.44313725490196076
----------------------------------------------------------
[sterr,brake,accel] Logical time: 12547.00 
[sterr,brake,accel] Physical time: 12547.27 
[sterr,brake,accel] LAG: 0.27 
----------------------------------------------------------
[DRIVER STATE] accel=0.44313725490196076 brake=0.0
----------------------------------------------------------
[DRIVER REACTION 1] Logical time: 12547.00 
[DRIVER REACTION 1] Physical time: 12548.07 
[DRIVER REACTION 1] LAG: 1.07 
----------------------------------------------------------
The event throttle: 0.4392156862745098
The event throttle: 0.43529411764705883
----------------------------------------------------------
[sterr,brake,accel] Logical time: 12571.04 
[sterr,brake,accel] Physical time: 12571.34 
[sterr,brake,accel] LAG: 0.30 
----------------------------------------------------------
[DRIVER STATE] accel=0.43529411764705883 brake=0.0
----------------------------------------------------------
[DRIVER REACTION 1] Logical time: 12571.04 
[DRIVER REACTION 1] Physical time: 12571.90 
[DRIVER REACTION 1] LAG: 0.86 
----------------------------------------------------------
The event throttle: 0.4392156862745098
The event throttle: 0.43529411764705883
The event throttle: 0.44313725490196076
[DEVICE READER CAM read] Physical time: 12604.82 
[DEVICE READER CAM read] LAG: 4.82 
----------------------------------------------------------
[DEVICE READER CAM TIMER] Logical time: 12600.00 
[DEVICE READER CAM TIMER] Physical time: 12605.05 
[DEVICE READER CAM TIMER] LAG: 5.05 
----------------------------------------------------------
----------------------------------------------------------
[DRIVER] Logical time: 12600.00 
[DRIVER] Physical time: 12605.67 
[DRIVER] LAG: 5.67 
----------------------------------------------------------
----------------------------------------------------------
[sterr,brake,accel] Logical time: 12603.37 
[sterr,brake,accel] Physical time: 12607.06 
[sterr,brake,accel] LAG: 3.69 
----------------------------------------------------------
[DRIVER STATE] accel=0.44313725490196076 brake=0.0
----------------------------------------------------------
[DRIVER REACTION 1] Logical time: 12603.37 
[DRIVER REACTION 1] Physical time: 12607.43 
[DRIVER REACTION 1] LAG: 4.06 
----------------------------------------------------------
The event throttle: 0.4588235294117647
The event throttle: 0.47058823529411764
The event throttle: 0.49411764705882355
----------------------------------------------------------
[sterr,brake,accel] Logical time: 12627.02 
[sterr,brake,accel] Physical time: 12627.19 
[sterr,brake,accel] LAG: 0.17 
----------------------------------------------------------
[DRIVER STATE] accel=0.49411764705882355 brake=0.0
----------------------------------------------------------
[DRIVER REACTION 1] Logical time: 12627.02 
[DRIVER REACTION 1] Physical time: 12627.45 
[DRIVER REACTION 1] LAG: 0.43 
----------------------------------------------------------
The event throttle: 0.5098039215686274
The event throttle: 0.5372549019607843
The event throttle: 0.5843137254901961
----------------------------------------------------------
[sterr,brake,accel] Logical time: 12651.07 
[sterr,brake,accel] Physical time: 12651.26 
[sterr,brake,accel] LAG: 0.19 
----------------------------------------------------------
[DRIVER STATE] accel=0.5843137254901961 brake=0.0
----------------------------------------------------------
[DRIVER REACTION 1] Logical time: 12651.07 
[DRIVER REACTION 1] Physical time: 12651.55 
[DRIVER REACTION 1] LAG: 0.48 
----------------------------------------------------------
The event throttle: 0.6039215686274509
The event throttle: 0.6392156862745098
The event throttle: 0.6666666666666666
----------------------------------------------------------
[sterr,brake,accel] Logical time: 12675.06 
[sterr,brake,accel] Physical time: 12675.27 
[sterr,brake,accel] LAG: 0.21 
----------------------------------------------------------
[DRIVER STATE] accel=0.6666666666666666 brake=0.0
----------------------------------------------------------
[DRIVER REACTION 1] Logical time: 12675.06 
[DRIVER REACTION 1] Physical time: 12675.64 
[DRIVER REACTION 1] LAG: 0.58 
----------------------------------------------------------
The event throttle: 0.7137254901960784
The event throttle: 0.7607843137254902
The event throttle: 0.788235294117647
----------------------------------------------------------
[sterr,brake,accel] Logical time: 12699.05 
[sterr,brake,accel] Physical time: 12699.24 
[sterr,brake,accel] LAG: 0.19 
----------------------------------------------------------
[DRIVER STATE] accel=0.788235294117647 brake=0.0
----------------------------------------------------------
[DRIVER REACTION 1] Logical time: 12699.05 
[DRIVER REACTION 1] Physical time: 12699.60 
[DRIVER REACTION 1] LAG: 0.55 
----------------------------------------------------------
----------------------------------------------------------
[DRIVER] Logical time: 12700.00 
[DRIVER] Physical time: 12700.22 
[DRIVER] LAG: 0.22 
----------------------------------------------------------
The event throttle: 0.8274509803921568
The event throttle: 0.8509803921568627
The event throttle: 0.8901960784313725
----------------------------------------------------------
[sterr,brake,accel] Logical time: 12723.03 
[sterr,brake,accel] Physical time: 12723.29 
[sterr,brake,accel] LAG: 0.26 
----------------------------------------------------------
[DRIVER STATE] accel=0.8901960784313725 brake=0.0
----------------------------------------------------------
[DRIVER REACTION 1] Logical time: 12723.03 
[DRIVER REACTION 1] Physical time: 12723.92 
[DRIVER REACTION 1] LAG: 0.89 
----------------------------------------------------------
The event throttle: 0.9333333333333333
The event throttle: 0.9490196078431372
The event throttle: 0.9764705882352941
----------------------------------------------------------
[sterr,brake,accel] Logical time: 12747.03 
[sterr,brake,accel] Physical time: 12747.31 
[sterr,brake,accel] LAG: 0.28 
----------------------------------------------------------
[DRIVER STATE] accel=0.9764705882352941 brake=0.0
----------------------------------------------------------
[DRIVER REACTION 1] Logical time: 12747.03 
[DRIVER REACTION 1] Physical time: 12747.92 
[DRIVER REACTION 1] LAG: 0.89 
----------------------------------------------------------
The event throttle: 0.996078431372549
The event throttle: 1.0
[DEVICE READER CAM read] Physical time: 12804.86 
[DEVICE READER CAM read] LAG: 4.86 
----------------------------------------------------------
[DEVICE READER CAM TIMER] Logical time: 12800.00 
[DEVICE READER CAM TIMER] Physical time: 12805.10 
[DEVICE READER CAM TIMER] LAG: 5.10 
----------------------------------------------------------
Faces: 0
Saved debug (no face)
----------------------------------------------------------
[FACE DETECTOR] Logical time: 12800.00 
[FACE DETECTOR] Physical time: 12877.44 
[FACE DETECTOR] LAG: 77.44 
----------------------------------------------------------
[DRIVER STATE] accel=0.9764705882352941 brake=0.0
----------------------------------------------------------
[DRIVER REACTION 1] Logical time: 12800.00 
[DRIVER REACTION 1] Physical time: 12877.84 
[DRIVER REACTION 1] LAG: 77.84 
----------------------------------------------------------
----------------------------------------------------------
[DRIVER] Logical time: 12800.00 
[DRIVER] Physical time: 12878.00 
[DRIVER] LAG: 78.00 
----------------------------------------------------------
----------------------------------------------------------
[DRIVER] Logical time: 12900.00 
[DRIVER] Physical time: 12900.39 
[DRIVER] LAG: 0.39 
----------------------------------------------------------
The event throttle: 0.9686274509803922
----------------------------------------------------------
[sterr,brake,accel] Logical time: 12907.30 
[sterr,brake,accel] Physical time: 12907.56 
[sterr,brake,accel] LAG: 0.26 
----------------------------------------------------------
[DRIVER STATE] accel=0.9686274509803922 brake=0.0
----------------------------------------------------------
[DRIVER REACTION 1] Logical time: 12907.30 
[DRIVER REACTION 1] Physical time: 12908.22 
[DRIVER REACTION 1] LAG: 0.92 
----------------------------------------------------------
The event throttle: 0.9490196078431372
The event throttle: 0.8980392156862745
The event throttle: 0.8235294117647058
----------------------------------------------------------
[sterr,brake,accel] Logical time: 12931.05 
[sterr,brake,accel] Physical time: 12931.33 
[sterr,brake,accel] LAG: 0.28 
----------------------------------------------------------
[DRIVER STATE] accel=0.8235294117647058 brake=0.0
----------------------------------------------------------
[DRIVER REACTION 1] Logical time: 12931.05 
[DRIVER REACTION 1] Physical time: 12931.97 
[DRIVER REACTION 1] LAG: 0.92 
----------------------------------------------------------
The event throttle: 0.792156862745098
The event throttle: 0.7294117647058823
The event throttle: 0.6901960784313725
----------------------------------------------------------
[sterr,brake,accel] Logical time: 12955.08 
[sterr,brake,accel] Physical time: 12955.36 
[sterr,brake,accel] LAG: 0.28 
----------------------------------------------------------
[DRIVER STATE] accel=0.6901960784313725 brake=0.0
----------------------------------------------------------
[DRIVER REACTION 1] Logical time: 12955.08 
[DRIVER REACTION 1] Physical time: 12955.92 
[DRIVER REACTION 1] LAG: 0.84 
----------------------------------------------------------
The event throttle: 0.6274509803921569
The event throttle: 0.5607843137254902
The event throttle: 0.5294117647058824
----------------------------------------------------------
[sterr,brake,accel] Logical time: 12979.13 
[sterr,brake,accel] Physical time: 12979.41 
[sterr,brake,accel] LAG: 0.28 
----------------------------------------------------------
[DRIVER STATE] accel=0.5294117647058824 brake=0.0
----------------------------------------------------------
[DRIVER REACTION 1] Logical time: 12979.13 
[DRIVER REACTION 1] Physical time: 12979.95 
[DRIVER REACTION 1] LAG: 0.82 
----------------------------------------------------------
The event throttle: 0.4588235294117647
The event throttle: 0.42745098039215684
The event throttle: 0.37254901960784315
[DEVICE READER CAM read] Physical time: 13003.94 
[DEVICE READER CAM read] LAG: 3.94 
----------------------------------------------------------
[DEVICE READER CAM TIMER] Logical time: 13000.00 
[DEVICE READER CAM TIMER] Physical time: 13004.12 
[DEVICE READER CAM TIMER] LAG: 4.12 
----------------------------------------------------------
----------------------------------------------------------
[DRIVER] Logical time: 13000.00 
[DRIVER] Physical time: 13004.73 
[DRIVER] LAG: 4.73 
----------------------------------------------------------
----------------------------------------------------------
[sterr,brake,accel] Logical time: 13003.42 
[sterr,brake,accel] Physical time: 13006.12 
[sterr,brake,accel] LAG: 2.69 
----------------------------------------------------------
[DRIVER STATE] accel=0.37254901960784315 brake=0.0
----------------------------------------------------------
[DRIVER REACTION 1] Logical time: 13003.42 
[DRIVER REACTION 1] Physical time: 13006.82 
[DRIVER REACTION 1] LAG: 3.39 
----------------------------------------------------------
The event throttle: 0.3254901960784314
The event throttle: 0.2980392156862745
The event throttle: 0.25098039215686274
----------------------------------------------------------
[sterr,brake,accel] Logical time: 13027.06 
[sterr,brake,accel] Physical time: 13027.29 
[sterr,brake,accel] LAG: 0.23 
----------------------------------------------------------
[DRIVER STATE] accel=0.25098039215686274 brake=0.0
----------------------------------------------------------
[DRIVER REACTION 1] Logical time: 13027.06 
[DRIVER REACTION 1] Physical time: 13027.74 
[DRIVER REACTION 1] LAG: 0.68 
----------------------------------------------------------
The event throttle: 0.22745098039215686
The event throttle: 0.19607843137254902
The event throttle: 0.16862745098039217
----------------------------------------------------------
[sterr,brake,accel] Logical time: 13051.11 
[sterr,brake,accel] Physical time: 13051.40 
[sterr,brake,accel] LAG: 0.29 
----------------------------------------------------------
[DRIVER STATE] accel=0.16862745098039217 brake=0.0
----------------------------------------------------------
[DRIVER REACTION 1] Logical time: 13051.11 
[DRIVER REACTION 1] Physical time: 13052.00 
[DRIVER REACTION 1] LAG: 0.90 
----------------------------------------------------------
The event throttle: 0.1568627450980392
The event throttle: 0.13333333333333333
The event throttle: 0.12941176470588237
----------------------------------------------------------
[sterr,brake,accel] Logical time: 13075.18 
[sterr,brake,accel] Physical time: 13075.48 
[sterr,brake,accel] LAG: 0.30 
----------------------------------------------------------
[DRIVER STATE] accel=0.12941176470588237 brake=0.0
----------------------------------------------------------
[DRIVER REACTION 1] Logical time: 13075.18 
[DRIVER REACTION 1] Physical time: 13076.15 
[DRIVER REACTION 1] LAG: 0.97 
----------------------------------------------------------
The event throttle: 0.12549019607843137
----------------------------------------------------------
[DRIVER] Logical time: 13100.00 
[DRIVER] Physical time: 13100.38 
[DRIVER] LAG: 0.38 
----------------------------------------------------------
The event throttle: 0.13333333333333333
----------------------------------------------------------
[sterr,brake,accel] Logical time: 13107.30 
[sterr,brake,accel] Physical time: 13107.58 
[sterr,brake,accel] LAG: 0.28 
----------------------------------------------------------
[DRIVER STATE] accel=0.13333333333333333 brake=0.0
----------------------------------------------------------
[DRIVER REACTION 1] Logical time: 13107.30 
[DRIVER REACTION 1] Physical time: 13108.29 
[DRIVER REACTION 1] LAG: 0.99 
----------------------------------------------------------
The event throttle: 0.13725490196078433
The event throttle: 0.16470588235294117
The event throttle: 0.2
----------------------------------------------------------
[sterr,brake,accel] Logical time: 13131.06 
[sterr,brake,accel] Physical time: 13131.32 
[sterr,brake,accel] LAG: 0.26 
----------------------------------------------------------
[DRIVER STATE] accel=0.2 brake=0.0
----------------------------------------------------------
[DRIVER REACTION 1] Logical time: 13131.06 
[DRIVER REACTION 1] Physical time: 13131.94 
[DRIVER REACTION 1] LAG: 0.88 
----------------------------------------------------------
The event throttle: 0.2196078431372549
The event throttle: 0.25882352941176473
The event throttle: 0.28627450980392155
----------------------------------------------------------
[sterr,brake,accel] Logical time: 13155.22 
[sterr,brake,accel] Physical time: 13155.51 
[sterr,brake,accel] LAG: 0.28 
----------------------------------------------------------
[DRIVER STATE] accel=0.28627450980392155 brake=0.0
----------------------------------------------------------
[DRIVER REACTION 1] Logical time: 13155.22 
[DRIVER REACTION 1] Physical time: 13156.24 
[DRIVER REACTION 1] LAG: 1.01 
----------------------------------------------------------
The event throttle: 0.3411764705882353
The event throttle: 0.396078431372549
The event throttle: 0.42745098039215684
----------------------------------------------------------
[sterr,brake,accel] Logical time: 13179.09 
[sterr,brake,accel] Physical time: 13179.38 
[sterr,brake,accel] LAG: 0.28 
----------------------------------------------------------
[DRIVER STATE] accel=0.42745098039215684 brake=0.0
----------------------------------------------------------
[DRIVER REACTION 1] Logical time: 13179.09 
[DRIVER REACTION 1] Physical time: 13179.92 
[DRIVER REACTION 1] LAG: 0.83 
----------------------------------------------------------
The event throttle: 0.49019607843137253
The event throttle: 0.5215686274509804
The event throttle: 0.5843137254901961
[DEVICE READER CAM read] Physical time: 13204.53 
[DEVICE READER CAM read] LAG: 4.53 
----------------------------------------------------------
[DEVICE READER CAM TIMER] Logical time: 13200.00 
[DEVICE READER CAM TIMER] Physical time: 13204.76 
[DEVICE READER CAM TIMER] LAG: 4.76 
----------------------------------------------------------
----------------------------------------------------------
[DRIVER] Logical time: 13200.00 
[DRIVER] Physical time: 13205.37 
[DRIVER] LAG: 5.37 
----------------------------------------------------------
----------------------------------------------------------
[sterr,brake,accel] Logical time: 13203.42 
[sterr,brake,accel] Physical time: 13206.77 
[sterr,brake,accel] LAG: 3.35 
----------------------------------------------------------
[DRIVER STATE] accel=0.5843137254901961 brake=0.0
----------------------------------------------------------
[DRIVER REACTION 1] Logical time: 13203.42 
[DRIVER REACTION 1] Physical time: 13207.43 
[DRIVER REACTION 1] LAG: 4.01 
----------------------------------------------------------
The event throttle: 0.6274509803921569
The event throttle: 0.6509803921568628
The event throttle: 0.7058823529411765
----------------------------------------------------------
[sterr,brake,accel] Logical time: 13227.06 
[sterr,brake,accel] Physical time: 13227.26 
[sterr,brake,accel] LAG: 0.20 
----------------------------------------------------------
[DRIVER STATE] accel=0.7058823529411765 brake=0.0
----------------------------------------------------------
[DRIVER REACTION 1] Logical time: 13227.06 
[DRIVER REACTION 1] Physical time: 13227.64 
[DRIVER REACTION 1] LAG: 0.58 
----------------------------------------------------------
The event throttle: 0.7294117647058823
The event throttle: 0.7686274509803922
The event throttle: 0.8156862745098039
----------------------------------------------------------
[sterr,brake,accel] Logical time: 13251.09 
[sterr,brake,accel] Physical time: 13251.35 
[sterr,brake,accel] LAG: 0.27 
----------------------------------------------------------
[DRIVER STATE] accel=0.8156862745098039 brake=0.0
----------------------------------------------------------
[DRIVER REACTION 1] Logical time: 13251.09 
[DRIVER REACTION 1] Physical time: 13251.93 
[DRIVER REACTION 1] LAG: 0.84 
----------------------------------------------------------
The event throttle: 0.8352941176470589
The event throttle: 0.8745098039215686
The event throttle: 0.8941176470588236
----------------------------------------------------------
[sterr,brake,accel] Logical time: 13275.19 
[sterr,brake,accel] Physical time: 13275.49 
[sterr,brake,accel] LAG: 0.29 
----------------------------------------------------------
[DRIVER STATE] accel=0.8941176470588236 brake=0.0
----------------------------------------------------------
[DRIVER REACTION 1] Logical time: 13275.19 
[DRIVER REACTION 1] Physical time: 13276.13 
[DRIVER REACTION 1] LAG: 0.94 
----------------------------------------------------------
The event throttle: 0.9333333333333333
The event throttle: 0.9568627450980393
The event throttle: 0.9725490196078431
----------------------------------------------------------
[sterr,brake,accel] Logical time: 13299.26 
[sterr,brake,accel] Physical time: 13299.54 
[sterr,brake,accel] LAG: 0.28 
----------------------------------------------------------
[DRIVER STATE] accel=0.9725490196078431 brake=0.0
----------------------------------------------------------
[DRIVER REACTION 1] Logical time: 13299.26 
[DRIVER REACTION 1] Physical time: 13300.22 
[DRIVER REACTION 1] LAG: 0.96 
----------------------------------------------------------
----------------------------------------------------------
[DRIVER] Logical time: 13300.00 
[DRIVER] Physical time: 13301.01 
[DRIVER] LAG: 1.01 
----------------------------------------------------------
The event throttle: 1.0
[DEVICE READER CAM read] Physical time: 13407.43 
[DEVICE READER CAM read] LAG: 7.43 
----------------------------------------------------------
[DEVICE READER CAM TIMER] Logical time: 13400.00 
[DEVICE READER CAM TIMER] Physical time: 13407.66 
[DEVICE READER CAM TIMER] LAG: 7.66 
----------------------------------------------------------
----------------------------------------------------------
[DRIVER] Logical time: 13400.00 
[DRIVER] Physical time: 13407.85 
[DRIVER] LAG: 7.85 
----------------------------------------------------------
The event throttle: 0.9725490196078431
----------------------------------------------------------
[sterr,brake,accel] Logical time: 13451.37 
[sterr,brake,accel] Physical time: 13451.71 
[sterr,brake,accel] LAG: 0.34 
----------------------------------------------------------
[DRIVER STATE] accel=0.9725490196078431 brake=0.0
----------------------------------------------------------
[DRIVER REACTION 1] Logical time: 13451.37 
[DRIVER REACTION 1] Physical time: 13452.58 
[DRIVER REACTION 1] LAG: 1.21 
----------------------------------------------------------
The event throttle: 0.9568627450980393
The event throttle: 0.9294117647058824
----------------------------------------------------------
[sterr,brake,accel] Logical time: 13475.28 
[sterr,brake,accel] Physical time: 13475.53 
[sterr,brake,accel] LAG: 0.25 
----------------------------------------------------------
[DRIVER STATE] accel=0.9294117647058824 brake=0.0
----------------------------------------------------------
[DRIVER REACTION 1] Logical time: 13475.28 
[DRIVER REACTION 1] Physical time: 13476.09 
[DRIVER REACTION 1] LAG: 0.81 
----------------------------------------------------------
The event throttle: 0.8235294117647058
The event throttle: 0.7529411764705882
The event throttle: 0.7294117647058823
----------------------------------------------------------
[sterr,brake,accel] Logical time: 13499.13 
[sterr,brake,accel] Physical time: 13499.37 
[sterr,brake,accel] LAG: 0.24 
----------------------------------------------------------
[DRIVER STATE] accel=0.7294117647058823 brake=0.0
----------------------------------------------------------
[DRIVER REACTION 1] Logical time: 13499.13 
[DRIVER REACTION 1] Physical time: 13499.96 
[DRIVER REACTION 1] LAG: 0.83 
----------------------------------------------------------
----------------------------------------------------------
[DRIVER] Logical time: 13500.00 
[DRIVER] Physical time: 13500.37 
[DRIVER] LAG: 0.37 
----------------------------------------------------------
The event throttle: 0.6549019607843137
The event throttle: 0.6274509803921569
The event throttle: 0.5686274509803921
----------------------------------------------------------
[sterr,brake,accel] Logical time: 13523.11 
[sterr,brake,accel] Physical time: 13523.36 
[sterr,brake,accel] LAG: 0.25 
----------------------------------------------------------
[DRIVER STATE] accel=0.5686274509803921 brake=0.0
----------------------------------------------------------
[DRIVER REACTION 1] Logical time: 13523.11 
[DRIVER REACTION 1] Physical time: 13523.98 
[DRIVER REACTION 1] LAG: 0.87 
----------------------------------------------------------
The event throttle: 0.5098039215686274
The event throttle: 0.47843137254901963
The event throttle: 0.4235294117647059
----------------------------------------------------------
[sterr,brake,accel] Logical time: 13547.14 
[sterr,brake,accel] Physical time: 13547.43 
[sterr,brake,accel] LAG: 0.29 
----------------------------------------------------------
[DRIVER STATE] accel=0.4235294117647059 brake=0.0
----------------------------------------------------------
[DRIVER REACTION 1] Logical time: 13547.14 
[DRIVER REACTION 1] Physical time: 13548.03 
[DRIVER REACTION 1] LAG: 0.89 
----------------------------------------------------------
The event throttle: 0.4
The event throttle: 0.35294117647058826
The event throttle: 0.30980392156862746
----------------------------------------------------------
[sterr,brake,accel] Logical time: 13571.13 
[sterr,brake,accel] Physical time: 13571.38 
[sterr,brake,accel] LAG: 0.25 
----------------------------------------------------------
[DRIVER STATE] accel=0.30980392156862746 brake=0.0
----------------------------------------------------------
[DRIVER REACTION 1] Logical time: 13571.13 
[DRIVER REACTION 1] Physical time: 13571.93 
[DRIVER REACTION 1] LAG: 0.80 
----------------------------------------------------------
The event throttle: 0.28627450980392155
The event throttle: 0.25098039215686274
The event throttle: 0.22745098039215686
----------------------------------------------------------
[sterr,brake,accel] Logical time: 13595.15 
[sterr,brake,accel] Physical time: 13595.49 
[sterr,brake,accel] LAG: 0.34 
----------------------------------------------------------
[DRIVER STATE] accel=0.22745098039215686 brake=0.0
----------------------------------------------------------
[DRIVER REACTION 1] Logical time: 13595.15 
[DRIVER REACTION 1] Physical time: 13596.24 
[DRIVER REACTION 1] LAG: 1.10 
----------------------------------------------------------
The event throttle: 0.2
[DEVICE READER CAM read] Physical time: 13605.11 
[DEVICE READER CAM read] LAG: 5.11 
----------------------------------------------------------
[DEVICE READER CAM TIMER] Logical time: 13600.00 
[DEVICE READER CAM TIMER] Physical time: 13605.46 
[DEVICE READER CAM TIMER] LAG: 5.46 
----------------------------------------------------------
----------------------------------------------------------
[DRIVER] Logical time: 13600.00 
[DRIVER] Physical time: 13606.09 
[DRIVER] LAG: 6.09 
----------------------------------------------------------
The event throttle: 0.17254901960784313
The event throttle: 0.16470588235294117
----------------------------------------------------------
[sterr,brake,accel] Logical time: 13619.14 
[sterr,brake,accel] Physical time: 13619.29 
[sterr,brake,accel] LAG: 0.16 
----------------------------------------------------------
[DRIVER STATE] accel=0.16470588235294117 brake=0.0
----------------------------------------------------------
[DRIVER REACTION 1] Logical time: 13619.14 
[DRIVER REACTION 1] Physical time: 13619.51 
[DRIVER REACTION 1] LAG: 0.37 
----------------------------------------------------------
The event throttle: 0.1450980392156863
The event throttle: 0.1411764705882353
The event throttle: 0.13333333333333333
----------------------------------------------------------
[sterr,brake,accel] Logical time: 13643.21 
[sterr,brake,accel] Physical time: 13643.42 
[sterr,brake,accel] LAG: 0.21 
----------------------------------------------------------
[DRIVER STATE] accel=0.13333333333333333 brake=0.0
----------------------------------------------------------
[DRIVER REACTION 1] Logical time: 13643.21 
[DRIVER REACTION 1] Physical time: 13643.71 
[DRIVER REACTION 1] LAG: 0.50 
----------------------------------------------------------
The event throttle: 0.12941176470588237
The event throttle: 0.13333333333333333
----------------------------------------------------------
[sterr,brake,accel] Logical time: 13667.22 
[sterr,brake,accel] Physical time: 13667.36 
[sterr,brake,accel] LAG: 0.14 
----------------------------------------------------------
[DRIVER STATE] accel=0.13333333333333333 brake=0.0
----------------------------------------------------------
[DRIVER REACTION 1] Logical time: 13667.22 
[DRIVER REACTION 1] Physical time: 13667.62 
[DRIVER REACTION 1] LAG: 0.40 
----------------------------------------------------------
The event throttle: 0.12941176470588237
The event throttle: 0.13333333333333333
The event throttle: 0.1411764705882353
----------------------------------------------------------
[sterr,brake,accel] Logical time: 13691.23 
[sterr,brake,accel] Physical time: 13691.37 
[sterr,brake,accel] LAG: 0.14 
----------------------------------------------------------
[DRIVER STATE] accel=0.1411764705882353 brake=0.0
----------------------------------------------------------
[DRIVER REACTION 1] Logical time: 13691.23 
[DRIVER REACTION 1] Physical time: 13691.64 
[DRIVER REACTION 1] LAG: 0.40 
----------------------------------------------------------
The event throttle: 0.1568627450980392
----------------------------------------------------------
[DRIVER] Logical time: 13700.00 
[DRIVER] Physical time: 13700.24 
[DRIVER] LAG: 0.24 
----------------------------------------------------------
The event throttle: 0.17254901960784313
The event throttle: 0.1843137254901961
----------------------------------------------------------
[sterr,brake,accel] Logical time: 13715.22 
[sterr,brake,accel] Physical time: 13715.45 
[sterr,brake,accel] LAG: 0.23 
----------------------------------------------------------
[DRIVER STATE] accel=0.1843137254901961 brake=0.0
----------------------------------------------------------
[DRIVER REACTION 1] Logical time: 13715.22 
[DRIVER REACTION 1] Physical time: 13715.98 
[DRIVER REACTION 1] LAG: 0.76 
----------------------------------------------------------
The event throttle: 0.2196078431372549
The event throttle: 0.2549019607843137
The event throttle: 0.2823529411764706
----------------------------------------------------------
[sterr,brake,accel] Logical time: 13739.31 
[sterr,brake,accel] Physical time: 13739.58 
[sterr,brake,accel] LAG: 0.27 
----------------------------------------------------------
[DRIVER STATE] accel=0.2823529411764706 brake=0.0
----------------------------------------------------------
[DRIVER REACTION 1] Logical time: 13739.31 
[DRIVER REACTION 1] Physical time: 13740.27 
[DRIVER REACTION 1] LAG: 0.96 
----------------------------------------------------------
The event throttle: 0.33725490196078434
The event throttle: 0.3686274509803922
The event throttle: 0.4235294117647059
----------------------------------------------------------
[sterr,brake,accel] Logical time: 13763.14 
[sterr,brake,accel] Physical time: 13763.38 
[sterr,brake,accel] LAG: 0.24 
----------------------------------------------------------
[DRIVER STATE] accel=0.4235294117647059 brake=0.0
----------------------------------------------------------
[DRIVER REACTION 1] Logical time: 13763.14 
[DRIVER REACTION 1] Physical time: 13763.91 
[DRIVER REACTION 1] LAG: 0.77 
----------------------------------------------------------
The event throttle: 0.49019607843137253
The event throttle: 0.5254901960784314
The event throttle: 0.6
----------------------------------------------------------
[sterr,brake,accel] Logical time: 13787.27 
[sterr,brake,accel] Physical time: 13787.50 
[sterr,brake,accel] LAG: 0.23 
----------------------------------------------------------
[DRIVER STATE] accel=0.6 brake=0.0
----------------------------------------------------------
[DRIVER REACTION 1] Logical time: 13787.27 
[DRIVER REACTION 1] Physical time: 13788.04 
[DRIVER REACTION 1] LAG: 0.76 
----------------------------------------------------------
The event throttle: 0.6313725490196078
The event throttle: 0.7098039215686275
[DEVICE READER CAM read] Physical time: 13803.85 
[DEVICE READER CAM read] LAG: 3.85 
----------------------------------------------------------
[DEVICE READER CAM TIMER] Logical time: 13800.00 
[DEVICE READER CAM TIMER] Physical time: 13804.02 
[DEVICE READER CAM TIMER] LAG: 4.02 
----------------------------------------------------------
The event throttle: 0.7803921568627451
The event throttle: 0.8117647058823529
The event throttle: 0.8784313725490196
Faces: 0
The event throttle: 0.9098039215686274
The event throttle: 0.9568627450980393
The event throttle: 1.0
Saved debug (no face)
----------------------------------------------------------
[FACE DETECTOR] Logical time: 13800.00 
[FACE DETECTOR] Physical time: 13870.60 
[FACE DETECTOR] LAG: 70.60 
----------------------------------------------------------
[DRIVER STATE] accel=0.6 brake=0.0
----------------------------------------------------------
[DRIVER REACTION 1] Logical time: 13800.00 
[DRIVER REACTION 1] Physical time: 13870.93 
[DRIVER REACTION 1] LAG: 70.93 
----------------------------------------------------------
----------------------------------------------------------
[DRIVER] Logical time: 13800.00 
[DRIVER] Physical time: 13871.10 
[DRIVER] LAG: 71.10 
----------------------------------------------------------
----------------------------------------------------------
[sterr,brake,accel] Logical time: 13811.41 
[sterr,brake,accel] Physical time: 13871.90 
[sterr,brake,accel] LAG: 60.50 
----------------------------------------------------------
[DRIVER STATE] accel=0.7803921568627451 brake=0.0
----------------------------------------------------------
[DRIVER REACTION 1] Logical time: 13811.41 
[DRIVER REACTION 1] Physical time: 13872.23 
[DRIVER REACTION 1] LAG: 60.82 
----------------------------------------------------------
----------------------------------------------------------
[sterr,brake,accel] Logical time: 13835.21 
[sterr,brake,accel] Physical time: 13872.39 
[sterr,brake,accel] LAG: 37.18 
----------------------------------------------------------
[DRIVER STATE] accel=0.9098039215686274 brake=0.0
----------------------------------------------------------
[DRIVER REACTION 1] Logical time: 13835.21 
[DRIVER REACTION 1] Physical time: 13872.72 
[DRIVER REACTION 1] LAG: 37.52 
----------------------------------------------------------
----------------------------------------------------------
[DRIVER] Logical time: 13900.00 
[DRIVER] Physical time: 13900.36 
[DRIVER] LAG: 0.36 
----------------------------------------------------------
[DEVICE READER CAM read] Physical time: 14005.34 
[DEVICE READER CAM read] LAG: 5.34 
----------------------------------------------------------
[DEVICE READER CAM TIMER] Logical time: 14000.00 
[DEVICE READER CAM TIMER] Physical time: 14005.59 
[DEVICE READER CAM TIMER] LAG: 5.59 
----------------------------------------------------------
----------------------------------------------------------
[DRIVER] Logical time: 14000.00 
[DRIVER] Physical time: 14006.33 
[DRIVER] LAG: 6.33 
----------------------------------------------------------
The event throttle: 0.9686274509803922
----------------------------------------------------------
[sterr,brake,accel] Logical time: 14043.39 
[sterr,brake,accel] Physical time: 14043.65 
[sterr,brake,accel] LAG: 0.26 
----------------------------------------------------------
[DRIVER STATE] accel=0.9686274509803922 brake=0.0
----------------------------------------------------------
[DRIVER REACTION 1] Logical time: 14043.39 
[DRIVER REACTION 1] Physical time: 14044.31 
[DRIVER REACTION 1] LAG: 0.93 
----------------------------------------------------------
The event throttle: 0.9294117647058824
The event throttle: 0.8941176470588236
The event throttle: 0.8196078431372549
----------------------------------------------------------
[sterr,brake,accel] Logical time: 14067.36 
[sterr,brake,accel] Physical time: 14067.64 
[sterr,brake,accel] LAG: 0.29 
----------------------------------------------------------
[DRIVER STATE] accel=0.8196078431372549 brake=0.0
----------------------------------------------------------
[DRIVER REACTION 1] Logical time: 14067.36 
[DRIVER REACTION 1] Physical time: 14068.37 
[DRIVER REACTION 1] LAG: 1.01 
----------------------------------------------------------
The event throttle: 0.7803921568627451
The event throttle: 0.7019607843137254
The event throttle: 0.615686274509804
----------------------------------------------------------
[sterr,brake,accel] Logical time: 14091.25 
[sterr,brake,accel] Physical time: 14091.50 
[sterr,brake,accel] LAG: 0.25 
----------------------------------------------------------
[DRIVER STATE] accel=0.615686274509804 brake=0.0
----------------------------------------------------------
[DRIVER REACTION 1] Logical time: 14091.25 
[DRIVER REACTION 1] Physical time: 14092.10 
[DRIVER REACTION 1] LAG: 0.85 
----------------------------------------------------------
The event throttle: 0.5764705882352941
----------------------------------------------------------
[DRIVER] Logical time: 14100.00 
[DRIVER] Physical time: 14100.36 
[DRIVER] LAG: 0.36 
----------------------------------------------------------
The event throttle: 0.49019607843137253
The event throttle: 0.44313725490196076
----------------------------------------------------------
[sterr,brake,accel] Logical time: 14115.27 
[sterr,brake,accel] Physical time: 14115.51 
[sterr,brake,accel] LAG: 0.23 
----------------------------------------------------------
[DRIVER STATE] accel=0.44313725490196076 brake=0.0
----------------------------------------------------------
[DRIVER REACTION 1] Logical time: 14115.27 
[DRIVER REACTION 1] Physical time: 14116.01 
[DRIVER REACTION 1] LAG: 0.74 
----------------------------------------------------------
The event throttle: 0.37254901960784315
The event throttle: 0.2980392156862745
The event throttle: 0.25882352941176473
----------------------------------------------------------
[sterr,brake,accel] Logical time: 14139.30 
[sterr,brake,accel] Physical time: 14139.60 
[sterr,brake,accel] LAG: 0.29 
----------------------------------------------------------
[DRIVER STATE] accel=0.25882352941176473 brake=0.0
----------------------------------------------------------
[DRIVER REACTION 1] Logical time: 14139.30 
[DRIVER REACTION 1] Physical time: 14140.31 
[DRIVER REACTION 1] LAG: 1.00 
----------------------------------------------------------
The event throttle: 0.2
The event throttle: 0.16862745098039217
The event throttle: 0.11764705882352941
----------------------------------------------------------
[sterr,brake,accel] Logical time: 14163.30 
[sterr,brake,accel] Physical time: 14163.57 
[sterr,brake,accel] LAG: 0.27 
----------------------------------------------------------
[DRIVER STATE] accel=0.11764705882352941 brake=0.0
----------------------------------------------------------
[DRIVER REACTION 1] Logical time: 14163.30 
[DRIVER REACTION 1] Physical time: 14164.26 
[DRIVER REACTION 1] LAG: 0.96 
----------------------------------------------------------
The event throttle: 0.07450980392156863
The event throttle: 0.054901960784313725
The event throttle: 0.027450980392156862
----------------------------------------------------------
[sterr,brake,accel] Logical time: 14187.23 
[sterr,brake,accel] Physical time: 14187.48 
[sterr,brake,accel] LAG: 0.24 
----------------------------------------------------------
[DRIVER STATE] accel=0.027450980392156862 brake=0.0
----------------------------------------------------------
[DRIVER REACTION 1] Logical time: 14187.23 
[DRIVER REACTION 1] Physical time: 14188.02 
[DRIVER REACTION 1] LAG: 0.78 
----------------------------------------------------------
The event throttle: 0.0196078431372549
The event throttle: 0.0
[DEVICE READER CAM read] Physical time: 14206.21 
[DEVICE READER CAM read] LAG: 6.21 
----------------------------------------------------------
[DEVICE READER CAM TIMER] Logical time: 14200.00 
[DEVICE READER CAM TIMER] Physical time: 14206.41 
[DEVICE READER CAM TIMER] LAG: 6.41 
----------------------------------------------------------
----------------------------------------------------------
[DRIVER] Logical time: 14200.00 
[DRIVER] Physical time: 14206.89 
[DRIVER] LAG: 6.89 
----------------------------------------------------------
The event throttle: 0.027450980392156862
----------------------------------------------------------
[sterr,brake,accel] Logical time: 14267.45 
[sterr,brake,accel] Physical time: 14267.73 
[sterr,brake,accel] LAG: 0.28 
----------------------------------------------------------
[DRIVER STATE] accel=0.027450980392156862 brake=0.0
----------------------------------------------------------
[DRIVER REACTION 1] Logical time: 14267.45 
[DRIVER REACTION 1] Physical time: 14268.48 
[DRIVER REACTION 1] LAG: 1.03 
----------------------------------------------------------
The event throttle: 0.03529411764705882
The event throttle: 0.058823529411764705
The event throttle: 0.08627450980392157
----------------------------------------------------------
[sterr,brake,accel] Logical time: 14291.27 
[sterr,brake,accel] Physical time: 14291.52 
[sterr,brake,accel] LAG: 0.25 
----------------------------------------------------------
[DRIVER STATE] accel=0.08627450980392157 brake=0.0
----------------------------------------------------------
[DRIVER REACTION 1] Logical time: 14291.27 
[DRIVER REACTION 1] Physical time: 14292.11 
[DRIVER REACTION 1] LAG: 0.85 
----------------------------------------------------------
The event throttle: 0.10980392156862745
----------------------------------------------------------
[DRIVER] Logical time: 14300.00 
[DRIVER] Physical time: 14300.36 
[DRIVER] LAG: 0.36 
----------------------------------------------------------
The event throttle: 0.1450980392156863
The event throttle: 0.17254901960784313
----------------------------------------------------------
[sterr,brake,accel] Logical time: 14315.28 
[sterr,brake,accel] Physical time: 14315.42 
[sterr,brake,accel] LAG: 0.14 
----------------------------------------------------------
[DRIVER STATE] accel=0.17254901960784313 brake=0.0
----------------------------------------------------------
[DRIVER REACTION 1] Logical time: 14315.28 
[DRIVER REACTION 1] Physical time: 14315.73 
[DRIVER REACTION 1] LAG: 0.45 
----------------------------------------------------------
The event throttle: 0.22745098039215686
The event throttle: 0.28627450980392155
The event throttle: 0.3176470588235294
----------------------------------------------------------
[sterr,brake,accel] Logical time: 14339.48 
[sterr,brake,accel] Physical time: 14339.65 
[sterr,brake,accel] LAG: 0.18 
----------------------------------------------------------
[DRIVER STATE] accel=0.3176470588235294 brake=0.0
----------------------------------------------------------
[DRIVER REACTION 1] Logical time: 14339.48 
[DRIVER REACTION 1] Physical time: 14339.96 
[DRIVER REACTION 1] LAG: 0.49 
----------------------------------------------------------
The event throttle: 0.3843137254901961
The event throttle: 0.4196078431372549
The event throttle: 0.49019607843137253
----------------------------------------------------------
[sterr,brake,accel] Logical time: 14363.34 
[sterr,brake,accel] Physical time: 14363.51 
[sterr,brake,accel] LAG: 0.16 
----------------------------------------------------------
[DRIVER STATE] accel=0.49019607843137253 brake=0.0
----------------------------------------------------------
[DRIVER REACTION 1] Logical time: 14363.34 
[DRIVER REACTION 1] Physical time: 14363.81 
[DRIVER REACTION 1] LAG: 0.46 
----------------------------------------------------------
The event throttle: 0.5686274509803921
The event throttle: 0.6
The event throttle: 0.6666666666666666
----------------------------------------------------------
[sterr,brake,accel] Logical time: 14387.29 
[sterr,brake,accel] Physical time: 14387.44 
[sterr,brake,accel] LAG: 0.15 
----------------------------------------------------------
[DRIVER STATE] accel=0.6666666666666666 brake=0.0
----------------------------------------------------------
[DRIVER REACTION 1] Logical time: 14387.29 
[DRIVER REACTION 1] Physical time: 14387.77 
[DRIVER REACTION 1] LAG: 0.49 
----------------------------------------------------------
The event throttle: 0.7058823529411765
The event throttle: 0.7686274509803922
[DEVICE READER CAM read] Physical time: 14404.42 
[DEVICE READER CAM read] LAG: 4.42 
----------------------------------------------------------
[DEVICE READER CAM TIMER] Logical time: 14400.00 
[DEVICE READER CAM TIMER] Physical time: 14404.62 
[DEVICE READER CAM TIMER] LAG: 4.62 
----------------------------------------------------------
----------------------------------------------------------
[DRIVER] Logical time: 14400.00 
[DRIVER] Physical time: 14404.97 
[DRIVER] LAG: 4.97 
----------------------------------------------------------
The event throttle: 0.8392156862745098
----------------------------------------------------------
[sterr,brake,accel] Logical time: 14411.40 
[sterr,brake,accel] Physical time: 14411.64 
[sterr,brake,accel] LAG: 0.24 
----------------------------------------------------------
[DRIVER STATE] accel=0.8392156862745098 brake=0.0
----------------------------------------------------------
[DRIVER REACTION 1] Logical time: 14411.40 
[DRIVER REACTION 1] Physical time: 14412.27 
[DRIVER REACTION 1] LAG: 0.88 
----------------------------------------------------------
The event throttle: 0.8666666666666667
The event throttle: 0.9215686274509803
The event throttle: 0.9490196078431372
----------------------------------------------------------
[sterr,brake,accel] Logical time: 14435.26 
[sterr,brake,accel] Physical time: 14435.52 
[sterr,brake,accel] LAG: 0.26 
----------------------------------------------------------
[DRIVER STATE] accel=0.9490196078431372 brake=0.0
----------------------------------------------------------
[DRIVER REACTION 1] Logical time: 14435.26 
[DRIVER REACTION 1] Physical time: 14436.10 
[DRIVER REACTION 1] LAG: 0.84 
----------------------------------------------------------
The event throttle: 0.984313725490196
The event throttle: 1.0
----------------------------------------------------------
[DRIVER] Logical time: 14500.00 
[DRIVER] Physical time: 14500.53 
[DRIVER] LAG: 0.53 
----------------------------------------------------------
[DEVICE READER CAM read] Physical time: 14604.46 
[DEVICE READER CAM read] LAG: 4.46 
----------------------------------------------------------
[DEVICE READER CAM TIMER] Logical time: 14600.00 
[DEVICE READER CAM TIMER] Physical time: 14604.72 
[DEVICE READER CAM TIMER] LAG: 4.72 
----------------------------------------------------------
----------------------------------------------------------
[DRIVER] Logical time: 14600.00 
[DRIVER] Physical time: 14605.58 
[DRIVER] LAG: 5.58 
----------------------------------------------------------
The event throttle: 0.9921568627450981
----------------------------------------------------------
[sterr,brake,accel] Logical time: 14651.48 
[sterr,brake,accel] Physical time: 14651.66 
[sterr,brake,accel] LAG: 0.18 
----------------------------------------------------------
[DRIVER STATE] accel=0.9921568627450981 brake=0.0
----------------------------------------------------------
[DRIVER REACTION 1] Logical time: 14651.48 
[DRIVER REACTION 1] Physical time: 14651.97 
[DRIVER REACTION 1] LAG: 0.49 
----------------------------------------------------------
The event throttle: 0.984313725490196
The event throttle: 0.9764705882352941
----------------------------------------------------------
[sterr,brake,accel] Logical time: 14675.40 
[sterr,brake,accel] Physical time: 14675.55 
[sterr,brake,accel] LAG: 0.15 
----------------------------------------------------------
[DRIVER STATE] accel=0.9764705882352941 brake=0.0
----------------------------------------------------------
[DRIVER REACTION 1] Logical time: 14675.40 
[DRIVER REACTION 1] Physical time: 14675.82 
[DRIVER REACTION 1] LAG: 0.42 
----------------------------------------------------------
The event throttle: 0.9725490196078431
The event throttle: 0.9686274509803922
----------------------------------------------------------
[DRIVER] Logical time: 14700.00 
[DRIVER] Physical time: 14700.26 
[DRIVER] LAG: 0.26 
----------------------------------------------------------
The event throttle: 0.9607843137254902
----------------------------------------------------------
[sterr,brake,accel] Logical time: 14707.45 
[sterr,brake,accel] Physical time: 14707.70 
[sterr,brake,accel] LAG: 0.25 
----------------------------------------------------------
[DRIVER STATE] accel=0.9607843137254902 brake=0.0
----------------------------------------------------------
[DRIVER REACTION 1] Logical time: 14707.45 
[DRIVER REACTION 1] Physical time: 14708.39 
[DRIVER REACTION 1] LAG: 0.94 
---- System clock resolution: 1 nsec
---- Start execution on Mon Apr 20 17:22:29 2026 ---- plus 555496410 nanoseconds
Fed 0 (d_main): Connected to 10.218.100.78:15045.
Fed 0 (d_main): Starting timestamp is: 1776730951702781411.
